ORG_CODE,YEAR_MONTH,1_Mild,2_Moderate,3_Potent,4_Very_Potent,TOTAL_ITEMS,1_Mild_RATIO,2_Moderate_RATIO,3_Potent_RATIO,4_Very_Potent_RATIO,STRONG_ITEMS,STRONG_RATIO,IMD_SCORE,LIST_SIZE,RATE_PER_1000,LOG_ITEMS,LOG_RATE,DATE,MONTH,YEAR,TIME_IDX
QE1,202101,11877,5304,11011,2206,30398,0.39071649450621754,0.17448516349759852,0.36222777814329893,0.07257056385288506,13217,0.43479834199618395,25.998271527420062,1659825,18.31397888331601,10.322132095756407,2.9076646416498213,2021-01-01,1,2021,1
QE1,202102,11909,5240,10842,2039,30030,0.39657009657009656,0.1744921744921745,0.36103896103896105,0.06789876789876789,12881,0.4289377289377289,25.998271527420062,1659825,18.09226876327324,10.309952160977376,2.895484706870791,2021-02-01,2,2021,2
QE1,202103,13013,5744,12083,2317,33157,0.3924661459118738,0.17323642066531955,0.36441777000331754,0.06987966341948909,14400,0.43429743342280663,25.998271527420062,1659825,19.97620231048454,10.409009134710212,2.9945416806036276,2021-03-01,3,2021,3
QE1,202104,12830,5921,11643,2228,32622,0.3932928698424376,0.18150327999509533,0.356906382196064,0.06829746796640304,13871,0.42520385016246703,25.998271527420062,1659825,19.653879174009308,10.392742186373976,2.97827473226739,2021-04-01,4,2021,4
QE1,202105,10919,4958,10482,2027,28386,0.3846614528288593,0.1746635665468893,0.3692665398435849,0.07140844078066652,12509,0.44067498062425137,25.998271527420062,1659825,17.10180290090823,10.253651344859204,2.8391838907526177,2021-05-01,5,2021,5
QE1,202106,11851,5494,11190,2315,30850,0.3841491085899514,0.1780875202593193,0.3627228525121556,0.07504051863857375,13505,0.43776337115072933,25.998271527420062,1659825,18.58629674815116,10.336892029333534,2.9224245752269487,2021-06-01,6,2021,6
QE1,202107,11248,5320,10922,2181,29671,0.3790906946176401,0.17929965285969465,0.36810353543864377,0.07350611708402144,13103,0.4416096525226652,25.998271527420062,1659825,17.87598090160107,10.297925416795092,2.8834579626885057,2021-07-01,7,2021,7
QE1,202108,10285,4676,9838,1914,26713,0.3850185303035975,0.17504585782203422,0.36828510463070413,0.07165050724366413,11752,0.4399356118743683,25.998271527420062,1659825,16.093865317126806,10.192905617280958,2.778438163174373,2021-08-01,8,2021,8
QE1,202109,11524,5027,10844,2367,29762,0.387205160943485,0.1689066594986896,0.364357234056851,0.07953094550097439,13211,0.4438881795578254,25.998271527420062,1659825,17.930805958459477,10.300987690989995,2.88652023688341,2021-09-01,9,2021,9
QE1,202110,11057,4820,10270,2096,28243,0.3914952377580285,0.17066175689551394,0.36362992599936267,0.07421307934709485,12366,0.43784300534645754,25.998271527420062,1659825,17.015649240130735,10.248600918259545,2.83413346415296,2021-10-01,10,2021,10
QE1,202111,11648,5346,10786,2233,30013,0.3880984906540499,0.17812281344750608,0.3593776030386832,0.07440109285976076,13019,0.43377869589844403,25.998271527420062,1659825,18.082026719684304,10.309385900115851,2.894918446009266,2021-11-01,11,2021,11
QE1,202112,11052,5291,10888,2170,29401,0.37590558144280806,0.1799598653107037,0.37032753987959594,0.07380701336689229,13058,0.4441345532464882,25.998271527420062,1659825,17.713313150482733,10.288783966353765,2.8743165122471805,2021-12-01,12,2021,12
QE1,202201,11712,5542,10828,2247,30329,0.3861650565465396,0.18272940090342576,0.35701803554353917,0.07408750700649544,13075,0.43110554255003464,25.998271527420062,1659825,18.27240823580799,10.319859629482966,2.9053921753763814,2022-01-01,1,2022,13
QE1,202202,11512,5379,10475,2110,29476,0.3905550278192428,0.182487447414846,0.355373863482155,0.07158366128375628,12585,0.42695752476591126,25.998271527420062,1659825,17.75849863690449,10.29133165188689,2.8768641977803044,2022-02-01,2,2022,14
QE1,202203,13357,6443,11981,2410,34191,0.3906583603872364,0.18844140270831505,0.35041385159837385,0.07048638530607469,14391,0.42090023690444855,25.998271527420062,1659825,20.599159549952553,10.439717730523846,3.0252502764172595,2022-03-01,3,2022,15
QE1,202204,11298,5566,10604,2161,29629,0.3813156029565628,0.18785649195045395,0.35789260521786087,0.07293529987512234,12765,0.43082790509298324,25.998271527420062,1659825,17.85067702920489,10.29650889041995,2.8820414363133655,2022-04-01,4,2022,16
QE1,202205,11745,5965,11113,2305,31128,0.3773130300693909,0.19162811616551015,0.35700976612695967,0.07404908763813929,13418,0.43105885376509895,25.998271527420062,1659825,18.75378428448782,10.34586301466439,2.931395560557804,2022-05-01,5,2022,17
QE1,202206,11538,5609,10763,2211,30121,0.383055011453803,0.18621559709173002,0.3573254540021912,0.07340393745227582,12974,0.430729391454467,25.998271527420062,1659825,18.14709382013164,10.312977881893913,2.8985104277873277,2022-06-01,6,2022,18
QE1,202207,11604,5591,10851,2321,30367,0.38212533342114796,0.18411433463957586,0.35732867915829686,0.07643165278097935,13172,0.4337603319392762,25.998271527420062,1659825,18.29530221559502,10.321111771468102,2.9066443173615166,2022-07-01,7,2022,19
QE1,202208,11443,5493,10954,2398,30288,0.3778063919704173,0.18135895404120445,0.36166138404648707,0.07917326994189118,13352,0.44083465398837823,25.998271527420062,1659825,18.247706836564095,10.318506873449104,2.9040394193425185,2022-08-01,8,2022,20
QE1,202209,11049,4836,10511,2281,28677,0.3852913484674129,0.16863688670363008,0.3665306691773895,0.07954109565156746,12792,0.446071764828957,25.998271527420062,1659825,17.277122588224664,10.263850686731873,2.849383232625287,2022-09-01,9,2022,21
QE1,202210,10688,5330,10330,2192,28540,0.37449194113524875,0.1867554309740715,0.36194814295725297,0.07680448493342677,12522,0.43875262789067976,25.998271527420062,1659825,17.19458376636091,10.259061891030827,2.844594436924242,2022-10-01,10,2022,22
QE1,202211,11967,5834,11280,2377,31458,0.38041197787526226,0.1854536207006167,0.35857333587640666,0.07556106554771441,13657,0.4341344014241211,25.998271527420062,1659825,18.952600424743572,10.356408601800588,2.9419411476940023,2022-11-01,11,2022,23
QE1,202212,11212,5439,10445,2211,29307,0.3825707168935749,0.1855870611116798,0.3563994950011943,0.07544272699355103,12656,0.43184222199474526,25.998271527420062,1659825,17.656680674167458,10.285581674321053,2.871114220214467,2022-12-01,12,2022,24
QE1,202301,12404,5849,11055,2458,31766,0.3904803878360511,0.1841276836869609,0.3480135994459485,0.07737832903103947,13513,0.425391928476988,25.998271527420062,1659825,19.13816215564894,10.366151814395101,2.9516843602885148,2023-01-01,1,2023,25
QE1,202302,11546,5714,10353,2252,29865,0.3866063954461745,0.19132764105139796,0.34665996986438974,0.07540599363803784,12605,0.4220659635024276,25.998271527420062,1659825,17.992860693145364,10.304442505166406,2.889975051059821,2023-02-01,2,2023,26
QE1,202303,13634,6284,12128,2534,34580,0.3942741469057259,0.18172353961827645,0.35072296124927704,0.07327935222672065,14662,0.4240023134759977,25.998271527420062,1659825,20.833521606193422,10.451030759237282,3.036563305130696,2023-03-01,3,2023,27
QE1,202304,11589,5032,10534,2360,29515,0.39264780620023715,0.17048958156869387,0.3569032695239709,0.07995934270709809,12894,0.4368626122310689,25.998271527420062,1659825,17.781995089843807,10.29265388767479,2.8781864335682044,2023-04-01,4,2023,28
QE1,202305,12674,5281,11638,2527,32120,0.39458281444582816,0.16441469489414695,0.36232876712328765,0.07867372353673724,14165,0.4410024906600249,25.998271527420062,1659825,19.351437651559653,10.377234168060697,2.9627667139541125,2023-05-01,5,2023,29
QE1,202306,13208,5549,12094,2604,33455,0.3947989837094605,0.16586459423105665,0.3615005230907189,0.07783589896876401,14698,0.43933642205948287,25.998271527420062,1659825,20.155739309867002,10.417956531216918,3.003489077110332,2023-06-01,6,2023,30
QE1,202307,12048,5108,10933,2421,30510,0.3948869223205506,0.16742051786299575,0.35834152736807606,0.07935103244837759,13354,0.4376925598164536,25.998271527420062,1659825,18.38145587637251,10.325809777710715,2.91134232360413,2023-07-01,7,2023,31
QE1,202308,12404,5814,11104,2375,31697,0.39133040981796385,0.18342429882954223,0.3503170647064391,0.07492822664605484,13479,0.42524529135249395,25.998271527420062,1659825,19.096591508140918,10.363977318163013,2.9495098640564272,2023-08-01,8,2023,32
QE1,202309,12116,5609,10726,2471,30922,0.39182459090615096,0.18139188926977556,0.3468727766638639,0.07991074316020956,13197,0.4267835198240735,25.998271527420062,1659825,18.62967481511605,10.33922318366254,2.9247557295559545,2023-09-01,9,2023,33
QE1,202310,12002,5726,10543,2515,30786,0.38985253037094786,0.18599363346975897,0.3424608588319366,0.08169297732735659,13058,0.4241538361592932,25.998271527420062,1659825,18.54773846640459,10.33481532017002,2.9203478660634343,2023-10-01,10,2023,34
QE1,202311,12372,5990,10840,2441,31643,0.390986948140189,0.18929937110893405,0.3425718168315267,0.07714186391935025,13281,0.41971368075087695,25.998271527420062,1659825,19.06405795791725,10.36227223407451,2.9478047799679237,2023-11-01,11,2023,35
QE1,202312,10853,5644,10393,2353,29243,0.3711315528502548,0.19300345381800774,0.35540129261703657,0.08046370071470095,12746,0.4358649933317375,25.998271527420062,1659825,17.618122392420887,10.283395507779986,2.8689280536734003,2023-12-01,12,2023,36
QE1,202401,13193,6477,11247,2528,33445,0.39446853042308266,0.19366123486320824,0.3362834504410226,0.0755867842726865,13775,0.4118702347137091,25.998271527420062,1659825,20.1497145783441,10.417657577552509,3.003190123445923,2024-01-01,1,2024,37
QE1,202402,12298,6234,10540,2418,31490,0.39053667831057476,0.1979676087646872,0.33470943156557637,0.07678628135916164,12958,0.411495712924738,25.998271527420062,1659825,18.971879565616856,10.357425314095071,2.942957859988485,2024-02-01,2,2024,38
QE1,202403,12386,6082,11035,2428,31931,0.38789890701825813,0.19047320785443614,0.34558892612195047,0.0760389590053553,13463,0.42162788512730576,25.998271527420062,1659825,19.237570225776814,10.371332603727652,2.956865149621067,2024-03-01,3,2024,39
QE1,202404,13212,6540,11431,2521,33704,0.3920009494422027,0.1940422501780204,0.3391585568478519,0.07479824353192499,13952,0.4139568003797769,25.998271527420062,1659825,20.30575512478725,10.425371803658852,3.010904349552267,2024-04-01,4,2024,40
QE1,202405,12940,6643,11440,2579,33602,0.385096125230641,0.19769656568061425,0.3404559252425451,0.07675138384619963,14019,0.4172073090887447,25.998271527420062,1659825,20.244302863253655,10.422340867989348,3.0078734138827623,2024-05-01,5,2024,41
QE1,202406,11856,5905,10608,2456,30825,0.3846228710462287,0.1915652879156529,0.3441362530413625,0.07967558799675588,13064,0.4238118410381184,25.998271527420062,1659825,18.571234919343905,10.336081328032545,2.9216138739259594,2024-06-01,6,2024,42
QE1,202407,11955,6289,11063,2546,31853,0.3753178664490001,0.19743823187768814,0.3473142247198066,0.07992967695350517,13609,0.4272439016733118,25.998271527420062,1659825,19.190577319898182,10.36888684808733,2.954419393980744,2024-07-01,7,2024,43
QE1,202408,11345,6276,10984,2408,31013,0.36581433592364493,0.20236674942765936,0.35417405604101504,0.07764485860768065,13392,0.4318189146486957,25.998271527420062,1659825,18.684499871974456,10.342161750401328,2.927694296294742,2024-08-01,8,2024,44
QE1,202409,10815,6063,11001,2464,30343,0.35642487558909797,0.19981544343011567,0.3625547902316844,0.08120489074910194,13465,0.44375968098078633,25.998271527420062,1659825,18.280842859940055,10.320321127381453,2.9058536732748674,2024-09-01,9,2024,45
QE1,202410,11548,6693,11647,2570,32458,0.35578285784706387,0.20620494177090393,0.35883295335510507,0.07917924702692711,14217,0.43801220038203215,25.998271527420062,1659825,19.55507357703372,10.387702224875827,2.973234770769242,2024-10-01,10,2024,46
QE1,202411,11041,6525,11104,2482,31152,0.3544234720082178,0.2094568567026194,0.35644581407293274,0.0796738572162301,13586,0.4361196712891628,25.998271527420062,1659825,18.768243640142785,10.34663372761198,2.9321662735053957,2024-11-01,11,2024,47
QE1,202412,10627,6077,10874,2432,30010,0.3541152949016994,0.20249916694435188,0.3623458847050983,0.08103965344885038,13306,0.4433855381539487,25.998271527420062,1659825,18.080219300227434,10.309285938434412,2.8948184843278275,2024-12-01,12,2024,48
QE1,202501,12046,7134,11713,2636,33529,0.359271078767634,0.21277103403024247,0.3493393778520087,0.07861850935011483,14349,0.4279578872021235,25.998271527420062,1659825,20.200322323136476,10.420166014977355,3.0056985608707687,2025-01-01,1,2025,49
QE1,202502,10694,6358,10535,2394,29981,0.35669257196224274,0.21206764284046561,0.35138921316833993,0.07985057202895167,12929,0.4312397851972916,25.998271527420062,1659825,18.06274757881102,10.308319126670684,2.893851672564099,2025-02-01,2,2025,50
QE1,202503,11315,7000,11083,2513,31911,0.3545799254175676,0.21936009526495565,0.34730970511735765,0.07875027420011908,13596,0.42605997931747674,25.998271527420062,1659825,19.22552076273101,10.370706056919774,2.956238602813189,2025-03-01,3,2025,51
QE1,202504,10629,6732,10962,2468,30791,0.3451982722224026,0.21863531551427365,0.3560131207170927,0.08015329154623105,13430,0.4361664122633237,25.998271527420062,1659825,18.55075083216604,10.334977718468442,2.920510264361857,2025-04-01,4,2025,52
QE1,202505,11148,7046,11302,2621,32117,0.34710589407478903,0.21938537223277393,0.35190086247158825,0.08160787122084877,13923,0.43350873369243703,25.998271527420062,1659825,19.349630232102783,10.377140763947736,2.96267330984115,2025-05-01,5,2025,53
QE1,202506,10489,6459,10623,2493,30064,0.34888903672166044,0.2148416711016498,0.35334619478445983,0.08292309739222992,13116,0.43626929217668975,25.998271527420062,1659825,18.112752850451102,10.311083721653247,2.896616267546661,2025-06-01,6,2025,54
QE1,202507,11416,7074,11352,2642,32484,0.35143455239502525,0.21776874769117105,0.3494643516808275,0.08133234823297623,13994,0.4307966999138037,25.998271527420062,1659825,19.570737878993267,10.3885029394023,2.9740354852957163,2025-07-01,7,2025,55
QE1,202508,10002,6262,10084,2418,28766,0.347702148369603,0.21768754779948551,0.3505527358687339,0.08405756796217757,12502,0.4346103038309115,25.998271527420062,1659825,17.330742698778486,10.266949413163834,2.852481959057249,2025-08-01,8,2025,56
QE1,202509,10698,6642,10621,2558,30519,0.35053573183918213,0.21763491595399587,0.3480127133916577,0.08381663881516432,13179,0.431829352206822,25.998271527420062,1659825,18.38687813474312,10.326104719461858,2.9116372653552727,2025-09-01,9,2025,57
QE1,202510,10831,6792,11033,2557,31213,0.3470028513760292,0.21760164034216511,0.35347451382436806,0.08192099445743761,13590,0.4353955082818057,25.998271527420062,1659825,18.804994502432486,10.34858995368279,2.9341224995762047,2025-10-01,10,2025,58
QE1,202511,10444,6430,10280,2461,29615,0.35265912544318756,0.2171197028532838,0.34712139118689855,0.08309978051663008,12741,0.43022117170352864,25.998271527420062,1659825,17.842242405072824,10.296036268711065,2.88156881460448,2025-11-01,11,2025,59
QE1,202512,10509,6780,10774,2505,30568,0.34379089243653493,0.2218005757655064,0.3524600889819419,0.08194844281601675,13279,0.43440853179795863,25.998271527420062,1659825,18.41639931920534,10.327708989126736,2.9132415350201506,2025-12-01,12,2025,60
QF7,202101,9949,4812,9956,2630,27347,0.36380590192708523,0.175960800087761,0.36406187150327274,0.09617142648188101,12586,0.4602332979851538,28.747637558882424,1372863,19.91968608666706,10.216362112619931,2.9917084933308296,2021-01-01,1,2021,1
QF7,202102,9787,4613,9657,2593,26650,0.3672420262664165,0.1730956848030019,0.3623639774859287,0.09729831144465291,12250,0.4596622889305816,28.747637558882424,1372863,19.411987940530118,10.19054442959399,2.965890810304889,2021-02-01,2,2021,2
QF7,202103,11100,5341,10748,2930,30119,0.36853813207609815,0.1773299246322919,0.35685115707692816,0.09728078621468177,13678,0.45413194329160994,28.747637558882424,1372863,21.9388241944025,10.312911480831472,3.08825786154237,2021-03-01,3,2021,3
QF7,202104,10879,5174,10446,2712,29211,0.3724281948581014,0.17712505562972852,0.35760501181061927,0.09284173770155078,13158,0.45044674951217006,28.747637558882424,1372863,21.277432635303015,10.282300629646866,3.057647010357764,2021-04-01,4,2021,4
QF7,202105,9265,4543,9304,2548,25660,0.36106780982073267,0.17704598597038193,0.36258768511301637,0.09929851909586905,11852,0.46188620420888543,28.747637558882424,1372863,18.690867187767463,10.152688638169627,2.9280350188805255,2021-05-01,5,2021,5
QF7,202106,9895,5096,9827,2789,27607,0.3584235882203789,0.18459086463578078,0.3559604448147209,0.10102510232911943,12616,0.4569855471438403,28.747637558882424,1372863,20.109071334867355,10.225824642736724,3.0011710234476214,2021-06-01,6,2021,6
QF7,202107,9790,4804,9701,2578,26873,0.3643061809250921,0.1787667919473077,0.3609943065530458,0.09593272057455439,12279,0.4569270271276002,28.747637558882424,1372863,19.574422211101908,10.198877344056111,2.9742237247670094,2021-07-01,7,2021,7
QF7,202108,8746,4202,9026,2503,24477,0.3573150304367365,0.17167136495485558,0.36875434080973973,0.10225926379866813,11529,0.4710136046084079,28.747637558882424,1372863,17.82916430845612,10.10548918009691,2.880835560807808,2021-08-01,8,2021,8
QF7,202109,9548,4524,9420,2764,26256,0.3636502132845826,0.1723034734917733,0.3587751371115174,0.10527117611212675,12184,0.46404631322364415,28.747637558882424,1372863,19.124996449026597,10.175649813329873,2.9509961940407705,2021-09-01,9,2021,9
QF7,202110,8856,4316,8945,2623,24740,0.357962813257882,0.17445432497978983,0.36156022635408247,0.10602263540824576,11568,0.4675828617623282,28.747637558882424,1372863,18.02073477105873,10.11617664594648,2.891523026657377,2021-10-01,10,2021,10
QF7,202111,9587,4835,9465,2766,26653,0.3596968446328743,0.18140547030353055,0.35511949874310583,0.10377818632048925,12231,0.4588976850635951,28.747637558882424,1372863,19.414173154932428,10.190656993614896,2.9660033743257945,2021-11-01,11,2021,11
QF7,202112,9068,4700,9710,2589,26067,0.3478727893505198,0.18030459968542603,0.3725016304139333,0.09932098055012084,12299,0.47182261096405415,28.747637558882424,1372863,18.987327941681,10.168425425507316,2.943771806218214,2021-12-01,12,2021,12
QF7,202201,9916,4978,9537,2655,27086,0.3660931846710478,0.1837849811710847,0.3521007162371705,0.09802111792069704,12192,0.45012183415786755,28.747637558882424,1372863,19.729572433665997,10.206772268215317,2.982118648926215,2022-01-01,1,2022,13
QF7,202202,9621,4836,9313,2592,26362,0.3649571352704651,0.18344586905394128,0.35327365146802214,0.09832334420757151,11905,0.45159699567559364,28.747637558882424,1372863,19.202207357908254,10.17967885827241,2.955025238983309,2022-02-01,2,2022,14
QF7,202203,10943,5687,10464,2933,30027,0.36443867186199086,0.18939621007759683,0.34848636227395346,0.09767875578645885,13397,0.4461651180604123,28.747637558882424,1372863,21.87181095273163,10.309852255887128,3.085198636598027,2022-03-01,3,2022,15
QF7,202204,9597,4982,9363,2735,26677,0.3597480976121753,0.1867526333545751,0.3509764966075646,0.10252277242568504,12098,0.4534992690332496,28.747637558882424,1372863,19.43165487015092,10.191557049929173,2.966903430640072,2022-04-01,4,2022,16
QF7,202205,9392,4839,9213,2612,26056,0.3604544058949954,0.18571538225360762,0.3535845870432914,0.10024562480810562,11825,0.453830211851397,28.747637558882424,1372863,18.979315488872523,10.16800334695607,2.9433497276669676,2022-05-01,5,2022,17
QF7,202206,9170,4441,8905,2481,24997,0.3668440212825539,0.177661319358323,0.35624274912989556,0.09925191022922751,11386,0.4554946593591231,28.747637558882424,1372863,18.207934804856713,10.126511096649761,2.90185747736066,2022-06-01,6,2022,18
QF7,202207,8677,4301,8854,2477,24309,0.35694598708297337,0.17693035501254678,0.3642272409395697,0.10189641696491011,11331,0.46612365790447985,28.747637558882424,1372863,17.706792301926704,10.098601931128835,2.873948311839733,2022-07-01,7,2022,19
QF7,202208,8542,3944,8711,2604,23801,0.35889248350909625,0.16570732322171336,0.3659930255031301,0.10940716776606024,11315,0.47540019326919036,28.747637558882424,1372863,17.33676266313536,10.077482875583607,2.8528292562945055,2022-08-01,8,2022,20
QF7,202209,8041,3621,8381,2442,22485,0.35761618857015787,0.16104069379586392,0.3727373804758728,0.1086057371581054,10823,0.4813431176339782,28.747637558882424,1372863,16.378181945321565,10.020603699204807,2.795950079915706,2022-09-01,9,2022,21
QF7,202210,8351,4432,8281,2416,23480,0.35566439522998294,0.1887563884156729,0.3526831345826235,0.10289608177172062,10697,0.4555792163543441,28.747637558882424,1372863,17.102944722088075,10.063904273942033,2.839250654652931,2022-10-01,10,2022,22
QF7,202211,8985,4693,8868,2566,25112,0.3577970691302963,0.1868827652118509,0.3531379420197515,0.10218222363810131,11434,0.4553201656578528,28.747637558882424,1372863,18.291701356945303,10.131101098521789,2.9064474792326878,2022-11-01,11,2022,23
QF7,202212,8566,4498,8562,2442,24068,0.35590825993019776,0.18688715306631212,0.35574206415157056,0.10146252285191956,11004,0.4572045870034901,28.747637558882424,1372863,17.531246744941047,10.088638436340242,2.8639848170511404,2022-12-01,12,2022,24
QF7,202301,9566,4778,9011,2560,25915,0.36912984757862244,0.1843719853366776,0.3477136793362917,0.09878448774840826,11571,0.44649816708469997,28.747637558882424,1372863,18.876610411963902,10.162577230623807,2.937923611334705,2023-01-01,1,2023,25
QF7,202302,9012,4432,8427,2403,24274,0.37126143198483974,0.1825821867018209,0.3471615720524017,0.09899480926093764,10830,0.4461563813133394,28.747637558882424,1372863,17.68129813389974,10.097161097666307,2.872507478377205,2023-02-01,2,2023,26
QF7,202303,10028,4804,9329,2706,26867,0.3732459895038523,0.17880671455689134,0.34722894256895076,0.10071835337030557,12035,0.44794729593925636,28.747637558882424,1372863,19.570051782297288,10.198654046697536,2.9740004274084333,2023-03-01,3,2023,27
QF7,202304,8734,4000,8071,2393,23198,0.37649797396327267,0.17242865764290025,0.347917923958962,0.10315544443486507,10464,0.45107336839382706,28.747637558882424,1372863,16.89753456827083,10.051821347041821,2.8271677277527196,2023-04-01,4,2023,28
QF7,202305,9746,4524,9283,2692,26245,0.3713469232234711,0.1723756906077348,0.3537054677081349,0.10257191846065918,11975,0.45627738616879404,28.747637558882424,1372863,19.11698399621812,10.1752307736864,2.950577154397298,2023-05-01,5,2023,29
QF7,202306,9789,4685,9643,2729,26846,0.3646353274230798,0.17451389406243015,0.35919690084183864,0.10165387767265142,12372,0.4608507785144901,28.747637558882424,1372863,19.55475528148111,10.197872113047582,2.9732184937584796,2023-06-01,6,2023,30
QF7,202307,9144,4209,8826,2633,24812,0.36853135579558277,0.16963566016443657,0.3557149766242141,0.10611800741576656,11459,0.46183298403998063,28.747637558882424,1372863,18.073179916714196,10.119082686093009,2.8944290668039065,2023-07-01,7,2023,31
QF7,202308,9032,4448,8919,2611,25010,0.36113554578168733,0.1778488604558177,0.3566173530587765,0.10439824070371852,11530,0.461015593762495,28.747637558882424,1372863,18.217404067266727,10.127031023871664,2.902377404582563,2023-08-01,8,2023,32
QF7,202309,8797,4557,8736,2661,24751,0.35541998303098865,0.18411377318088157,0.35295543614399416,0.10751080764413559,11397,0.4604662437881298,28.747637558882424,1372863,18.028747223867203,10.11662117122102,2.8919675519319172,2023-09-01,9,2023,33
QF7,202310,8819,4795,8599,2649,24862,0.3547180436006757,0.19286461266189364,0.3458691979728099,0.10654814576462071,11248,0.45241734373743064,28.747637558882424,1372863,18.109600156752713,10.12109581235166,2.896442193062559,2023-10-01,10,2023,34
QF7,202311,9231,4962,8476,2683,25352,0.3641132849479331,0.19572420321868098,0.3343325970337646,0.10582991479962134,11159,0.44016251183338595,28.747637558882424,1372863,18.46651850913019,10.140612901370757,2.915959282081655,2023-11-01,11,2023,35
QF7,202312,8215,4703,8145,2520,23583,0.34834414620701354,0.19942331340372302,0.34537590637323495,0.10685663401602849,10665,0.45223254038926347,28.747637558882424,1372863,17.17797041656742,10.068281392461866,2.843627773172764,2023-12-01,12,2023,36
QF7,202401,10254,5542,9436,2821,28053,0.3655224040209603,0.19755462873845933,0.3363633123017146,0.10055965493886572,12257,0.43692296724058033,28.747637558882424,1372863,20.433939876010935,10.241850857103556,3.0171972378144547,2024-01-01,1,2024,37
QF7,202402,9550,5044,8566,2538,25698,0.37162425091446805,0.1962798661374426,0.3333333333333333,0.09876254961475602,11104,0.43209588294808937,28.747637558882424,1372863,18.718546570196736,10.154168446843427,2.9295148275543244,2024-02-01,2,2024,38
QF7,202403,9489,5146,8830,2756,26221,0.3618855116128294,0.19625491018649174,0.33675298424926586,0.10510659395141299,11586,0.44185957820067884,28.747637558882424,1372863,19.099502280999634,10.174315895415749,2.949662276126647,2024-03-01,3,2024,39
QF7,202404,10118,5273,9220,2808,27419,0.36901418724242313,0.19231190050694774,0.3362631751705022,0.10241073708012692,12028,0.4386739122506291,28.747637558882424,1372863,19.972131232322525,10.218991482721144,2.9943378634320426,2024-04-01,4,2024,40
QF7,202405,9631,5265,9281,2876,27053,0.3560048793109821,0.19461797212878423,0.34306731231286736,0.10630983624736629,12157,0.44937714856023364,28.747637558882424,1372863,19.705535075240572,10.205553183855171,2.9808995645660694,2024-05-01,5,2024,41
QF7,202406,9056,4995,8733,2686,25470,0.35555555555555557,0.196113074204947,0.34287396937573617,0.10545740086376129,11419,0.44833137023949743,28.747637558882424,1372863,18.552470275621094,10.145256567973503,2.920602948684401,2024-06-01,6,2024,42
QF7,202407,9147,5429,9146,2930,26652,0.34320126069338136,0.20369953474410926,0.3431637400570314,0.10993546450547802,12076,0.4530992045625094,28.747637558882424,1372863,19.41344475013166,10.190619473682428,2.965965854393326,2024-07-01,7,2024,43
QF7,202408,8184,4933,8849,2713,24679,0.3316179747963856,0.19988654321487906,0.3585639612626119,0.10993152072612343,11562,0.46849548198873536,28.747637558882424,1372863,17.976302078211738,10.113707958559848,2.8890543392707464,2024-08-01,8,2024,44
QF7,202409,7827,4687,8449,2627,23590,0.3317931326833404,0.19868588384908858,0.35816023738872405,0.11136074607884697,11076,0.469520983467571,28.747637558882424,1372863,17.183069250172814,10.06857817240172,2.8439245531126187,2024-09-01,9,2024,45
QF7,202410,8587,5409,8822,2821,25639,0.3349194586372323,0.2109676664456492,0.3440851827294356,0.11002769218768282,11643,0.45411287491711844,28.747637558882424,1372863,18.675570686951282,10.151869908713964,2.9272162894248615,2024-10-01,10,2024,46
QF7,202411,8366,5322,8783,2592,25063,0.3337988269560707,0.212344890874995,0.3504368990144835,0.10341938315445079,11375,0.4538562821689343,28.747637558882424,1372863,18.256009521707554,10.129147933974613,2.9044943146855102,2024-11-01,11,2024,47
QF7,202412,7987,4963,8497,2611,24058,0.331989359048965,0.20629312494804222,0.35318812868900157,0.10852938731399119,11108,0.46171751600299277,28.747637558882424,1372863,17.523962696933342,10.088222860554017,2.863569241264916,2024-12-01,12,2024,48
QF7,202501,9229,5646,9423,2825,27123,0.3402647199793533,0.20816281384802565,0.3474173210927995,0.10415514507982156,12248,0.45157246617262103,28.747637558882424,1372863,19.7565234112945,10.208137355405476,2.983483736116374,2025-01-01,1,2025,49
QF7,202502,8244,5280,8525,2517,24566,0.3355857689489538,0.21493120573149882,0.3470243425873158,0.10245868273223153,11042,0.44948302531954737,28.747637558882424,1372863,17.893992335724686,10.10911865209904,2.884465032809938,2025-02-01,2,2025,50
QF7,202503,8856,5699,9329,2781,26665,0.3321207575473467,0.21372585786611664,0.34985936621038816,0.1042940183761485,12110,0.45415338458653665,28.747637558882424,1372863,19.422914012541675,10.191107123034703,2.966453503745601,2025-03-01,3,2025,51
QF7,202504,8325,5519,8886,2669,25399,0.32776880979566125,0.21729201937084136,0.34985629355486436,0.10508287727863301,11555,0.4549391708334974,28.747637558882424,1372863,18.500753534766396,10.142465082152865,2.917811462863764,2025-04-01,4,2025,52
QF7,202505,8506,5687,9151,2779,26123,0.3256134440914137,0.21770087662213375,0.35030432951804924,0.10638134976840333,11930,0.45668567928645254,28.747637558882424,1372863,19.02811861052414,10.170571431312704,2.9459178120236014,2025-05-01,5,2025,53
QF7,202506,8690,5404,9148,2756,25998,0.33425648126778984,0.20786214324178784,0.3518732210170013,0.10600815447342103,11904,0.45788137549042235,28.747637558882424,1372863,18.937068010427843,10.165774890967965,2.941121271678863,2025-06-01,6,2025,54
QF7,202507,8702,5712,9283,2857,26554,0.3277095729456956,0.21510883482714468,0.3495895157038488,0.10759207652331099,12140,0.45718159222715976,28.747637558882424,1372863,19.342061079656165,10.186935674455848,2.9622820551667455,2025-07-01,7,2025,55
QF7,202508,7601,5054,8336,2602,23593,0.3221718306277286,0.21421608104098674,0.3533251388123596,0.1102869495189251,10938,0.4636120883312847,28.747637558882424,1372863,17.185254464575124,10.068705336846714,2.8440517175576114,2025-08-01,8,2025,56
QF7,202509,8259,5134,8590,2697,24680,0.3346434359805511,0.2080226904376013,0.3480551053484603,0.10927876823338736,11287,0.4573338735818476,28.747637558882424,1372863,17.977030483012506,10.113748478019325,2.889094858730222,2025-09-01,9,2025,57
QF7,202510,8355,5437,9015,2760,25567,0.32678843822114445,0.21265694058747606,0.35260296475926,0.10795165643211953,11775,0.4605546211913795,28.747637558882424,1372863,18.623125541295817,10.149057736411894,2.9244041171227924,2025-10-01,10,2025,58
QF7,202511,7944,5128,8224,2498,23794,0.33386568042363624,0.21551651676893335,0.34563335294612085,0.10498444986130957,10722,0.45061780280743047,28.747637558882424,1372863,17.331663829529965,10.077188727036472,2.8525351077473693,2025-11-01,11,2025,59
QF7,202512,7900,5354,8860,2778,24892,0.3173710429053511,0.21508918528041138,0.3559376506508115,0.111602121163426,11638,0.4675397718142375,28.747637558882424,1372863,18.131452300775823,10.122301745689109,2.8976481264000067,2025-12-01,12,2025,60
QGH,202101,5142,2078,4544,877,12641,0.40677161616960683,0.16438572897713788,0.35946523218099835,0.06937742267225694,5421,0.4288426548532553,18.285609375081545,766436,16.493223178451952,9.444700778495557,2.8029495800819717,2021-01-01,1,2021,1
QGH,202102,5020,1964,4387,887,12258,0.40952847120248004,0.16022189590471528,0.3578887257301354,0.07236090716266928,5274,0.4302496328928047,18.285609375081545,766436,15.993507611855394,9.413934064045677,2.7721828656320913,2021-02-01,2,2021,2
QGH,202103,5909,2350,5123,964,14346,0.4118918165342256,0.16380872717133696,0.35710302523351456,0.0671964310609229,6087,0.4242994562944375,18.285609375081545,766436,18.71780553105543,9.571226436686379,2.929475238272794,2021-03-01,3,2021,3
QGH,202104,5667,2324,4889,978,13858,0.4089334680329052,0.1677009669504979,0.35279261076634433,0.07057295425025256,5867,0.4233655650165969,18.285609375081545,766436,18.081092224269213,9.536617962187327,2.8948667637737406,2021-04-01,4,2021,4
QGH,202105,4837,2087,4355,905,12184,0.3969960604070913,0.17129021667761,0.3574359816152331,0.07427774130006566,5260,0.43171372291529875,18.285609375081545,766436,15.896956823531253,9.407878894574997,2.766127696161412,2021-05-01,5,2021,5
QGH,202106,5165,2323,4643,996,13127,0.39346385312714255,0.17696351032223662,0.3536984840405272,0.0758741525100937,5639,0.42957263655062083,18.285609375081545,766436,17.12732700447265,9.482426456803408,2.8406752583898216,2021-06-01,6,2021,6
QGH,202107,4958,2130,4393,922,12403,0.399741997903733,0.1717326453277433,0.3541885027815851,0.07433685398693865,5315,0.42852535676852377,18.285609375081545,766436,16.182694967355395,9.42569365781533,2.783942459401744,2021-07-01,7,2021,7
QGH,202108,4416,1869,4252,819,11356,0.38886932018316306,0.16458259950686863,0.3744276153575202,0.07212046495244805,5071,0.4465480803099683,18.285609375081545,766436,14.8166317866071,9.337501517592862,2.6957503191792758,2021-08-01,8,2021,8
QGH,202109,4805,2041,4471,1009,12326,0.3898263832549083,0.1655849423981827,0.36272919032938505,0.08185948401752394,5480,0.44458867434690896,18.285609375081545,766436,16.08222995788298,9.419466131522189,2.7777149331086024,2021-09-01,9,2021,9
QGH,202110,4519,1898,4261,911,11589,0.38993873500733456,0.16377599447752178,0.36767624471481575,0.0786090258003279,5172,0.44628527051514366,18.285609375081545,766436,15.120636295789863,9.35781165133439,2.716060452920805,2021-10-01,10,2021,10
QGH,202111,4864,2135,4382,965,12346,0.39397375668232626,0.17293050380690103,0.35493277174793453,0.07816296776283817,5347,0.43309573951077274,18.285609375081545,766436,16.108324765538153,9.421087402953841,2.779336204540255,2021-11-01,11,2021,11
QGH,202112,4682,2113,4546,889,12230,0.3828291087489779,0.17277187244480785,0.37170891251022076,0.07269010629599346,5435,0.44439901880621424,18.285609375081545,766436,15.956974881138152,9.411647228681218,2.769896030267632,2021-12-01,12,2021,12
QGH,202201,4878,2228,4524,960,12590,0.387450357426529,0.17696584590945194,0.3593328038125496,0.07625099285146943,5484,0.4355837966640191,18.285609375081545,766436,16.42668141893126,9.440658127038393,2.798906928624807,2022-01-01,1,2022,13
QGH,202202,4728,2210,4304,865,12107,0.3905178822168993,0.18253902700916824,0.3554968200214752,0.07144627075245726,5169,0.42694309077393244,18.285609375081545,766436,15.796491814058838,9.40153907670774,2.7597878782941545,2022-02-01,2,2022,14
QGH,202203,5444,2525,4924,1062,13955,0.3901110713006091,0.18093873163740595,0.3528484414188463,0.07610175564313866,5986,0.42895019706198495,18.285609375081545,766436,18.207652041396805,9.543593145970423,2.9018419475568367,2022-03-01,3,2022,15
QGH,202204,4648,2099,4310,929,11986,0.38778575004171534,0.17512097447021524,0.35958618388119473,0.07750709160687469,5239,0.4370932754880694,18.285609375081545,766436,15.638618227745045,9.391494581018131,2.749743382604545,2022-04-01,4,2022,16
QGH,202205,4811,2269,4742,1003,12825,0.3751267056530214,0.17692007797270956,0.3697465886939571,0.07820662768031189,5745,0.447953216374269,18.285609375081545,766436,16.733295408879542,9.45915167003897,2.8174004716253847,2022-05-01,5,2022,17
QGH,202206,4715,2112,4436,908,12171,0.38739626982170733,0.17352723687453783,0.3644729274504971,0.07460356585325774,5344,0.4390764933037548,18.285609375081545,766436,15.879995198555392,9.406811351874557,2.765060153460971,2022-06-01,6,2022,18
QGH,202207,4637,2155,4520,972,12284,0.3774829045913383,0.17543145555193748,0.36795831976554866,0.07912732009117551,5492,0.44708563985672417,18.285609375081545,766436,16.02743086180712,9.416052881560713,2.774301683147127,2022-07-01,7,2022,19
QGH,202208,4622,1899,4345,937,11803,0.3915953571125985,0.1608912988223333,0.3681267474370923,0.07938659662797594,5282,0.4475133440650682,18.285609375081545,766436,15.399850737700213,9.37610901542907,2.7343578170154834,2022-08-01,8,2022,20
QGH,202209,4320,1712,4099,915,11046,0.3910917979359044,0.15498823103385842,0.37108455549520186,0.0828354155350353,5014,0.4539199710302372,18.285609375081545,766436,14.412162267951924,9.309823650461134,2.668072452047547,2022-09-01,9,2022,21
QGH,202210,4392,1940,4156,1007,11495,0.38207916485428445,0.16876903001304916,0.3615484993475424,0.08760330578512397,5163,0.4491518051326664,18.285609375081545,766436,14.997990699810552,9.349667437197281,2.7079162387836964,2022-10-01,10,2022,22
QGH,202211,4817,2102,4629,1072,12620,0.38169572107765454,0.16656101426307449,0.3667987321711569,0.08494453248811411,5701,0.451743264659271,18.285609375081545,766436,16.46582363041402,9.443038136095204,2.8012869376816183,2022-11-01,11,2022,23
QGH,202212,4475,2025,4441,961,11902,0.3759872290371366,0.17013947235758697,0.3731305662913796,0.08074273231389682,5402,0.4538732986052764,18.285609375081545,766436,15.529020035593318,9.384461732204798,2.7427105337912114,2022-12-01,12,2022,24
QGH,202301,4994,2210,4554,1061,12819,0.3895779702004837,0.17240034324050238,0.35525391996255556,0.08276776659645838,5615,0.43802168655901397,18.285609375081545,766436,16.72546696658299,9.458683724312134,2.8169325258985487,2023-01-01,1,2023,25
QGH,202302,4657,2017,4329,997,12000,0.38808333333333334,0.16808333333333333,0.36075,0.08308333333333333,5326,0.44383333333333336,18.285609375081545,766436,15.656884593103662,9.392661928770137,2.7509107303565514,2023-02-01,2,2023,26
QGH,202303,5273,2296,4967,1100,13636,0.38669697858609564,0.16837782340862423,0.3642563801701379,0.08066881783514226,6067,0.44492519800528013,18.285609375081545,766436,17.791439859296798,9.520468633257794,2.878717434844208,2023-03-01,3,2023,27
QGH,202304,4522,1703,4044,959,11228,0.4027431421446384,0.15167438546490916,0.36017100106875666,0.08541147132169576,5003,0.44558247239045246,18.285609375081545,766436,14.649625017613994,9.326165937481774,2.6844147390681874,2023-04-01,4,2023,28
QGH,202305,4969,1917,4563,1063,12512,0.39713874680306904,0.15321291560102301,0.3646898976982097,0.0849584398976982,5626,0.44964833759590794,18.285609375081545,766436,16.324911669076087,9.434443462785092,2.7926922643715066,2023-05-01,5,2023,29
QGH,202306,5271,2136,4913,1063,13383,0.39385787939923783,0.15960546962564448,0.36710752447134426,0.07942912650377344,5976,0.4465366509751177,18.285609375081545,766436,17.46134054245886,9.501740523796375,2.8599893253827884,2023-06-01,6,2023,30
QGH,202307,4762,1857,4579,1029,12227,0.38946593604318314,0.15187699353888934,0.3744990594585753,0.08415801095935226,5608,0.4586570704179275,18.285609375081545,766436,15.953060659989877,9.41140190014419,2.7696507017306042,2023-07-01,7,2023,31
QGH,202308,4859,2069,4305,1006,12239,0.39700955960454287,0.1690497589672359,0.3517444235640167,0.08219625786420459,5311,0.4339406814282213,18.285609375081545,766436,15.96871754458298,9.412382853382338,2.770631654968753,2023-08-01,8,2023,32
QGH,202309,4705,2039,4226,1052,12022,0.3913658293129263,0.16960572284145733,0.3515222092829812,0.08750623856263517,5278,0.43902844784561634,18.285609375081545,766436,15.685588881524353,9.394493583599107,2.7527423851855213,2023-09-01,9,2023,33
QGH,202310,4789,2134,4283,978,12184,0.3930564674983585,0.17514773473407746,0.35152659225213395,0.08026920551543007,5261,0.431795797767564,18.285609375081545,766436,15.896956823531253,9.407878894574997,2.766127696161412,2023-10-01,10,2023,34
QGH,202311,4865,2268,4155,1069,12357,0.39370397345634056,0.18353969410050983,0.33624666181111923,0.08650967063203042,5224,0.42275633244314964,18.285609375081545,766436,16.1226769097485,9.42197798310419,2.780226784690605,2023-11-01,11,2023,35
QGH,202312,4540,2196,4081,1010,11827,0.38386742200050733,0.18567684112623659,0.34505791832248245,0.08539781855077365,5091,0.4304557368732561,18.285609375081545,766436,15.431164506886418,9.378140332251117,2.736389133837531,2023-12-01,12,2023,36
QGH,202401,5329,2612,4570,1078,13589,0.39215541982485835,0.19221429097063802,0.3363014202663919,0.07932886893811171,5648,0.4156302892045036,18.285609375081545,766436,17.73011706130714,9.517015920920498,2.8752647225069117,2024-01-01,1,2024,37
QGH,202402,5061,2345,4280,1024,12710,0.3981904012588513,0.1845003933910307,0.3367427222659323,0.08056648308418568,5304,0.417309205350118,18.285609375081545,766436,16.583250264862297,9.4501443641835,2.808393165769914,2024-02-01,2,2024,38
QGH,202403,4982,2359,4516,1071,12928,0.385365099009901,0.18247215346534654,0.3493193069306931,0.0828434405940594,5587,0.4321627475247525,18.285609375081545,766436,16.86768366830368,9.467150780760877,2.825399582347291,2024-03-01,3,2024,39
QGH,202404,5380,2508,4736,1156,13780,0.3904208998548621,0.18200290275761974,0.3436865021770682,0.08388969521044992,5892,0.4275761973875181,18.285609375081545,766436,17.97932247441404,9.53097354456765,2.889222346154064,2024-04-01,4,2024,40
QGH,202405,4842,2508,4636,1150,13136,0.368605359317905,0.19092570036540804,0.35292326431181487,0.0875456760048721,5786,0.440468940316687,18.285609375081545,766436,17.13906966791748,9.48311183169221,2.8413606332786236,2024-05-01,5,2024,41
QGH,202406,4323,2205,4084,1050,11662,0.3706911335962957,0.18907563025210083,0.35019722174584117,0.09003601440576231,5134,0.4402332361516035,18.285609375081545,766436,15.215882343731245,9.364090971782101,2.7223397733685157,2024-06-01,6,2024,42
QGH,202407,4265,2320,4497,1151,12233,0.3486471021008747,0.189650944167416,0.3676121965176163,0.09408975721409303,5648,0.4617019537317093,18.285609375081545,766436,15.960889102286428,9.411892497046916,2.7701412986333307,2024-07-01,7,2024,43
QGH,202408,3939,2303,4226,1136,11604,0.3394519131334023,0.19846604619096864,0.36418476387452603,0.09789727680110306,5362,0.4620820406756291,18.285609375081545,766436,15.140207401531244,9.359105145241294,2.717353946827709,2024-08-01,8,2024,44
QGH,202409,3582,2153,3999,1070,10804,0.33154387263976304,0.19927804516845612,0.3701406886338393,0.0990373935579415,5069,0.4691780821917808,18.285609375081545,766436,14.096415095324332,9.287671714912506,2.6459205164989203,2024-09-01,9,2024,45
QGH,202410,3855,2456,4394,1150,11855,0.3251792492619148,0.20716997047659216,0.3706452973428933,0.09700548291859974,5544,0.46765078026149304,18.285609375081545,766436,15.467697237603662,9.380504998499505,2.73875380008592,2024-10-01,10,2024,46
QGH,202411,3927,2422,4387,1149,11885,0.33041649137568363,0.2037862852334876,0.3691207404291123,0.09667648296171645,5536,0.4657972233908288,18.285609375081545,766436,15.50683944908642,9.383032379794294,2.7412811813807085,2024-11-01,11,2024,47
QGH,202412,3621,2352,4064,1028,11065,0.3272480795300497,0.21256213285133302,0.36728422955264345,0.0929055580659738,5092,0.4601897876186173,18.285609375081545,766436,14.436952335224337,9.31154225248515,2.669791054071564,2024-12-01,12,2024,48
QGH,202501,4299,2716,4616,1179,12810,0.33559718969555036,0.21202185792349726,0.36034348165495705,0.09203747072599532,5795,0.4523809523809524,18.285609375081545,766436,16.713724303138164,9.45798139489078,2.816230196477194,2025-01-01,1,2025,49
QGH,202502,3763,2515,4222,1031,11531,0.32633769837828464,0.21810770965224177,0.36614343942416094,0.08941115254531264,5253,0.45555459196947357,18.285609375081545,766436,15.044961353589864,9.352794339771116,2.7110431413575307,2025-02-01,2,2025,50
QGH,202503,4065,2679,4319,1094,12157,0.33437525705354937,0.22036686682569712,0.3552685695484083,0.08998930657234515,5413,0.44525787612075346,18.285609375081545,766436,15.861728833196771,9.405660414555793,2.763909216142208,2025-03-01,3,2025,51
QGH,202504,3860,2661,4336,1109,11966,0.3225806451612903,0.2223800768845061,0.36236002005682766,0.0926792578973759,5445,0.45503927795420357,18.285609375081545,766436,15.61252342008987,9.389824573949976,2.748073375536391,2025-04-01,4,2025,52
QGH,202505,3853,2686,4255,1108,11902,0.3237271046882877,0.22567635691480423,0.35750294068223826,0.09309359771466981,5363,0.4505965383969081,18.285609375081545,766436,15.529020035593318,9.384461732204798,2.7427105337912114,2025-05-01,5,2025,53
QGH,202506,3826,2711,4380,1193,12110,0.3159372419488026,0.22386457473162674,0.36168455821635015,0.09851362510322048,5573,0.4601981833195706,18.285609375081545,766436,15.800406035207114,9.401786836547139,2.760035638133552,2025-06-01,6,2025,54
QGH,202507,3883,2682,4332,1205,12102,0.32085605685010743,0.22161626177491323,0.3579573624194348,0.09957031895554454,5537,0.45752768137497934,18.285609375081545,766436,15.789968112145045,9.401126007182267,2.759374808768681,2025-07-01,7,2025,55
QGH,202508,3328,2332,3793,1022,10475,0.317708830548926,0.2226252983293556,0.3621002386634845,0.0975656324582339,4815,0.45966587112171836,18.285609375081545,766436,13.667155509396741,9.25674674479034,2.6149955463767527,2025-08-01,8,2025,56
QGH,202509,3494,2392,4006,1221,11113,0.31440655088634933,0.2152434086205345,0.360478718617835,0.1098713218752812,5227,0.4703500404931162,18.285609375081545,766436,14.499579873596753,9.315870873185647,2.6741196747720606,2025-09-01,9,2025,57
QGH,202510,3592,2568,4113,1186,11459,0.3134653983768217,0.22410332489746052,0.35893184396544203,0.10349943276027576,5299,0.46243127672571777,18.285609375081545,766436,14.95102004603124,9.346530726426447,2.7047795280128626,2025-10-01,10,2025,58
QGH,202511,3604,2406,3856,1134,11000,0.3276363636363636,0.21872727272727271,0.35054545454545455,0.1030909090909091,4990,0.4536363636363636,18.285609375081545,766436,14.352144210345026,9.305650551780507,2.6638993533669217,2025-11-01,11,2025,59
QGH,202512,3670,2472,4083,1232,11457,0.32032818364318755,0.2157632888190626,0.3563760146635245,0.10753251287422537,5315,0.46390852753774986,18.285609375081545,766436,14.948410565265723,9.346356175893625,2.7046049774800403,2025-12-01,12,2025,60
QH8,202101,6768,2246,6568,1310,16892,0.40066303575657114,0.13296234904096613,0.3888231115320862,0.07755150367037651,7878,0.4663746152024627,17.258081781374432,1163798,14.514546338797627,9.734595416053834,2.675151342341076,2021-01-01,1,2021,1
QH8,202102,6605,2164,6077,1323,16169,0.4084977425938524,0.13383635351598738,0.3758426618838518,0.08182324200630836,7400,0.4576659038901602,17.258081781374432,1163798,13.893304508170662,9.690851107739814,2.6314070340270566,2021-02-01,2,2021,2
QH8,202103,7672,2527,6923,1409,18531,0.4140089579623334,0.13636608925584157,0.3735902002050618,0.07603475257676326,8332,0.44962495278182507,17.258081781374432,1163798,15.92286633934755,9.82720028436401,2.7677562106512505,2021-03-01,3,2021,3
QH8,202104,7598,2554,6935,1394,18481,0.41112493912667064,0.13819598506574318,0.375250257020724,0.07542881878686218,8329,0.45067907580758615,17.258081781374432,1163798,15.879903557146514,9.824498456285756,2.765054382572998,2021-04-01,4,2021,4
QH8,202105,6471,2213,6006,1243,15933,0.4061382037281115,0.13889411912383104,0.37695349275089435,0.07801418439716312,7249,0.45496767714805747,17.258081781374432,1163798,13.690520176181776,9.67614770909051,2.6167036353777506,2021-05-01,5,2021,5
QH8,202106,7001,2388,6493,1361,17243,0.40601983413559123,0.1384909818477063,0.3765586034912718,0.07893058052543062,7854,0.4554891840167024,17.258081781374432,1163798,14.816145069848892,9.755161543000131,2.6957174692873735,2021-06-01,6,2021,6
QH8,202107,6357,2187,6210,1281,16035,0.39644527595884005,0.1363891487371375,0.3872778297474275,0.07988774555659495,7491,0.4671655753040225,17.258081781374432,1163798,13.778164251871889,9.682529112127256,2.623085038414497,2021-07-01,7,2021,7
QH8,202108,6187,2052,5891,1201,15331,0.4035614115191442,0.13384645489531016,0.3842541256278129,0.0783380079577327,7092,0.46259213358554563,17.258081781374432,1163798,13.173248278481317,9.637632201310455,2.578188127597696,2021-08-01,8,2021,8
QH8,202109,6627,2103,6121,1308,16159,0.41011201188192337,0.13014419209109473,0.378798192957485,0.08094560306949687,7429,0.45974379602698184,17.258081781374432,1163798,13.884711951730454,9.690232448972248,2.6307883752594896,2021-09-01,9,2021,9
QH8,202110,6460,2090,5690,1183,15423,0.41885495688257796,0.13551189781495168,0.3689295208454905,0.07670362445697984,6873,0.44563314530247033,17.258081781374432,1163798,13.252299797731222,9.643615180723614,2.584171107010856,2021-10-01,10,2021,10
QH8,202111,6744,2248,6134,1224,16350,0.4124770642201835,0.13749235474006116,0.37516819571865445,0.07486238532110091,7358,0.45003058103975535,17.258081781374432,1163798,14.048829779738409,9.701983176325399,2.6425391026126412,2021-11-01,11,2021,11
QH8,202112,6415,2296,6198,1232,16141,0.39743510315346015,0.14224645313177622,0.3839910786196642,0.07632736509509944,7430,0.46031844371476366,17.258081781374432,1163798,13.869245350138081,9.68911789777328,2.6296738240605215,2021-12-01,12,2021,12
QH8,202201,7228,2505,6530,1309,17572,0.4113362167083997,0.14255633963123152,0.37161393125426817,0.07449351240610061,7839,0.44610744366036875,17.258081781374432,1163798,15.0988401767317,9.77406200509567,2.714617931382912,2022-01-01,1,2022,13
QH8,202202,6908,2390,6090,1226,16614,0.41579390875165523,0.14385458047429878,0.3665583243048032,0.07379318646924281,7316,0.440351510774046,17.258081781374432,1163798,14.27567326975987,9.718000992399016,2.6585569186862585,2022-02-01,2,2022,14
QH8,202203,7932,2739,6807,1337,18815,0.42157852777039595,0.14557533882540527,0.36178580919479136,0.07106032420940739,8144,0.43284613340419875,17.258081781374432,1163798,16.166894942249428,9.842409703027538,2.7829656293147793,2022-03-01,3,2022,15
QH8,202204,6602,2347,6083,1208,16240,0.4065270935960591,0.14451970443349754,0.3745689655172414,0.07438423645320197,7291,0.44895320197044336,17.258081781374432,1163798,13.954311658896131,9.69523261371567,2.6357885400029106,2022-04-01,4,2022,16
QH8,202205,7152,2566,6387,1354,17459,0.409645455066155,0.1469729079557821,0.36582851251503523,0.07755312446302766,7741,0.4433816369780629,17.258081781374432,1163798,15.001744288957362,9.767610553984774,2.7081664802720162,2022-05-01,5,2022,17
QH8,202206,6780,2353,6236,1229,16598,0.40848294975298227,0.1417640679599952,0.3757079166164598,0.07404506567056272,7465,0.44975298228702254,17.258081781374432,1163798,14.26192517945554,9.717037485158393,2.657593411445635,2022-06-01,6,2022,18
QH8,202207,6619,2292,6326,1295,16532,0.40037503024437454,0.1386402129203968,0.3826518267602226,0.07833293007500605,7621,0.46098475683522866,17.258081781374432,1163798,14.205214306950174,9.713053175631623,2.653609101918865,2022-07-01,7,2022,19
QH8,202208,6475,2116,6155,1267,16013,0.4043589583463436,0.1321426341097858,0.3843751951539374,0.07912321238993318,7422,0.4634984075438706,17.258081781374432,1163798,13.759260627703433,9.681156171322476,2.6217120976097186,2022-08-01,8,2022,20
QH8,202209,6169,1999,5768,1207,15143,0.4073829492174602,0.13200818860199431,0.3809020669616324,0.07970679521891302,6975,0.4606088621805455,17.258081781374432,1163798,13.011708217405426,9.625293657956655,2.5658495842438973,2022-09-01,9,2022,21
QH8,202210,6160,2173,5654,1241,15228,0.40451799317047543,0.1426976622012083,0.37128972944575783,0.08149461518255845,6895,0.45278434462831624,17.258081781374432,1163798,13.084744947147186,9.630891117502388,2.5714470437896297,2022-10-01,10,2022,22
QH8,202211,6732,2219,6072,1254,16277,0.41358972783682496,0.13632733304663022,0.3730417153038029,0.07704122381274191,7326,0.45008293911654484,17.258081781374432,1163798,13.986104117724897,9.697508347391498,2.63806427367874,2022-11-01,11,2022,23
QH8,202212,6256,2161,5732,1232,15381,0.4067355828619726,0.140498017034003,0.37266757688056695,0.08009882322345752,6964,0.45276640010402447,17.258081781374432,1163798,13.216211060682351,9.64088826045181,2.581444186739052,2022-12-01,12,2022,24
QH8,202301,7130,2409,6355,1353,17247,0.41340522989505424,0.13967646547225604,0.3684698788195048,0.0784484258131849,7708,0.4469183046326897,17.258081781374432,1163798,14.819582092424973,9.7553934942914,2.6959494205786423,2023-01-01,1,2023,25
QH8,202302,6618,2341,5890,1267,16116,0.41064780342516755,0.14525936957061306,0.3654753040456689,0.07861752295855051,7157,0.4440928270042194,17.258081781374432,1163798,13.847763959037566,9.687567846311238,2.62812377259848,2023-02-01,2,2023,26
QH8,202303,7858,2547,6832,1403,18640,0.42156652360515023,0.13664163090128756,0.3665236051502146,0.07526824034334764,8235,0.4417918454935622,17.258081781374432,1163798,16.016525204545808,9.833065088239582,2.773621014526824,2023-03-01,3,2023,27
QH8,202304,6643,2016,5902,1219,15780,0.4209759188846641,0.12775665399239544,0.37401774397972115,0.07724968314321927,7121,0.45126742712294043,17.258081781374432,1163798,13.559054062646611,9.666498594399865,2.607054520687107,2023-04-01,4,2023,28
QH8,202305,7275,2167,6555,1435,17432,0.41733593391463975,0.12431161083065627,0.3760325837540156,0.08231987150068838,7990,0.45835245525470397,17.258081781374432,1163798,14.978544386568803,9.766062876624456,2.7066188029116978,2023-05-01,5,2023,29
QH8,202306,7673,2343,7200,1438,18654,0.41133269003966977,0.12560308780958507,0.3859761981344484,0.07708802401629677,8638,0.46306422215074516,17.258081781374432,1163798,16.028554783562093,9.833815879286808,2.7743718055740505,2023-06-01,6,2023,30
QH8,202307,6935,2096,6411,1433,16875,0.410962962962963,0.1242074074074074,0.3799111111111111,0.08491851851851852,7844,0.46482962962962965,17.258081781374432,1163798,14.499938992849273,9.733588515740731,2.6741444420279725,2023-07-01,7,2023,31
QH8,202308,6759,2160,6245,1376,16540,0.40864570737605804,0.13059250302297462,0.3775695284159613,0.08319226118500604,7621,0.46076178960096736,17.258081781374432,1163798,14.212088352102342,9.713536968577682,2.6540928948649243,2023-08-01,8,2023,32
QH8,202309,6719,2261,6109,1445,16534,0.4063747429539131,0.1367485182049111,0.3694810693117213,0.08739566952945446,7554,0.45687673884117574,17.258081781374432,1163798,14.206932818238217,9.713174145812621,2.653730072099863,2023-09-01,9,2023,33
QH8,202310,6783,2286,6052,1320,16441,0.4125661456115808,0.1390426373091661,0.3681041299191047,0.08028708716014842,7372,0.4483912170792531,17.258081781374432,1163798,14.127022043344292,9.707533494010876,2.6480894202981187,2023-10-01,10,2023,34
QH8,202311,6853,2472,5955,1382,16662,0.4112951626455407,0.14836154123154482,0.35740007202016566,0.08294322410274876,7337,0.4403432961229144,17.258081781374432,1163798,14.316917540672867,9.720885956534854,2.6614418828220963,2023-11-01,11,2023,35
QH8,202312,6163,2201,5682,1374,15420,0.3996757457846952,0.1427367055771725,0.36848249027237356,0.08910505836575876,7056,0.4575875486381323,17.258081781374432,1163798,13.249722030799159,9.64342064711732,2.5839765734045623,2023-12-01,12,2023,36
QH8,202401,7855,2819,6517,1515,18706,0.4199187426494173,0.150700310060943,0.3483908906233294,0.08099005666631028,8032,0.4293809472896397,17.258081781374432,1163798,16.07323607705117,9.836599606994497,2.777155533281738,2024-01-01,1,2024,37
QH8,202402,7145,2588,6128,1361,17222,0.4148763209847869,0.15027290674718383,0.3558239461154337,0.07902682615259551,7489,0.43485077226802926,17.258081781374432,1163798,14.798100701324456,9.753942915256111,2.694498841543352,2024-02-01,2,2024,38
QH8,202403,7096,2488,6091,1426,17101,0.41494649435705516,0.14548856792000467,0.3561780012864745,0.0833869364364657,7517,0.4395649377229402,17.258081781374432,1163798,14.694130768397953,9.746892220313054,2.6874481466002957,2024-03-01,3,2024,39
QH8,202404,7770,2586,6483,1523,18362,0.42315651889772354,0.1408343317721381,0.3530661148023091,0.08294303452782921,8006,0.43600914933013835,17.258081781374432,1163798,15.777652135508053,9.818038590703646,2.758594516990887,2024-04-01,4,2024,40
QH8,202405,7273,2589,6491,1504,17857,0.40729125833006663,0.14498515988127905,0.36349890799126394,0.08422467379739038,7995,0.4477235817886543,17.258081781374432,1163798,15.3437280352776,9.790150867197125,2.7307067934843667,2024-05-01,5,2024,41
QH8,202406,6924,2494,5991,1451,16860,0.4106761565836299,0.1479240806642942,0.35533807829181496,0.08606168446026097,7442,0.44139976275207593,17.258081781374432,1163798,14.487050158188964,9.732699231555847,2.673255157843088,2024-06-01,6,2024,42
QH8,202407,6922,2585,6456,1536,17499,0.39556546088347905,0.14772272701297218,0.36893536773529917,0.08777644436824962,7992,0.4567118121035488,17.258081781374432,1163798,15.03611451471819,9.769899015421748,2.710454941708989,2024-07-01,7,2024,43
QH8,202408,6342,2444,6196,1360,16342,0.38807979439481094,0.1495532982499082,0.3791457593929752,0.08322114796230572,7556,0.46236690735528085,17.258081781374432,1163798,14.041955734586242,9.701493759944652,2.6420496862318945,2024-08-01,8,2024,44
QH8,202409,6074,2377,5699,1395,15545,0.39073657124477323,0.1529109038275973,0.3666130588613702,0.08973946606625925,7094,0.45635252492762945,17.258081781374432,1163798,13.357128986301745,9.651494322492853,2.592050248780096,2024-09-01,9,2024,45
QH8,202410,6728,2500,5909,1463,16600,0.4053012048192771,0.15060240963855423,0.35596385542168674,0.08813253012048193,7372,0.4440963855421687,17.258081781374432,1163798,14.263643690743583,9.717157974344635,2.6577139006318764,2024-10-01,10,2024,46
QH8,202411,6481,2521,5970,1397,16369,0.3959313336184251,0.15401062984910502,0.3647137882582931,0.0853442482741768,7367,0.4500580365324699,17.258081781374432,1163798,14.065155636974803,9.703144581144354,2.6437005074315967,2024-11-01,11,2024,47
QH8,202412,6067,2462,5604,1397,15530,0.3906632324533162,0.15853187379265937,0.3608499678042498,0.08995492594977463,7001,0.4508048937540245,17.258081781374432,1163798,13.344240151641436,9.650528916142733,2.5910848424299746,2024-12-01,12,2024,48
QH8,202501,7120,2985,6605,1543,18253,0.3900728647345642,0.16353476140908343,0.3618583246589602,0.08453404919739221,8148,0.4463923738563524,17.258081781374432,1163798,15.683993270309795,9.812084729062784,2.7526406553500258,2025-01-01,1,2025,49
QH8,202502,6308,2677,5952,1447,16384,0.385009765625,0.16339111328125,0.36328125,0.08831787109375,7399,0.45159912109375,17.258081781374432,1163798,14.078044471635113,9.704060527839234,2.6446164541264765,2025-02-01,2,2025,50
QH8,202503,6754,2806,6142,1429,17131,0.39425602708540075,0.16379662599964975,0.35853131749460043,0.08341602942034908,7571,0.4419473469149495,17.258081781374432,1163798,14.719908437718573,9.748644966730458,2.6892008930177003,2025-03-01,3,2025,51
QH8,202504,6546,2776,5990,1396,16708,0.3917883648551592,0.1661479530763706,0.35851089298539623,0.08355278908307398,7386,0.4420636820684702,17.258081781374432,1163798,14.356443300297817,9.723642925617066,2.664198851904308,2025-04-01,4,2025,52
QH8,202505,6683,2873,6168,1418,17142,0.3898611597246529,0.1676000466690001,0.35981799089954497,0.082720802706802,7586,0.44253879360634696,17.258081781374432,1163798,14.7293602498028,9.749286871458828,2.6898427977460697,2025-05-01,5,2025,53
QH8,202506,6792,2878,6363,1421,17454,0.38913716053626674,0.16489056949696346,0.3645582674458577,0.08141400252091212,7784,0.4459722699667698,17.258081781374432,1163798,14.997448010737259,9.767324127723256,2.7078800540104986,2025-06-01,6,2025,54
QH8,202507,6774,2974,6438,1558,17744,0.3817628494138864,0.1676059513074842,0.3628268710550045,0.08780432822362488,7996,0.4506311992786294,17.258081781374432,1163798,15.246632147503261,9.783802709590148,2.7243586358773904,2025-07-01,7,2025,55
QH8,202508,5994,2563,5631,1359,15547,0.38554061876889434,0.16485495594005276,0.3621920627773847,0.08741236251366823,6990,0.44960442529105293,17.258081781374432,1163798,13.358847497589787,9.65162297294974,2.5921788992369827,2025-08-01,8,2025,56
QH8,202509,6198,2622,5922,1429,16171,0.38327870879970316,0.16214210623956465,0.3662111186692227,0.08836806629150949,7351,0.4545791849607322,17.258081781374432,1163798,13.895023019458703,9.690974793577944,2.631530719865186,2025-09-01,9,2025,57
QH8,202510,6441,2747,6071,1424,16683,0.38608163999280704,0.1646586345381526,0.36390337469280104,0.08535635077623928,7495,0.44925972546904036,17.258081781374432,1163798,14.3349619091973,9.722145515855674,2.6627014421429154,2025-10-01,10,2025,58
QH8,202511,6043,2539,5475,1360,15417,0.391969903353441,0.16468833106311215,0.3551274567036388,0.08821430887980801,6835,0.44334176558344685,17.258081781374432,1163798,13.247144263867098,9.643226075660339,2.583782001947581,2025-11-01,11,2025,59
QH8,202512,6069,2624,5691,1397,15781,0.38457638932893984,0.16627590140041823,0.36062353463025154,0.08852417464039035,7088,0.4491477092706419,17.258081781374432,1163798,13.559913318290631,9.666561963748133,2.6071178900353744,2025-12-01,12,2025,60
QHG,202101,5382,2068,5062,1047,13559,0.3969319271332694,0.15251862231728003,0.37333136661995725,0.07721808392949332,6109,0.45054945054945056,18.2023396106991,921087,14.720650709433528,9.51480581246231,2.6892513181275906,2021-01-01,1,2021,1
QHG,202102,5438,2125,4959,1027,13549,0.4013580338032327,0.15683814303638646,0.36600487120820724,0.0757989519521736,5986,0.44180382316038086,18.2023396106991,921087,14.709793971687798,9.51406802284643,2.6885135285117125,2021-02-01,2,2021,2
QHG,202103,6307,2456,5737,1196,15696,0.401822120285423,0.1564729867482161,0.36550713557594294,0.07619775739041794,6933,0.44170489296636084,18.2023396106991,921087,17.040735565695748,9.661161181805145,2.8356066874704258,2021-03-01,3,2021,3
QHG,202104,6362,2474,5631,1243,15710,0.40496499045194145,0.1574793125397836,0.35843411839592615,0.07912157861234882,6874,0.43755569700827496,18.2023396106991,921087,17.05593499853977,9.662052731249666,2.8364982369149483,2021-04-01,4,2021,4
QHG,202105,5276,2155,5020,1215,13666,0.3860676130542953,0.15769061905458803,0.36733499195082686,0.08890677594028977,6235,0.45624176789111665,18.2023396106991,921087,14.836817803312824,9.522666275340724,2.697111781006005,2021-05-01,5,2021,5
QHG,202106,5615,2222,5256,1213,14306,0.3924926604222005,0.15531944638613168,0.36739829442192085,0.08478959876974695,6469,0.45218789319166786,18.2023396106991,921087,15.531649019039461,9.56843430866833,2.7428798143336106,2021-06-01,6,2021,6
QHG,202107,5354,2144,5242,1199,13939,0.38410215940885284,0.15381304254250663,0.37606714972379657,0.08601764832484396,6441,0.4620847980486405,18.2023396106991,921087,15.133206743771218,9.542445945729886,2.716891451395168,2021-07-01,7,2021,7
QHG,202108,4998,1994,4901,1073,12966,0.3854696899583526,0.1537868270862255,0.3779885855313898,0.08275489742403208,5974,0.4607434829554219,18.2023396106991,921087,14.076846161111817,9.470085825734941,2.6445313314002226,2021-08-01,8,2021,8
QHG,202109,5178,2003,4909,1208,13298,0.38938186193412544,0.1506241540081215,0.36915325612874117,0.09084072792901188,6117,0.45999398405775305,18.2023396106991,921087,14.43728985427001,9.495368926962401,2.669814432627682,2021-09-01,9,2021,9
QHG,202110,5018,2017,4891,1228,13154,0.3814809183518321,0.1533373878668086,0.3718260605139121,0.09335563326744717,6119,0.46518169378135926,18.2023396106991,921087,14.280952830731517,9.484481173861296,2.658926679526578,2021-10-01,10,2021,10
QHG,202111,5366,2117,5026,1134,13643,0.39331525324342154,0.1551711500403137,0.3683940482298615,0.08311954848640328,6160,0.45151359671626473,18.2023396106991,921087,14.81184730649765,9.520981848562874,2.6954273542281557,2021-11-01,11,2021,11
QHG,202112,5187,2184,5118,1181,13670,0.37944403803950255,0.15976591075347477,0.3743964886613021,0.08639356254572056,6299,0.46079005120702266,18.2023396106991,921087,14.841160498411117,9.522958929717996,2.6974044353832767,2021-12-01,12,2021,12
QHG,202201,5677,2382,5361,1209,14629,0.3880648027889808,0.16282726092009023,0.3664638731287169,0.08264406316221204,6570,0.449107936290929,18.2023396106991,921087,15.882321648226498,9.590761138978086,2.7652066446433676,2022-01-01,1,2022,13
QHG,202202,5350,2213,5025,1241,13829,0.38686817557307107,0.1600260322510666,0.3633668378046135,0.08973895437124882,6266,0.45310579217586233,18.2023396106991,921087,15.013782628568203,9.534523115464658,2.70896862112994,2022-02-01,2,2022,14
QHG,202203,6248,2612,5660,1422,15942,0.3919207125831138,0.16384393426169866,0.35503700915819847,0.08919834399698909,7082,0.44423535315518753,18.2023396106991,921087,17.307811314240674,9.676712414987868,2.85115792065315,2022-03-01,3,2022,15
QHG,202204,5431,2375,5107,1243,14156,0.383653574456061,0.1677733823113874,0.36076575303758124,0.08780729019497033,6350,0.4485730432325516,18.2023396106991,921087,15.36879795285353,9.557893841465354,2.7323393471306354,2022-04-01,4,2022,16
QHG,202205,5738,2556,5445,1334,15073,0.3806806873217011,0.16957473628342068,0.3612419558150335,0.08850262057984476,6779,0.44974457639487825,18.2023396106991,921087,16.36436080413685,9.62066034281053,2.7951058484758105,2022-05-01,5,2022,17
QHG,202206,5736,2451,5419,1251,14857,0.3860806353907249,0.16497274012250118,0.36474389176819005,0.08420273271858383,6670,0.4489466244867739,18.2023396106991,921087,16.12985526882911,9.606226413637353,2.7806719193026344,2022-06-01,6,2022,18
QHG,202207,5387,2352,5360,1301,14400,0.37409722222222225,0.16333333333333333,0.37222222222222223,0.09034722222222222,6661,0.4625694444444444,18.2023396106991,921087,15.63370235384931,9.574983485564092,2.7494289912293732,2022-07-01,7,2022,19
QHG,202208,5122,2073,5197,1305,13697,0.37395050010951303,0.151347010294225,0.37942615171205374,0.09527633788420822,6502,0.47470248959626193,18.2023396106991,921087,14.870473690324584,9.524932109734822,2.6993776154001026,2022-08-01,8,2022,20
QHG,202209,4939,1814,4758,1174,12685,0.3893575088687426,0.14300354749704375,0.3750886874260938,0.09255025620811982,5932,0.46763894363421366,18.2023396106991,921087,13.77177183045684,9.448175472033382,2.6226209776986638,2022-09-01,9,2022,21
QHG,202210,4991,2180,4853,1259,13283,0.37574343145373784,0.16411955130618083,0.36535421215086955,0.09478280508921177,6112,0.4601370172400813,18.2023396106991,921087,14.421004747651416,9.494240301132503,2.6686858067977846,2022-10-01,10,2022,22
QHG,202211,5329,2140,5071,1220,13760,0.3872819767441861,0.1555232558139535,0.36853197674418603,0.08866279069767442,6291,0.45719476744186044,18.2023396106991,921087,14.938871138122675,9.529521111487334,2.703966617152616,2022-11-01,11,2022,23
QHG,202212,4958,2065,4913,1198,13134,0.3774935282472971,0.1572255215471296,0.37406730622811024,0.09121364397746308,6111,0.4652809502055733,18.2023396106991,921087,14.259239355240059,9.482959566750917,2.6574050724161995,2022-12-01,12,2022,24
QHG,202301,5796,2273,5410,1351,14830,0.39082939986513826,0.15327039784221172,0.3648010788941335,0.09109912339851652,6761,0.45590020229265005,18.2023396106991,921087,16.100542076915644,9.604407435131979,2.7788529407972593,2023-01-01,1,2023,25
QHG,202302,5418,2116,4752,1194,13480,0.4019287833827893,0.156973293768546,0.35252225519287833,0.08857566765578635,5946,0.44109792284866467,18.2023396106991,921087,14.634882481242272,9.508962384466297,2.6834078901315794,2023-02-01,2,2023,26
QHG,202303,6236,2295,5718,1417,15666,0.39805949189327205,0.14649559555725775,0.364994255074684,0.09045065747478616,7135,0.45544491254947017,18.2023396106991,921087,17.008165352458562,9.659248037927183,2.833693543592465,2023-03-01,3,2023,27
QHG,202304,5675,2006,5033,1347,14061,0.40359860607353676,0.14266410639357088,0.35794040253182563,0.09579688500106678,6380,0.4537372875328924,18.2023396106991,921087,15.26565894426911,9.551160286590816,2.7256057922560974,2023-04-01,4,2023,28
QHG,202305,6402,2168,5769,1454,15793,0.4053694674855949,0.13727600835813336,0.3652884189197746,0.09206610523649718,7223,0.45735452415627176,18.2023396106991,921087,17.146045921829316,9.667322082870054,2.841767588535336,2023-05-01,5,2023,29
QHG,202306,6404,2326,6132,1599,16461,0.38904076301561263,0.14130368750379685,0.37251685802806633,0.09713869145252414,7731,0.46965554948059046,18.2023396106991,921087,17.871276003243995,9.708749225727084,2.8831947313923667,2023-06-01,6,2023,30
QHG,202307,6058,2149,5756,1420,15383,0.39381135019177016,0.13969966846518883,0.37417928882532664,0.09230969251771436,7176,0.466488981343041,18.2023396106991,921087,16.700919674254443,9.64101828255575,2.8154637882210327,2023-07-01,7,2023,31
QHG,202308,6010,2160,5585,1432,15187,0.39573319286231645,0.1422269045894515,0.36774873246855866,0.0942911700796734,7017,0.462039902548232,18.2023396106991,921087,16.48812761443816,9.62819507773027,2.802640583395551,2023-08-01,8,2023,32
QHG,202309,5967,2334,5461,1427,15189,0.3928500888801106,0.15366383567055106,0.35953650668246756,0.09394956876687076,6888,0.45348607544933833,18.2023396106991,921087,16.490298961987303,9.62832676063802,2.8027722663033003,2023-09-01,9,2023,33
QHG,202310,5778,2328,5358,1398,14862,0.3887767460637868,0.1566410981025434,0.3605167541380703,0.09406540169559952,6756,0.4545821558336698,18.2023396106991,921087,16.135283637701974,9.606562898717415,2.7810084043826957,2023-10-01,10,2023,34
QHG,202311,5839,2395,5367,1332,14933,0.39101319225875575,0.1603830442643809,0.3594053438692828,0.08919841960758053,6699,0.4486037634768633,18.2023396106991,921087,16.21236647569665,9.61132880805727,2.78577431372255,2023-11-01,11,2023,35
QHG,202312,5360,2304,5020,1348,14032,0.38198403648802737,0.16419612314709237,0.3577537058152794,0.09606613454960092,6368,0.45381984036488027,18.2023396106991,921087,15.234174404806495,9.549095714611964,2.7235412202772458,2023-12-01,12,2023,36
QHG,202401,6126,2736,5665,1457,15984,0.38325825825825827,0.17117117117117117,0.3544169169169169,0.09115365365365366,7122,0.4455705705705706,18.2023396106991,921087,17.353409612772737,9.679343500888335,2.8537890065536162,2024-01-01,1,2024,37
QHG,202402,5814,2536,5333,1336,15019,0.38710966109594513,0.16885278647047075,0.3550835608229576,0.08895399161062655,6669,0.4440375524335841,18.2023396106991,921087,16.305734420309918,9.61707134520558,2.7915168508708623,2024-02-01,2,2024,38
QHG,202403,5872,2574,5357,1327,15130,0.3881031064111038,0.17012557832121614,0.3540647719762062,0.0877065432914739,6684,0.4417713152676801,18.2023396106991,921087,16.426244209287503,9.624434806782402,2.798880312447683,2024-03-01,3,2024,39
QHG,202404,6295,2728,5965,1500,16488,0.38179281901989326,0.16545366327025715,0.36177826297913634,0.09097525473071325,7465,0.45275351770984956,18.2023396106991,921087,17.900589195157462,9.710388122570295,2.8848336282355764,2024-04-01,4,2024,40
QHG,202405,6160,2761,5970,1424,16315,0.3775666564511186,0.16923076923076924,0.36592093165798345,0.08728164266012872,7394,0.4532025743181122,18.2023396106991,921087,17.712767632156357,9.699840209027421,2.8742857146927023,2024-05-01,5,2024,41
QHG,202406,6041,2539,5790,1361,15731,0.3840188163498824,0.1614010552412434,0.3680630601996059,0.08651706820926833,7151,0.4545801284088742,18.2023396106991,921087,17.0787341478058,9.663388566822505,2.8378340724877864,2024-06-01,6,2024,42
QHG,202407,6105,2656,6064,1543,16368,0.37298387096774194,0.16226783968719452,0.3704789833822092,0.09426930596285435,7607,0.4647482893450635,18.2023396106991,921087,17.770308342208715,9.703083488191409,2.877528993856689,2024-07-01,7,2024,43
QHG,202408,5536,2590,5848,1421,15395,0.35959727184150697,0.16823644040272817,0.37986359207534914,0.09230269568041571,7269,0.47216628775576486,18.2023396106991,921087,16.713947759549317,9.641798060358601,2.816243566023882,2024-08-01,8,2024,44
QHG,202409,5292,2307,5398,1389,14386,0.3678576393716113,0.16036424301404142,0.3752259140831364,0.0965522035312109,6787,0.4717781176143473,18.2023396106991,921087,15.618502921005291,9.574010790427302,2.748456296092583,2024-09-01,9,2024,45
QHG,202410,5474,2598,5613,1436,15121,0.36201309437206536,0.17181403346339527,0.3712056080947027,0.09496726406983665,7049,0.4661728721645394,18.2023396106991,921087,16.41647314531635,9.623839785112668,2.7982852907779505,2024-10-01,10,2024,46
QHG,202411,5230,2641,5490,1418,14779,0.3538805061235537,0.1786995060558901,0.3714730360646864,0.09594695175586981,6908,0.4674199878205562,18.2023396106991,921087,16.045172714412427,9.600962533214572,2.775408038879854,2024-11-01,11,2024,47
QHG,202412,5026,2482,5252,1280,14040,0.357977207977208,0.17678062678062678,0.37407407407407406,0.09116809116809117,6532,0.4652421652421652,18.2023396106991,921087,15.242859795003078,9.549665677579801,2.7241111832450833,2024-12-01,12,2024,48
QHG,202501,6096,3033,5913,1429,16471,0.3701050330884585,0.18414182502580292,0.35899459656365734,0.08675854532208123,7342,0.44575314188573856,18.2023396106991,921087,17.88213274098972,9.709356537782675,2.883802043447957,2025-01-01,1,2025,49
QHG,202502,5520,2674,5280,1330,14804,0.3728721967035936,0.1806268576060524,0.35666036206430696,0.08984058362604701,6610,0.446500945690354,18.2023396106991,921087,16.07231455877675,9.602652693506046,2.777098199171328,2025-02-01,2,2025,50
QHG,202503,5795,2924,5557,1376,15652,0.3702402248913877,0.18681318681318682,0.3550345003833376,0.08791208791208792,6933,0.4429465882954255,18.2023396106991,921087,16.992965919614544,9.658353983330302,2.8327994889955845,2025-03-01,3,2025,51
QHG,202504,5918,2824,5474,1368,15584,0.37974845995893225,0.18121149897330596,0.3512577002053388,0.087782340862423,6842,0.4390400410677618,18.2023396106991,921087,16.919140102943587,9.654000025882317,2.828445531547598,2025-04-01,4,2025,52
QHG,202505,6123,3091,5807,1415,16436,0.3725358968118764,0.18806278899975662,0.35330980773910925,0.08609150644925773,7222,0.439401314188367,18.2023396106991,921087,17.844134158879672,9.707229330003301,2.8816748356685817,2025-05-01,5,2025,53
QHG,202506,5800,3042,5851,1338,16031,0.36179901440958145,0.18975734514378392,0.3649803505707691,0.08346328987586552,7189,0.44844364044663465,18.2023396106991,921087,17.404436280177663,9.682279626689674,2.856725132354955,2025-06-01,6,2025,54
QHG,202507,6010,3171,6224,1509,16914,0.3553269480903394,0.18747782901738205,0.3679791888376493,0.0892160340546293,7733,0.4571952228922786,18.2023396106991,921087,18.363086223125503,9.735896960342167,2.910342466007449,2025-07-01,7,2025,55
QHG,202508,5296,2686,5295,1345,14622,0.3621939543154151,0.18369580084803722,0.36212556421830117,0.09198468061824648,6640,0.45411024483654766,18.2023396106991,921087,15.874721931804489,9.590282522853261,2.7647280285185425,2025-08-01,8,2025,56
QHG,202509,5370,2701,5399,1385,14855,0.3614944463143723,0.18182430158195895,0.363446650959273,0.09323460114439583,6784,0.4566812521036688,18.2023396106991,921087,16.127683921279967,9.606091787896707,2.7805372935619896,2025-09-01,9,2025,57
QHG,202510,5488,2700,5469,1409,15066,0.36426390548254345,0.17921146953405018,0.36300278773397054,0.09352183724943582,6878,0.45652462498340635,18.2023396106991,921087,16.35676108771484,9.62019582838564,2.7946413340509215,2025-10-01,10,2025,58
QHG,202511,5529,2651,5166,1372,14718,0.3756624541377905,0.18011958146487295,0.3509987770077456,0.09321918738959098,6538,0.4442179643973366,18.2023396106991,921087,15.978946614163481,9.596826513486544,2.7712720191518256,2025-11-01,11,2025,59
QHG,202512,5394,2830,5495,1426,15145,0.35615714757345657,0.1868603499504787,0.3628260151865302,0.0941564872895345,6921,0.4569825024760647,18.2023396106991,921087,16.442529315906096,9.625425723461337,2.799871229126619,2025-12-01,12,2025,60
QHL,202101,9690,4777,7225,1416,23108,0.4193352951358837,0.20672494374242686,0.3126622814609659,0.06127747966072356,8641,0.3739397611216895,34.76911812817852,1323139,17.46452942585775,10.047934156901157,2.8601719340571408,2021-01-01,1,2021,1
QHL,202102,9542,4627,7122,1408,22699,0.42037094145116527,0.20384157892418167,0.3137583153442883,0.06202916428036477,8530,0.3757874796246531,34.76911812817852,1323139,17.155416022050595,10.030076149635702,2.8423139267916864,2021-02-01,2,2021,2
QHL,202103,11174,5074,7753,1445,25446,0.4391259922974141,0.19940265660614634,0.3046844297728523,0.0567869213235872,9198,0.3614713510964395,34.76911812817852,1323139,19.231539543464443,10.144313838702645,2.95655161585863,2021-03-01,3,2021,3
QHL,202104,10757,5406,7996,1528,25687,0.4187721415502005,0.21045665122435472,0.31128586444505,0.05948534278039475,9524,0.37077120722544477,34.76911812817852,1323139,19.41368216037771,10.153740306328956,2.96597808348494,2021-04-01,4,2021,4
QHL,202105,9070,4590,6999,1363,22022,0.41186086640632097,0.20842793570066298,0.3178185450912724,0.06189265280174371,8362,0.37971119789301605,34.76911812817852,1323139,16.643753982007937,9.999797232673536,2.812035009829521,2021-05-01,5,2021,5
QHL,202106,10498,5124,7820,1555,24997,0.4199703964475737,0.20498459815177822,0.31283754050486057,0.0622074648957875,9375,0.37504500540064806,34.76911812817852,1323139,18.892194999920644,10.126511096649761,2.9387488738057463,2021-06-01,6,2021,6
QHL,202107,9851,4814,7568,1404,23637,0.41676185641155816,0.20366374751448998,0.320175995261666,0.059398400812285826,8972,0.3795743960739519,34.76911812817852,1323139,17.864336248874835,10.070568559913799,2.8828063370697823,2021-07-01,7,2021,7
QHL,202108,8933,4275,7291,1355,21854,0.4087581220829139,0.1956163631371831,0.3336231353527958,0.062002379427107165,8646,0.395625514779903,34.76911812817852,1323139,16.516783195114044,9.992139250130691,2.8043770272866753,2021-08-01,8,2021,8
QHL,202109,9829,4772,7623,1531,23755,0.4137655230477794,0.20088402441591244,0.3209008629762155,0.06444958956009261,9154,0.3853504525363081,34.76911812817852,1323139,17.953518111097928,10.075548313621022,2.887786090777006,2021-09-01,9,2021,9
QHL,202110,9073,4289,7075,1433,21870,0.41486053955189756,0.19611339734796526,0.32350251486053955,0.06552354823959762,8508,0.38902606310013715,34.76911812817852,1323139,16.5288756510087,9.992871113670814,2.805108890826798,2021-10-01,10,2021,10
QHL,202111,9932,4969,7615,1538,24054,0.4129042986613453,0.20657686871206452,0.31657936309969237,0.06393946952689782,9153,0.3805188326265902,34.76911812817852,1323139,18.17949588062932,10.088056581870562,2.9002943590265464,2021-11-01,11,2021,11
QHL,202112,9171,4518,7226,1451,22366,0.4100420280783332,0.2020030403290709,0.32307967450594655,0.06487525708664937,8677,0.3879549315925959,34.76911812817852,1323139,16.903741783743055,10.015297227588134,2.827535004744118,2021-12-01,12,2021,12
QHL,202201,10004,4985,7674,1467,24130,0.41458765022793204,0.20658930791545793,0.31802735184417735,0.06079569001243266,9141,0.37882304185661003,34.76911812817852,1323139,18.23693504612894,10.091211158619078,2.903448935775062,2022-01-01,1,2022,13
QHL,202202,9775,4757,7264,1442,23238,0.42064721576727776,0.20470780617953352,0.31259144504690595,0.062053533006282816,8706,0.37464497805318875,34.76911812817852,1323139,17.562780630001836,10.053544148742807,2.8657819258987915,2022-02-01,2,2022,14
QHL,202203,11093,5418,8293,1586,26390,0.42034861690034103,0.2053050397877984,0.3142478211443729,0.060098522167487685,9879,0.37434634331186056,34.76911812817852,1323139,19.94499444124918,10.18074042949737,2.992978206653354,2022-03-01,3,2022,15
QHL,202204,9734,4828,7204,1392,23158,0.42032990759132915,0.20848087054149753,0.311080404179981,0.06010881768719233,8596,0.37118922186717335,34.76911812817852,1323139,17.502318350528554,10.050095572172218,2.862333349328203,2022-04-01,4,2022,16
QHL,202205,12060,5971,9318,1836,29185,0.4132259722460168,0.2045913996916224,0.3192735994517732,0.06290902861058763,11154,0.3821826280623608,34.76911812817852,1323139,22.057395330347,10.281410157637891,3.093647934793876,2022-05-01,5,2022,17
QHL,202206,12021,5716,9136,1767,28640,0.4197276536312849,0.19958100558659217,0.31899441340782125,0.06169692737430168,10903,0.3806913407821229,34.76911812817852,1323139,21.645496051435263,10.262559621074582,3.0747973982305665,2022-06-01,6,2022,18
QHL,202207,11487,5744,9003,1798,28032,0.4097816780821918,0.20490867579908675,0.3211686643835616,0.06414098173515982,10801,0.3853096461187215,34.76911812817852,1323139,21.18598272743831,10.241101993736118,3.0533397708921024,2022-07-01,7,2022,19
QHL,202208,11517,5287,9042,1816,27662,0.4163473356951775,0.19112862410527076,0.3268744125515147,0.06564962764803702,10858,0.3925240401995517,34.76911812817852,1323139,20.90634468487438,10.227814909184653,3.040052686340638,2022-08-01,8,2022,20
QHL,202209,11077,5084,8695,1773,26629,0.4159750647790003,0.1909196740395809,0.32652371474708025,0.0665815464343385,10468,0.39310526118141875,34.76911812817852,1323139,20.125625501175612,10.189756126469401,3.001993903625386,2022-09-01,9,2022,21
QHL,202210,10437,5206,8181,1748,25572,0.40814171750351946,0.20358204285937745,0.3199202252463632,0.06835601439073988,9929,0.38827623963710306,34.76911812817852,1323139,19.326767633634866,10.149253281886617,2.961491059042602,2022-10-01,10,2022,22
QHL,202211,11385,5619,8879,1753,27636,0.4119626574033869,0.20332175423360835,0.321283832682009,0.06343175568099581,10632,0.3847155883630048,34.76911812817852,1323139,20.88669444404556,10.226874549608686,3.03911232676467,2022-11-01,11,2022,23
QHL,202212,10739,5430,8439,1732,26340,0.40770690964312833,0.2061503416856492,0.3203872437357631,0.06575550493545938,10171,0.3861427486712225,34.76911812817852,1323139,19.90720551657838,10.178843975297273,2.9910817524532565,2022-12-01,12,2022,24
QHL,202301,12553,5985,9401,1940,29879,0.4201278489909301,0.20030790856454367,0.31463569731249375,0.06492854513203253,11341,0.37956424244452625,34.76911812817852,1323139,22.58190560477773,10.304911171484573,3.117148948640557,2023-01-01,1,2023,25
QHL,202302,11649,5520,8460,1774,27403,0.4250994416669708,0.20143779878115534,0.30872532204503156,0.06473743750684231,10234,0.37346275955187386,34.76911812817852,1323139,20.710598055079625,10.218407775433768,3.0306455525897524,2023-02-01,2,2023,26
QHL,202303,12883,5871,9506,2000,30260,0.425743555849306,0.19401850627891606,0.3141440846001322,0.06609385327164574,11506,0.3802379378717779,34.76911812817852,1323139,22.86985721076924,10.317581987342347,3.129819764498331,2023-03-01,3,2023,27
QHL,202304,11458,4796,8455,1644,26353,0.4347892080598034,0.18199066519940804,0.32083633741888967,0.062383789321898836,10099,0.38322012674078854,34.76911812817852,1323139,19.917030636992788,10.179337399481271,2.9915751766372565,2023-04-01,4,2023,28
QHL,202305,13351,5653,9833,1939,30776,0.4338120613465038,0.18368208994021315,0.31950220951390695,0.06300363919937614,11772,0.3825058487132831,34.76911812817852,1323139,23.259838913371915,10.33449044443213,3.1467282215881154,2023-05-01,5,2023,29
QHL,202306,13868,5949,10546,1975,32338,0.4288453212938339,0.1839631393407137,0.3261178798936236,0.06107365947182881,12521,0.3871915393654524,34.76911812817852,1323139,24.440364920087763,10.38399828829976,3.1962360654557442,2023-06-01,6,2023,30
QHL,202307,12693,5449,9677,1882,29701,0.4273593481700953,0.183461836301808,0.32581394565839533,0.06336486986970136,11559,0.3891788155280967,34.76911812817852,1323139,22.447377032949674,10.298935994257638,3.1111737714136227,2023-07-01,7,2023,31
QHL,202308,12943,5815,9630,1858,30246,0.4279243536335383,0.19225682734907096,0.3183892084903789,0.06142961052701184,11488,0.37981881901739073,34.76911812817852,1323139,22.859276311861414,10.317119223310685,3.1293570004666704,2023-08-01,8,2023,32
QHL,202309,12581,5866,9321,1845,29613,0.4248471954884679,0.19808867727011786,0.3147604092797082,0.06230371796170601,11166,0.37706412724141425,34.76911812817852,1323139,22.380868525529063,10.295968733085997,3.108206510241982,2023-09-01,9,2023,33
QHL,202310,12284,5807,9115,1856,29062,0.42268254077489503,0.19981419035166195,0.3136398045557773,0.06386346431766568,10971,0.377503268873443,34.76911812817852,1323139,21.964434575656828,10.27718675788064,3.089424535036626,2023-10-01,10,2023,34
QHL,202311,12412,5936,9015,1878,29241,0.4244724872610376,0.20300263328887522,0.30829998974043293,0.06422488970965426,10893,0.3725248794500872,34.76911812817852,1323139,22.099718925978298,10.28332711300532,3.095564890161304,2023-11-01,11,2023,35
QHL,202312,10967,5593,8631,1726,26917,0.40743767879035553,0.20778690047182077,0.32065237582197126,0.06412304491585244,10357,0.38477542073782367,34.76911812817852,1323139,20.343289707279432,10.200513336241043,3.0127511133970266,2023-12-01,12,2023,36
QHL,202401,13420,6505,9812,2004,31741,0.4227970133266123,0.20493998298730348,0.3091269966289657,0.06313600705711855,11816,0.3722630036860842,34.76911812817852,1323139,23.98916515951839,10.365364499570234,3.1776022767262186,2024-01-01,1,2024,37
QHL,202402,12212,5876,9180,1832,29100,0.41965635738831614,0.20192439862542955,0.3154639175257732,0.0629553264604811,11012,0.3784192439862543,34.76911812817852,1323139,21.993154158406636,10.278493453159584,3.0907312303155683,2024-02-01,2,2024,38
QHL,202403,12311,5881,9244,1815,29251,0.4208745000170934,0.20105295545451438,0.3160233838159379,0.062049160712454275,11059,0.3780725445283922,34.76911812817852,1323139,22.10727671091246,10.283669040109793,3.0959068172657775,2024-03-01,3,2024,39
QHL,202404,13493,6461,9777,1923,31654,0.426265242939281,0.20411322423706324,0.30887091678776774,0.06075061603588804,11700,0.3696215328236558,34.76911812817852,1323139,23.923412430591192,10.362619801893228,3.174857579049213,2024-04-01,4,2024,40
QHL,202405,12840,6253,9618,1908,30619,0.41934746399294553,0.2042196022077795,0.31411868447695873,0.06231424932231621,11526,0.37643293379927495,34.76911812817852,1323139,23.141181689905594,10.32937601028517,3.141613787441155,2024-05-01,5,2024,41
QHL,202406,12000,6037,9089,1874,29000,0.41379310344827586,0.20817241379310344,0.3134137931034483,0.06462068965517241,10963,0.37803448275862067,34.76911812817852,1323139,21.917576309065034,10.275051108968611,3.0872888861245955,2024-06-01,6,2024,42
QHL,202407,12566,6294,9916,1909,30685,0.40951605018738796,0.20511650643636956,0.32315463581554504,0.06221280756069741,11825,0.38536744337624246,34.76911812817852,1323139,23.191063070471053,10.331529214823197,3.1437669919791817,2024-07-01,7,2024,43
QHL,202408,11410,5975,9418,1970,28773,0.39655232335870433,0.20765995898933026,0.327320752093977,0.0684669655579884,11388,0.3957877176519654,34.76911812817852,1323139,21.746014591059595,10.267192726396061,3.0794305035520453,2024-08-01,8,2024,44
QHL,202409,10809,5532,8988,1893,27222,0.3970685474983469,0.20321798545294248,0.33017412387039896,0.06953934317831166,10881,0.3997134670487106,34.76911812817852,1323139,20.57380214777132,10.21178074889202,3.0240185260480033,2024-09-01,9,2024,45
QHL,202410,11767,6365,9734,1972,29838,0.3943628929552919,0.21331858703666465,0.3262282994838796,0.06609022052416381,11706,0.39231852000804346,34.76911812817852,1323139,22.55091868654767,10.303538027942794,3.115775805098778,2024-10-01,10,2024,46
QHL,202411,11147,6116,9413,1852,28528,0.3907389231632081,0.214385866517106,0.329956533931576,0.06491867638810993,11265,0.3948752103196859,34.76911812817852,1323139,21.560848860172666,10.25864134010292,3.0708791172589063,2024-11-01,11,2024,47
QHL,202412,10239,5936,9025,1828,27028,0.37882936214296287,0.21962409353263282,0.3339129791327512,0.0676335651916531,10853,0.40154654432440434,34.76911812817852,1323139,20.427181120048612,10.204628644672065,3.0168664218280496,2024-12-01,12,2024,48
QHL,202501,12214,6975,10256,1970,31415,0.3887951615470317,0.2220276937768582,0.32646824765239535,0.06270889702371478,12226,0.38917714467611014,34.76911812817852,1323139,23.742781370664762,10.355040764837048,3.167278541993032,2025-01-01,1,2025,49
QHL,202502,10586,5961,8947,1779,27273,0.38814945183881494,0.2185678143218568,0.3280533861328053,0.06522934770652293,10726,0.39328273383932827,34.76911812817852,1323139,20.61234685093554,10.213652480789968,3.0258902579459526,2025-02-01,2,2025,50
QHL,202503,11499,6646,9489,1975,29609,0.38836164679658214,0.22445877942517478,0.3204768820291128,0.06670269174913034,11464,0.3871795737782431,34.76911812817852,1323139,22.377845411555402,10.29583364815114,3.108071425307124,2025-03-01,3,2025,51
QHL,202504,10949,6518,9280,1925,28672,0.38187081473214285,0.22732979910714285,0.3236607142857143,0.067138671875,11205,0.3907993861607143,34.76911812817852,1323139,21.66968096322457,10.263676315774656,3.0759140929306414,2025-04-01,4,2025,52
QHL,202505,11535,6783,9528,2006,29852,0.38640627093662067,0.22722095671981776,0.31917459466702397,0.06719817767653759,11534,0.38637277234356154,34.76911812817852,1323139,22.561499585455497,10.304007118251278,3.1162448954072626,2025-05-01,5,2025,53
QHL,202506,11376,6721,9513,1967,29577,0.3846231869357947,0.22723738039693003,0.32163505426513844,0.0665043784021368,11480,0.38813943266727524,34.76911812817852,1323139,22.353660499766086,10.294752311243151,3.1069900883991353,2025-06-01,6,2025,54
QHL,202507,11524,6609,9763,2092,29988,0.38428704815259435,0.22038815526210484,0.32556355875683607,0.06976123782846472,11855,0.3953247965853008,34.76911812817852,1323139,22.664285460560077,10.308552580622953,3.120790357778937,2025-07-01,7,2025,55
QHL,202508,9968,5802,8660,1795,26225,0.38009532888465203,0.22123927550047665,0.33021925643469974,0.06844613918017159,10455,0.3986653956148713,34.76911812817852,1323139,19.820290989835534,10.174468433264497,2.9867062104204822,2025-08-01,8,2025,56
QHL,202509,10754,6141,9137,1915,27947,0.38479979962071065,0.21973736000286256,0.3269402798153648,0.06852256056106201,11052,0.3954628403764268,34.76911812817852,1323139,21.121741555497948,10.238065138296543,3.050302915452528,2025-09-01,9,2025,57
QHL,202510,10828,6215,9244,2005,28292,0.38272303124558177,0.21967340590979784,0.32673547292520855,0.07086808991941185,11249,0.3976035628446204,34.76911812817852,1323139,21.382485135726483,10.25033435815588,3.062572135311865,2025-10-01,10,2025,58
QHL,202511,10239,5913,8573,1774,26499,0.3863919393184648,0.2231404958677686,0.3235216423261255,0.06694592248764104,10347,0.39046756481376654,34.76911812817852,1323139,20.02737429703153,10.184862275413241,2.9971000525692264,2025-11-01,11,2025,59
QHL,202512,10246,5988,8786,1899,26919,0.3806233515360897,0.22244511311712917,0.3263865671087336,0.07054496823804747,10685,0.3969315353467811,34.76911812817852,1323139,20.344801264266263,10.200587635966167,3.012825413122152,2025-12-01,12,2025,60
QHM,202101,21388,9892,19178,4855,55313,0.38667221087267006,0.1788368014752409,0.346717769782872,0.087773217869217,24033,0.43449098765208904,27.370400700576408,2938723,18.822121036926585,10.920763241257452,2.9350328290251317,2021-01-01,1,2021,1
QHM,202102,20800,9390,18624,4670,53484,0.3889013536758657,0.17556652456809513,0.3482162889836213,0.08731583277241792,23294,0.43553212175603917,27.370400700576408,2938723,18.19974186066533,10.887137822734557,2.901407410502236,2021-02-01,2,2021,2
QHM,202103,23821,10529,20737,5338,60425,0.3942242449317336,0.17424906909391807,0.3431857674803475,0.08834091849400083,26075,0.43152668597434835,27.370400700576408,2938723,20.5616521189646,11.009158205571683,3.023427793339364,2021-03-01,3,2021,3
QHM,202104,23629,10478,20135,4959,59201,0.39913177142278,0.17699025354301448,0.34011249809969424,0.08376547693451124,25094,0.4238779750342055,27.370400700576408,2938723,20.145144676786483,10.988693712621323,3.002963300389003,2021-04-01,4,2021,4
QHM,202105,19446,8996,17816,4744,51002,0.3812791655229207,0.17638523979451787,0.34931963452413634,0.09301596015842516,22560,0.44233559468256145,27.370400700576408,2938723,17.355157325137483,10.839620126623823,2.8538897143915025,2021-05-01,5,2021,5
QHM,202106,21346,9913,18936,4889,55084,0.3875172463873357,0.1799615133251035,0.3437658848304408,0.08875535545712003,23825,0.43252124028756084,27.370400700576408,2938723,18.74419603344718,10.916614571847017,2.930884159614697,2021-06-01,6,2021,6
QHM,202107,20017,9358,18500,4748,52623,0.3803850027554491,0.17783098645079148,0.351557303840526,0.09022670695323337,23248,0.4417840107937594,27.370400700576408,2938723,17.906757458937097,10.87090856551189,2.88517815327957,2021-07-01,7,2021,7
QHM,202108,18604,8706,17248,4690,49248,0.37776153346328784,0.17677875243664717,0.350227420402859,0.09523229369720598,21938,0.44545971410006496,27.370400700576408,2938723,16.75829943822538,10.804624036638605,2.818893624406286,2021-08-01,8,2021,8
QHM,202109,19650,9360,18174,5061,52245,0.3761125466551823,0.17915590008613264,0.34786103933390755,0.0968705139247775,23235,0.444731553258685,27.370400700576408,2938723,17.778130160617383,10.86369947146821,2.8779690592358915,2021-09-01,9,2021,9
QHM,202110,19335,8804,17418,4656,50213,0.3850596459084301,0.17533308107462212,0.3468822814808914,0.0927249915360564,22074,0.4396072730169478,27.370400700576408,2938723,17.086673361184435,10.824029236297822,2.838298824065501,2021-10-01,10,2021,10
QHM,202111,20031,9559,18391,5136,53117,0.37711090611292053,0.17996121768925202,0.3462356684300695,0.09669220776775797,23527,0.4429278761978274,27.370400700576408,2938723,18.074857684783492,10.880252306651878,2.894521894419557,2021-11-01,11,2021,11
QHM,202112,19961,9416,18718,5118,53213,0.3751151034521639,0.17694924172664575,0.3517561498130156,0.0961795050081747,23836,0.4479356548211903,27.370400700576408,2938723,18.107524935150405,10.88205800638073,2.896327594148409,2021-12-01,12,2021,12
QHM,202201,21011,10069,18857,4812,54749,0.3837695665674259,0.18391203492301228,0.3444263822170268,0.08789201629253503,23669,0.43231839850956183,27.370400700576408,2938723,18.63020094102098,10.91051438267176,2.9247839704394405,2022-01-01,1,2022,13
QHM,202202,20618,9936,18350,4913,53817,0.38311314268725494,0.18462567590166676,0.3409703253618745,0.09129085604920378,23263,0.4322611814110783,27.370400700576408,2938723,18.313056385375553,10.8933446813672,2.9076142691348803,2022-02-01,2,2022,14
QHM,202203,23352,11124,20721,5351,60548,0.38567747902490584,0.1837220056814428,0.3422243509281892,0.08837616436546211,26072,0.43060051529365134,27.370400700576408,2938723,20.603507033497202,11.011191717882456,3.025461305650136,2022-03-01,3,2022,15
QHM,202204,20274,9890,18073,4867,53104,0.3817791503464899,0.1862383247966255,0.340332178366978,0.0916503464899066,22940,0.4319825248568846,27.370400700576408,2938723,18.07043399462964,10.880007533959756,2.894277121727436,2022-04-01,4,2022,16
QHM,202205,21304,10537,19460,5157,56458,0.37734244925431293,0.18663431223210175,0.34468100180665273,0.09134223670693259,24617,0.4360232385135853,27.370400700576408,2938723,19.211746054323594,10.941252277871524,2.955521865639203,2022-05-01,5,2022,17
QHM,202206,20461,10027,18947,4962,54397,0.37614206665808775,0.18433001819953307,0.34830964942919646,0.09121826571318271,23909,0.43952791514237916,27.370400700576408,2938723,18.510421023008973,10.904064284264555,2.9183338720322354,2022-06-01,6,2022,18
QHM,202207,20362,9992,18517,5110,53981,0.3772067949834201,0.18510216557677703,0.3430281024805024,0.09466293695930049,23627,0.4376910394398029,27.370400700576408,2938723,18.36886293808569,10.896387411780173,2.9106569995478533,2022-07-01,7,2022,19
QHM,202208,19809,9181,18430,5143,52563,0.3768620512527824,0.17466659056750947,0.3506268668074501,0.09784449137225805,23573,0.4484713581797082,27.370400700576408,2938723,17.886340427457778,10.869767729155198,2.8840373169228775,2022-08-01,8,2022,20
QHM,202209,19055,8648,17484,4935,50122,0.38017237939427795,0.17253900482821916,0.34882885758748655,0.09845975819001636,22419,0.4472886157775029,27.370400700576408,2938723,17.055707530107465,10.822215312443701,2.8364849002113806,2022-09-01,9,2022,21
QHM,202210,19209,9817,17435,4984,51445,0.37338905627369035,0.19082515307610068,0.3389056273690349,0.09688016328117408,22419,0.43578579065020895,27.370400700576408,2938723,17.50590307422646,10.848268554809911,2.862538142577591,2022-10-01,10,2022,22
QHM,202211,21207,10212,18915,5158,55492,0.38216319469473076,0.18402652634613997,0.34085994377567935,0.09295033518344986,24073,0.43381027895912927,27.370400700576408,2938723,18.88303184750655,10.923994145200616,2.9382637329682963,2022-11-01,11,2022,23
QHM,202212,19769,9825,18147,4935,52676,0.37529425165160607,0.18651757916318626,0.3445022401093477,0.09368592907585997,23082,0.4381881691852077,27.370400700576408,2938723,17.924792503410497,10.871915222830111,2.8861848105977908,2022-12-01,12,2022,24
QHM,202301,21935,10416,19370,5217,56938,0.3852435982999052,0.18293582493238258,0.34019459763251253,0.0916259791351997,24587,0.43182057676771224,27.370400700576408,2938723,19.375082306158152,10.949718235522484,2.963987823290163,2023-01-01,1,2023,25
QHM,202302,20775,9898,17592,4848,53113,0.3911471767740478,0.18635738896315404,0.33121834579104925,0.09127708847174891,22440,0.4224954342627982,27.370400700576408,2938723,18.07349654935154,10.880176998358516,2.894446586126196,2023-02-01,2,2023,26
QHM,202303,23589,10856,20427,5582,60454,0.39019750554140337,0.17957455255235386,0.3378932742250306,0.09233466768121217,26009,0.43022794190624275,27.370400700576408,2938723,20.571520350846267,11.009638024242527,3.023907612010206,2023-03-01,3,2023,27
QHM,202304,19745,8837,17526,4931,51039,0.3868610278414546,0.1731421070162033,0.34338447069887734,0.0966123944434648,22457,0.43999686514234215,27.370400700576408,2938723,17.367747827883065,10.840345325350247,2.8546149131179277,2023-04-01,4,2023,28
QHM,202305,22115,9706,19723,5440,56984,0.38809139407552995,0.17032851326688192,0.3461146988628387,0.0954653937947494,25163,0.4415800926575881,27.370400700576408,2938723,19.39073536362563,10.95052580565819,2.9647953934258697,2023-05-01,5,2023,29
QHM,202306,23025,10397,20915,5619,59956,0.38403162319033957,0.17341050103409167,0.3488391487090533,0.09371872706651545,26534,0.44255787577556877,27.370400700576408,2938723,20.40205898956792,11.001366238850487,3.0156358266181664,2023-06-01,6,2023,30
QHM,202307,20882,9928,19211,5376,55397,0.3769518204956947,0.1792154809827247,0.34678773218766357,0.097044966333917,24587,0.4438326985215806,27.370400700576408,2938723,18.850704880997633,10.922280719644574,2.9365503074122543,2023-07-01,7,2023,31
QHM,202308,20726,9950,18223,5428,54327,0.38150459255986896,0.18315018315018314,0.33543173744178767,0.09991348684816022,23651,0.43534522428994793,27.370400700576408,2938723,18.48660115294977,10.902776619909453,2.9170462076771324,2023-08-01,8,2023,32
QHM,202309,20732,10280,17692,5359,54063,0.38347853430257295,0.19014853041821578,0.3272478404824002,0.09912509479681113,23051,0.4263729352792113,27.370400700576408,2938723,18.396766214440763,10.897905312186381,2.912174899954061,2023-09-01,9,2023,33
QHM,202310,21549,10900,17382,5478,55309,0.3896110940353288,0.19707461715091576,0.31427073351534107,0.09904355529841437,22860,0.4133142888137554,27.370400700576408,2938723,18.82075990149463,10.920690922912064,2.9349605106797436,2023-10-01,10,2023,34
QHM,202311,21654,11225,17805,5569,56253,0.38493946989493893,0.19954491316018702,0.316516452455869,0.09899916448900503,23374,0.41551561694487404,27.370400700576408,2938723,19.141987863435922,10.937614651977828,2.9518842397455085,2023-11-01,11,2023,35
QHM,202312,19588,10257,17697,5287,52829,0.37078119971985085,0.19415472562418368,0.3349864657669083,0.10007760888905715,22984,0.43506407465596547,27.370400700576408,2938723,17.97685593368276,10.874815561340181,2.8890851491078617,2023-12-01,12,2023,36
QHM,202401,23441,12163,19649,5731,60984,0.3843795093795094,0.1994457562639381,0.32219926538108357,0.09397546897546898,25380,0.41617473435655256,27.370400700576408,2938723,20.751870795580256,11.01836681366811,3.0326364014357896,2024-01-01,1,2024,37
QHM,202402,21870,11481,19133,5341,57825,0.3782101167315175,0.1985473411154345,0.33087764807609166,0.09236489407695633,24474,0.42324254215304796,27.370400700576408,2938723,19.676914088194092,10.96517648709964,2.97944607486732,2024-02-01,2,2024,38
QHM,202403,22229,11097,19259,5462,58047,0.3829483005150998,0.19117267042224403,0.33178286560890313,0.09409616345375299,24721,0.4258790290626561,27.370400700576408,2938723,19.75245710466757,10.969008306204039,2.9832778939717186,2024-03-01,3,2024,39
QHM,202404,23158,11847,20163,5738,60906,0.38022526516270977,0.19451285587626835,0.33105112796768793,0.094210750993334,25901,0.4252618789610219,27.370400700576408,2938723,20.725328654657144,11.017086971012485,3.0313565587801663,2024-04-01,4,2024,40
QHM,202405,22018,11575,19407,5886,58886,0.37390890873891924,0.19656624664606187,0.32956899772441667,0.09995584689060218,25293,0.42952484461501883,27.370400700576408,2938723,20.037955261520054,10.983358650384996,2.9976282381526773,2024-05-01,5,2024,41
QHM,202406,21252,11150,18423,5378,56203,0.37812928135508783,0.19838798640641958,0.32779389000587156,0.09568884223262103,23801,0.4234827322384926,27.370400700576408,2938723,19.124973670536487,10.936725415239998,2.9509950030076775,2024-06-01,6,2024,42
QHM,202407,21029,11302,19609,5839,57779,0.3639557624742554,0.19560740061267934,0.3393793592827844,0.1010574776302809,25448,0.4404368369130653,27.370400700576408,2938723,19.66126103072661,10.964380666843805,2.9786502546114852,2024-07-01,7,2024,43
QHM,202408,19758,10380,18315,5634,54087,0.3653003494370181,0.19191302900881912,0.338621110433191,0.10416551112097176,23949,0.44278662155416276,27.370400700576408,2938723,18.404933027032488,10.89834914021031,2.91261872797799,2024-08-01,8,2024,44
QHM,202409,18703,10303,17654,5402,52062,0.3592447466482271,0.19789865929084552,0.339095693596097,0.1037609004648304,23056,0.44285659406092737,27.370400700576408,2938723,17.715858214605458,10.860190595021544,2.8744601827892247,2024-09-01,9,2024,45
QHM,202410,20329,12050,18976,5652,57007,0.3566053291701019,0.2113775501254232,0.3328714017576789,0.09914571894679601,24628,0.4320171207044749,27.370400700576408,2938723,19.398561892359368,10.950929346294066,2.9651989340617466,2024-10-01,10,2024,46
QHM,202411,20066,11570,18471,5572,55679,0.36038721959805314,0.20779827223908476,0.3317408717828984,0.10007363637996372,24043,0.4318145081628621,27.370400700576408,2938723,18.946664928950433,10.927358335076908,2.941627922844588,2024-11-01,11,2024,47
QHM,202412,18454,11062,17835,5545,52896,0.348873260738052,0.20912734422262552,0.3371710526315789,0.1048283424077435,23380,0.44199939503932245,27.370400700576408,2938723,17.999654952168,10.876083000620751,2.890352588388431,2024-12-01,12,2024,48
QHM,202501,21698,12837,20256,5936,60727,0.3573039998682629,0.2113886739012301,0.3335583842442406,0.09774894198626641,26192,0.43130732623050705,27.370400700576408,2938723,20.664417844077175,11.014143688692364,3.0284132764600438,2025-01-01,1,2025,49
QHM,202502,18813,11491,18160,5177,53641,0.35072053093715627,0.21422046568855913,0.3385470069536362,0.09651199642064838,23337,0.4350590033742846,27.370400700576408,2938723,18.25316642636955,10.890068980025717,2.9043385677933977,2025-02-01,2,2025,50
QHM,202503,19895,12229,18779,5666,56569,0.3516943909208224,0.21617847230815465,0.3319662712793226,0.1001608654917004,24445,0.432127136771023,27.370400700576408,2938723,19.249517562560335,10.943216410966887,2.9574859987345667,2025-03-01,3,2025,51
QHM,202504,19327,12216,18279,5505,55327,0.3493231152963291,0.22079635620944565,0.3303811882082889,0.09949934028593634,23784,0.42988052849422526,27.370400700576408,2938723,18.826885010938426,10.921016314288448,2.935285902056128,2025-04-01,4,2025,52
QHM,202505,19354,12518,18767,5689,56328,0.3435946598494532,0.2222340576622639,0.3331735548927709,0.100997727595512,24456,0.4341712824882829,27.370400700576408,2938723,19.16750915278507,10.938947026198969,2.9532166139666494,2025-05-01,5,2025,53
QHM,202506,19161,12022,18248,5556,54987,0.34846418244312294,0.21863349518977213,0.3318602578791351,0.10104206448796989,23804,0.43290232236710496,27.370400700576408,2938723,18.71118849922228,10.914852072639958,2.9291216604076378,2025-06-01,6,2025,54
QHM,202507,19927,12468,19293,6094,57782,0.3448651829289398,0.21577653940673566,0.3338929078259666,0.10546536983835797,25387,0.4393582776643245,27.370400700576408,2938723,19.662281882300576,10.96443258747448,2.978702175242159,2025-07-01,7,2025,55
QHM,202508,17649,10974,17346,5288,51257,0.3443237021284898,0.21409758667108883,0.338412314415592,0.10316639678482939,22634,0.4415787112004214,27.370400700576408,2938723,17.44192970892459,10.844607473039577,2.8588770608072567,2025-08-01,8,2025,56
QHM,202509,18507,11608,17951,5748,53814,0.34390679005463265,0.21570595012450292,0.3335749061582488,0.10681235366261567,23699,0.44038725982086446,27.370400700576408,2938723,18.312035533801588,10.893288935346058,2.9075585231137384,2025-09-01,9,2025,57
QHM,202510,19291,12234,18822,5881,56228,0.3430852955822722,0.2175784306751085,0.33474425553105214,0.10459201821156719,24703,0.43933627374261935,27.370400700576408,2938723,19.133480766986207,10.937170132451657,2.9514397202193368,2025-10-01,10,2025,58
QHM,202511,17752,11326,17159,5415,51652,0.34368465887090527,0.21927514907457601,0.3322039804847828,0.10483621156973592,22574,0.4370401920545187,27.370400700576408,2938723,17.57634183283011,10.852284195966542,2.866553783734222,2025-11-01,11,2025,59
QHM,202512,18030,11675,18123,5898,53726,0.33559170606410305,0.2173063321296951,0.3373227115363139,0.10977925026988795,24021,0.4471019618062018,27.370400700576408,2938723,18.282090554298584,10.891652334646002,2.905921922413681,2025-12-01,12,2025,60
QJ2,202101,5742,2672,6489,1589,16492,0.34816880911957315,0.16201794809604655,0.3934634974533107,0.0963497453310696,8078,0.4898132427843803,20.334683603188083,1036360,15.91338916978656,9.71063069382679,2.76716084102066,2021-01-01,1,2021,1
QJ2,202102,5708,2523,6067,1519,15817,0.3608775368274641,0.15951191755705887,0.3835746348865145,0.0960359107289625,7586,0.479610545615477,20.334683603188083,1036360,15.262071094986299,9.668840589963489,2.725370737157358,2021-02-01,2,2021,2
QJ2,202103,6787,2853,7077,1756,18473,0.3674010718345694,0.15444161749580468,0.38309965896172793,0.09505765170789801,8833,0.47815731066962597,20.334683603188083,1036360,17.824887104867035,9.824065485558638,2.880595632752507,2021-03-01,3,2021,3
QJ2,202104,6384,2974,6910,1641,17909,0.35646881456251045,0.16606175665866324,0.3858395220280306,0.09162990675079569,8551,0.4774694287788263,20.334683603188083,1036360,17.280674669033925,9.79305865876674,2.8495888059606087,2021-04-01,4,2021,4
QJ2,202105,5450,2392,6072,1592,15506,0.35147684767186893,0.15426286598735972,0.3915903521217593,0.102669934219012,7664,0.4942602863407713,20.334683603188083,1036360,14.961982322744992,9.648982324778904,2.7055124719727734,2021-05-01,5,2021,5
QJ2,202106,5839,2697,6383,1631,16550,0.352809667673716,0.1629607250755287,0.3856797583081571,0.09854984894259819,8014,0.4842296072507553,20.334683603188083,1036360,15.969354278436064,9.71414138080521,2.7706715279990783,2021-06-01,6,2021,6
QJ2,202107,5706,2543,6555,1632,16436,0.34716476028230714,0.15472134339255295,0.39881966415186176,0.09929423217327817,8187,0.4981138963251399,20.334683603188083,1036360,15.8593538924698,9.707229330003301,2.7637594771971696,2021-07-01,7,2021,7
QJ2,202108,5137,2206,5754,1541,14638,0.35093592020767866,0.15070364803934963,0.39308648722503076,0.10527394452794098,7295,0.49836043175297173,20.334683603188083,1036360,14.124435524335174,9.591376166161172,2.647906313355042,2021-08-01,8,2021,8
QJ2,202109,5506,2467,6260,1680,15913,0.34600640985357883,0.15503047822535035,0.3933890529755546,0.10557405894551625,7940,0.49896311192107085,20.334683603188083,1036360,15.354702998957892,9.674891664210184,2.7314218114040534,2021-09-01,9,2021,9
QJ2,202110,5241,2185,5731,1527,14684,0.35691909561427404,0.14880141650776355,0.39028874965949334,0.10399073821846908,7258,0.4942794878779624,20.334683603188083,1036360,14.168821644988228,9.594513744616725,2.6510438918105943,2021-10-01,10,2021,10
QJ2,202111,5719,2505,6182,1689,16095,0.3553277415346381,0.15563839701770738,0.38409443926685305,0.10493942218080149,7871,0.48903386144765454,20.334683603188083,1036360,15.53031765023737,9.686263943732909,2.742794090926778,2021-11-01,11,2021,11
QJ2,202112,5295,2516,6077,1627,15515,0.3412826297131808,0.16216564614888818,0.39168546567837575,0.10486625845955527,7704,0.496551724137931,20.334683603188083,1036360,14.970666563742329,9.64956257688248,2.70609272407635,2021-12-01,12,2021,12
QJ2,202201,5676,2642,6288,1645,16251,0.34927081410374744,0.16257461079318195,0.38693003507476464,0.10122454002830596,7933,0.4881545751030706,20.334683603188083,1036360,15.680844494191208,9.69590972432601,2.752439871519878,2022-01-01,1,2022,13
QJ2,202202,5518,2661,6110,1609,15898,0.34708768398540696,0.16737954459680462,0.38432507233614294,0.1012076990816455,7719,0.4855327714177884,20.334683603188083,1036360,15.34022926396233,9.673948594133059,2.730478741326927,2022-02-01,2,2022,14
QJ2,202203,6336,2970,6804,1728,17838,0.35519677093844604,0.16649848637739656,0.38143289606458125,0.09687184661957618,8532,0.4783047426841574,20.334683603188083,1036360,17.212165656721602,9.789086292226152,2.845616439420022,2022-03-01,3,2022,15
QJ2,202204,5432,2651,5950,1591,15624,0.34767025089605735,0.16967485919098824,0.38082437275985664,0.1018305171530978,7541,0.4826548899129544,20.334683603188083,1036360,15.07584237137674,9.656563472556515,2.713093619750384,2022-04-01,4,2022,16
QJ2,202205,6105,2933,6497,1756,17291,0.35307385344977155,0.16962581689896478,0.3757446070209936,0.10155572263027009,8253,0.4773003296512637,20.334683603188083,1036360,16.684356787216796,9.75794141390479,2.8144715610986584,2022-05-01,5,2022,17
QJ2,202206,5842,2840,6201,1651,16534,0.35333252691423733,0.1717672674488932,0.37504536107415026,0.09985484456271924,7852,0.47490020563686947,20.334683603188083,1036360,15.953915627774133,9.713174145812621,2.76970429300649,2022-06-01,6,2022,18
QJ2,202207,5755,2718,6312,1668,16453,0.3497842338783201,0.1651978362608643,0.3836382422658482,0.10137968759496749,7980,0.48501792986081566,20.334683603188083,1036360,15.875757458798102,9.70826311038665,2.7647932575805196,2022-07-01,7,2022,19
QJ2,202208,5641,2450,5968,1678,15737,0.35845459744551056,0.15568405668170554,0.37923365317404845,0.10662769269873547,7646,0.4858613458727839,20.334683603188083,1036360,15.184877841676638,9.663769906600864,2.720300053794734,2022-08-01,8,2022,20
QJ2,202209,5530,2207,5820,1662,15219,0.36336158748932257,0.1450160982981799,0.3824167159471713,0.10920559826532623,7482,0.4916223142124975,20.334683603188083,1036360,14.685051526496583,9.6302999262348,2.686830073428669,2022-09-01,9,2022,21
QJ2,202210,5522,2631,5710,1601,15464,0.35708742886704603,0.1701370926021728,0.3692446973616141,0.1035307811691671,7311,0.47277547853078117,20.334683603188083,1036360,14.921455864757421,9.646270020888167,2.702800168082036,2022-10-01,10,2022,22
QJ2,202211,6162,2805,6475,1817,17259,0.3570311142012863,0.16252390057361377,0.3751665797554899,0.10527840546961006,8292,0.48044498522509993,20.334683603188083,1036360,16.653479485892934,9.756089025531404,2.8126191727252725,2022-11-01,11,2022,23
QJ2,202212,5694,2786,6108,1643,16231,0.35081017805434045,0.17164684862300536,0.37631692440391845,0.10122604891873575,7751,0.47754297332265416,20.334683603188083,1036360,15.661546180863791,9.69467827290507,2.7512084200989397,2022-12-01,12,2022,24
QJ2,202301,6252,2923,6412,1719,17306,0.3612619900612504,0.16890095920490003,0.3705073384953195,0.09932971223852999,8131,0.4698370507338495,20.334683603188083,1036360,16.698830522212358,9.758808541166685,2.8153386883605536,2023-01-01,1,2023,25
QJ2,202302,5994,2838,6060,1634,16526,0.36270119811206586,0.17172939610311025,0.3666949049981847,0.09887450078663923,7694,0.4655694057848239,20.334683603188083,1036360,15.946196302443168,9.71269017726113,2.769220324454999,2023-02-01,2,2023,26
QJ2,202303,6486,3034,6742,1842,18104,0.3582633672116659,0.16758727353071146,0.37240388864339374,0.1017454706142289,8584,0.47414935925762264,20.334683603188083,1036360,17.468833223976226,9.803888187313373,2.8604183345072425,2023-03-01,3,2023,27
QJ2,202304,5404,2319,5919,1589,15231,0.35480270500952005,0.15225526885956273,0.3886153240102423,0.10432670212067494,7508,0.4929420261309172,20.334683603188083,1036360,14.696630514493034,9.631088103615504,2.6876182508093733,2023-04-01,4,2023,28
QJ2,202305,6481,2621,6610,1775,17487,0.3706181735003145,0.1498827700577572,0.37799508206095955,0.10150397438096873,8385,0.4794990564419283,20.334683603188083,1036360,16.873480257825467,9.76921302671366,2.825743173907529,2023-05-01,5,2023,29
QJ2,202306,6504,2689,7049,1900,18142,0.3585051262264359,0.148219600926028,0.38854591555506557,0.10472935729247052,8949,0.4932752728475361,20.334683603188083,1036360,17.505500019298314,9.80598497117489,2.862515118368759,2023-06-01,6,2023,30
QJ2,202307,5983,2457,6292,1802,16534,0.3618604088544817,0.14860287891617274,0.3805491714043789,0.10898754082496674,8094,0.4895367122293456,20.334683603188083,1036360,15.953915627774133,9.713174145812621,2.76970429300649,2023-07-01,7,2023,31
QJ2,202308,6140,2785,6501,1877,17303,0.3548517598104375,0.16095474773160723,0.3757151938970121,0.1084782985609432,8378,0.4841934924579553,20.334683603188083,1036360,16.695935775213247,9.758635175856648,2.815165323050518,2023-08-01,8,2023,32
QJ2,202309,5958,2825,6262,1757,16802,0.35460064278062137,0.16813474586358768,0.3726937269372694,0.10457088441852161,8019,0.47726461135579096,20.334683603188083,1036360,16.2125130263615,9.729253205924792,2.7857833531186618,2023-09-01,9,2023,33
QJ2,202310,6151,2759,6275,1760,16945,0.362997934493951,0.16282089111832398,0.3703157273532015,0.10386544703452345,8035,0.474181174387725,20.334683603188083,1036360,16.350495966652513,9.737728084041152,2.794258231235021,2023-10-01,10,2023,34
QJ2,202311,6180,3009,6225,1860,17274,0.35776311219173323,0.17419242792636333,0.3603681833970129,0.10767627648489059,8085,0.46804445988190346,20.334683603188083,1036360,16.667953220888496,9.756957759840232,2.8134879070341,2023-11-01,11,2023,35
QJ2,202312,5541,2840,5954,1728,16063,0.3449542426694889,0.17680383490008092,0.37066550457573305,0.10757641785469713,7682,0.4782419224304302,20.334683603188083,1036360,15.499440348913506,9.684273769557766,2.7408039167516356,2023-12-01,12,2023,36
QJ2,202401,6838,3436,6701,1928,18903,0.3617415225096546,0.18177008940379835,0.35449399566206424,0.10199439242448288,8629,0.4564883880865471,20.334683603188083,1036360,18.239800841406463,9.847075918610166,2.9036060658040346,2024-01-01,1,2024,37
QJ2,202402,6304,3258,6183,1780,17525,0.35971469329529243,0.1859058487874465,0.35281027104136947,0.10156918687589159,7963,0.45437945791726103,20.334683603188083,1036360,16.910147053147558,9.771383711902791,2.82791385909666,2024-02-01,2,2024,38
QJ2,202403,6373,3151,6125,1798,17447,0.36527769817160544,0.18060411532068552,0.35106322003782886,0.1030549664698802,7923,0.4541181865077091,20.334683603188083,1036360,16.834883631170634,9.766922993079902,2.823453140273771,2024-03-01,3,2024,39
QJ2,202404,6706,3373,6719,1945,18743,0.35778690711198846,0.1799605185936083,0.3584804993864376,0.10377207490796564,8664,0.46225257429440325,20.334683603188083,1036360,18.08541433478714,9.838575628358985,2.8951057755528544,2024-04-01,4,2024,40
QJ2,202405,6429,3308,6560,1934,18231,0.3526411058087872,0.18144917996818605,0.3598266688607317,0.10608304536229499,8494,0.46590971422302674,20.334683603188083,1036360,17.59137751360531,9.810878720803466,2.867408867997334,2024-05-01,5,2024,41
QJ2,202406,6069,2884,6122,1875,16950,0.35805309734513274,0.17014749262536874,0.36117994100294987,0.11061946902654868,7997,0.47179941002949854,20.334683603188083,1036360,16.35532054498437,9.738023112808596,2.794553260002466,2024-06-01,6,2024,42
QJ2,202407,6260,2991,6391,1921,17563,0.35643113363320617,0.17030120138928428,0.36388999601434835,0.10937766896316119,8312,0.47326766497750955,20.334683603188083,1036360,16.946813848469642,9.773549695421735,2.830079842615605,2024-07-01,7,2024,43
QJ2,202408,5780,2807,6605,1858,17050,0.33900293255131964,0.164633431085044,0.3873900293255132,0.10897360703812317,8463,0.49636363636363634,20.334683603188083,1036360,16.451812111621443,9.743905482711662,2.800435629905532,2024-08-01,8,2024,44
QJ2,202409,5402,2672,6030,1735,15839,0.34105688490435004,0.16869751878275144,0.38070585264221224,0.10953974367068628,7765,0.49024559631289855,20.334683603188083,1036360,15.283299239646455,9.670230532062421,2.7267606792562895,2024-09-01,9,2024,45
QJ2,202410,6010,3063,6363,1855,17291,0.34757966572205196,0.17714417905268637,0.3679949106471575,0.10728124457810422,8218,0.4752761552252617,20.334683603188083,1036360,16.684356787216796,9.75794141390479,2.8144715610986584,2024-10-01,10,2024,46
QJ2,202411,5650,3001,6170,1774,16595,0.34046399517927084,0.18083760168725518,0.37179873455860196,0.10689966857487194,7944,0.47869840313347395,20.334683603188083,1036360,16.01277548342275,9.716856724154075,2.7733868713479444,2024-11-01,11,2024,47
QJ2,202412,5622,2905,6135,1780,16442,0.3419292056927381,0.1766816688967279,0.37312978956331344,0.10825933584722053,7915,0.481389125410534,20.334683603188083,1036360,15.865143386468022,9.707594315712079,2.764124462905948,2024-12-01,12,2024,48
QJ2,202501,6454,3473,6861,1899,18687,0.34537378926526463,0.18585112645154386,0.3671536362176914,0.10162144806550008,8760,0.46877508428319153,20.334683603188083,1036360,18.031379057470375,9.835583373922255,2.892113521116124,2025-01-01,1,2025,49
QJ2,202502,5569,3081,6130,1706,16486,0.3378017711998059,0.18688584253305834,0.3718306441829431,0.10348174208419265,7836,0.47531238626713573,20.334683603188083,1036360,15.907599675788337,9.710266814873172,2.7667969620670423,2025-02-01,2,2025,50
QJ2,202503,6033,3422,6500,1825,17780,0.3393138357705287,0.19246344206974128,0.3655793025871766,0.10264341957255343,8325,0.46822272215973004,20.334683603188083,1036360,17.1562005480721,9.785829509067895,2.842359656261765,2025-03-01,3,2025,51
QJ2,202504,5607,3230,6061,1717,16615,0.33746614504965394,0.1944026482094493,0.36479085164008423,0.10334035510081252,7778,0.46813120674089675,20.334683603188083,1036360,16.032073796750165,9.718061180788695,2.774591327982564,2025-04-01,4,2025,52
QJ2,202505,5849,3401,6441,1894,17585,0.3326130224623258,0.19340346886551038,0.3662780779073074,0.1077054307648564,8335,0.47398350867216377,20.334683603188083,1036360,16.968041993129802,9.774801544908083,2.8313316921019522,2025-05-01,5,2025,53
QJ2,202506,5704,3276,6247,1849,17076,0.33403607402201924,0.19184820801124386,0.36583509018505506,0.10828062778168189,8096,0.47411571796673696,20.334683603188083,1036360,16.476899918947083,9.745429247877853,2.801959395071722,2025-06-01,6,2025,54
QJ2,202507,5847,3402,6441,1961,17651,0.3312560194889808,0.19273695541329103,0.36490850376749195,0.11109852133023625,8402,0.4760070250977282,20.334683603188083,1036360,17.03172642711027,9.77854771798028,2.8350778651741484,2025-07-01,7,2025,55
QJ2,202508,5359,2791,5855,1782,15787,0.3394565148539938,0.17679103059479317,0.370874770380693,0.11287768417052005,7637,0.483752454551213,20.334683603188083,1036360,15.233123624995175,9.666942095531727,2.723472242725596,2025-08-01,8,2025,56
QJ2,202509,5583,3000,5863,1891,16337,0.34173960947542387,0.1836322458223664,0.35887861908551144,0.1157495256166983,7754,0.4746281447022097,20.334683603188083,1036360,15.763827241499092,9.701187753026508,2.7577179002203778,2025-09-01,9,2025,57
QJ2,202510,5762,3217,6302,1864,17145,0.33607465733449987,0.18763487897346165,0.36757072032662585,0.10871974336541265,8166,0.4762904636920385,20.334683603188083,1036360,16.543479099926667,9.74946186489702,2.80599201209089,2025-10-01,10,2025,58
QJ2,202511,5566,2879,5749,1716,15910,0.3498428661219359,0.1809553739786298,0.3613450659962288,0.10785669390320553,7465,0.4692017598994343,20.334683603188083,1036360,15.351808251958778,9.674703121331833,2.7312332685257017,2025-11-01,11,2025,59
QJ2,202512,5573,3130,6209,1839,16751,0.3326965554295266,0.18685451614828966,0.37066443794400333,0.10978449047818041,8048,0.48044892842218373,20.334683603188083,1036360,16.163302327376588,9.726213236963687,2.782743384157556,2025-12-01,12,2025,60
QJG,202101,5864,2483,5265,1192,14804,0.3961091596865712,0.1677249392056201,0.35564712239935153,0.08051877870845717,6457,0.4361659011078087,19.015684197699255,956038,15.484740146312177,9.602652693506046,2.7398550322906394,2021-01-01,1,2021,1
QJG,202102,5626,2492,4897,1061,14076,0.3996874111963626,0.17703893151463485,0.34789712986643934,0.07537652742256323,5958,0.42327365728900257,19.015684197699255,956038,14.723264138036354,9.552226498441476,2.6894288372260684,2021-02-01,2,2021,2
QJG,202103,6839,2902,5655,1268,16664,0.410405664906385,0.1741478636581853,0.33935429668746997,0.07609217474795968,6923,0.4154464714354297,19.015684197699255,956038,17.43026950811579,9.721005982940808,2.8582083217254004,2021-03-01,3,2021,3
QJG,202104,6533,2932,5701,1284,16450,0.39714285714285713,0.1782370820668693,0.346565349544073,0.07805471124620061,6985,0.42462006079027353,19.015684197699255,956038,17.206429033155583,9.708080756193517,2.8452830949781105,2021-04-01,4,2021,4
QJG,202105,5383,2388,5034,1218,14023,0.3838693574841332,0.17029166369535761,0.3589816729658418,0.08685730585466733,6252,0.44583897882050916,19.015684197699255,956038,14.667827011060231,9.548454117726651,2.6856564565112433,2021-05-01,5,2021,5
QJG,202106,6086,2670,5252,1241,15249,0.399108138238573,0.17509344875073776,0.34441602728047743,0.08138238573021182,6493,0.4257984130106892,19.015684197699255,956038,15.950202816206051,9.632269206115012,2.769471544899605,2021-06-01,6,2021,6
QJG,202107,5739,2460,5172,1191,14562,0.3941079522043675,0.16893283889575608,0.35517099299546767,0.08178821590440874,6363,0.4369592088998764,19.015684197699255,956038,15.231612132572137,9.586170674954657,2.723373013739249,2021-07-01,7,2021,7
QJG,202108,5321,2240,4860,1108,13529,0.3933032744474832,0.16557025648606696,0.359228324340306,0.08189814472614385,5968,0.44112646906644987,19.015684197699255,956038,14.151111148301636,9.51259080860336,2.649793147387953,2021-08-01,8,2021,8
QJG,202109,5783,2395,5199,1264,14641,0.3949866812376204,0.16358172255993442,0.3550986954443002,0.08633290075814494,6463,0.4414315962024452,19.015684197699255,956038,15.314244831272397,9.591581091193483,2.728783429978075,2021-09-01,9,2021,9
QJG,202110,5360,2285,4978,1104,13727,0.3904713338675603,0.16646026079988344,0.3626429664165513,0.08042543891600495,6082,0.44306840533255626,19.015684197699255,956038,14.358215886816215,9.52711997525166,2.664322314036252,2021-10-01,10,2021,10
QJG,202111,5803,2367,4986,1137,14293,0.4060029385013643,0.16560554117400125,0.34884209053382775,0.07954942979080669,6123,0.42839152032463446,19.015684197699255,956038,14.950242563580108,9.567525185909115,2.7047275246937077,2021-11-01,11,2021,11
QJG,202112,5626,2340,5245,1262,14473,0.388723830581082,0.16168037034477994,0.36239894976853454,0.08719684930560354,6507,0.44959579907413805,19.015684197699255,956038,15.138519598593362,9.580040123637605,2.717242462422197,2021-12-01,12,2021,12
QJG,202201,6077,2669,5220,1199,15165,0.40072535443455326,0.1759973623475107,0.34421364985163205,0.079063633366304,6419,0.42327728321793606,19.015684197699255,956038,15.862340199866532,9.626745420122681,2.763947758907274,2022-01-01,1,2022,13
QJG,202202,5815,2547,5127,1209,14698,0.39563205878350793,0.1732888828412029,0.3488229691114437,0.08225608926384542,6336,0.43107905837528915,19.015684197699255,956038,15.373865892359929,9.595466709088816,2.7326690478734093,2022-02-01,2,2022,14
QJG,202203,6776,2936,5905,1356,16973,0.39922229423201555,0.17298061627290404,0.34790549696576917,0.07989159252931126,7261,0.42779708949508044,19.015684197699255,956038,17.75347841822187,9.739379125161532,2.876581463946124,2022-03-01,3,2022,15
QJG,202204,5927,2627,5159,1233,14946,0.3965609527632811,0.1757660912618761,0.34517596681386326,0.08249698916097953,6392,0.4276729559748428,19.015684197699255,956038,15.633269807267075,9.612198984490236,2.749401323274828,2022-04-01,4,2022,16
QJG,202205,6152,2704,5456,1258,15570,0.3951188182402055,0.17366730892742455,0.350417469492614,0.08079640333975593,6714,0.43121387283236995,19.015684197699255,956038,16.28596352864635,9.653101264828043,2.7903036036126365,2022-05-01,5,2022,17
QJG,202206,5915,2615,5506,1205,15241,0.38809789383898696,0.17157666819762482,0.36126238435798175,0.07906305360540647,6711,0.44032543796338824,19.015684197699255,956038,15.941834947983239,9.63174444388585,2.768946782670442,2022-06-01,6,2022,18
QJG,202207,5762,2507,5366,1175,14810,0.38906144496961514,0.16927751519243756,0.362322754895341,0.07933828494260635,6541,0.44166103983794736,19.015684197699255,956038,15.491016047479285,9.603057907261844,2.740260246046437,2022-07-01,7,2022,19
QJG,202208,5551,2379,5471,1205,14606,0.38004929481035193,0.16287826920443654,0.37457209366013966,0.08250034232507189,6676,0.4570724359852116,19.015684197699255,956038,15.277635407797597,9.589187682180055,2.7263900209646477,2022-08-01,8,2022,20
QJG,202209,5425,2174,5013,1150,13762,0.39420142421159715,0.15797122511262898,0.364263915128615,0.08356343554715884,6163,0.4478273506757739,19.015684197699255,956038,14.394825310291013,9.529666449762425,2.666868788547018,2022-09-01,9,2022,21
QJG,202210,5380,2416,4987,1173,13956,0.38549727715677845,0.17311550587560906,0.3573373459443967,0.08404987102321582,6160,0.4413872169676125,19.015684197699255,956038,14.597746114694186,9.543664802306665,2.6808671410912575,2022-10-01,10,2022,22
QJG,202211,5863,2483,5320,1207,14873,0.3942042627580179,0.16694681637867276,0.3576951522893834,0.08115376857392591,6527,0.43884892086330934,19.015684197699255,956038,15.556913009733922,9.607302767592598,2.7445051063771904,2022-11-01,11,2022,23
QJG,202212,5509,2455,5120,1192,14276,0.38589240683664894,0.1719669375175119,0.35864387783692914,0.08349677780891006,6312,0.44214065564583915,19.015684197699255,956038,14.932460843606634,9.566335084610051,2.7035374233946436,2022-12-01,12,2022,24
QJG,202301,6230,2573,5348,1231,15382,0.4050188532050449,0.16727343648420231,0.34767910544792613,0.08002860486282667,6579,0.42770771031075283,19.015684197699255,956038,16.08931862541029,9.640953273616999,2.778155612401592,2023-01-01,1,2023,25
QJG,202302,5788,2473,4872,1202,14335,0.40376700383676317,0.17251482385769096,0.3398674572724102,0.08385071503313568,6074,0.42371817230554587,19.015684197699255,956038,14.994173871749869,9.57045937831747,2.707661717102063,2023-02-01,2,2023,26
QJG,202303,6617,2720,5731,1329,16397,0.4035494297737391,0.16588400317131183,0.34951515521131915,0.08105141184362993,7060,0.43056656705494906,19.015684197699255,956038,17.150991906179463,9.704853670249868,2.842056009034461,2023-03-01,3,2023,27
QJG,202304,5807,2022,5078,1197,14104,0.41172716959727734,0.14336358479863867,0.36003970504821325,0.08486954055587068,6275,0.44490924560408396,19.015684197699255,956038,14.752551676816195,9.554213724077707,2.6914160628622987,2023-04-01,4,2023,28
QJG,202305,6106,2200,5683,1359,15348,0.3978368517070628,0.14334115194162106,0.37027625749283294,0.08854573885848319,7042,0.45882199635131615,19.015684197699255,956038,16.053755185463338,9.638740451366843,2.7759427901514355,2023-05-01,5,2023,29
QJG,202306,6792,2427,6024,1396,16639,0.4081976080293287,0.14586213113768856,0.3620409880401466,0.08389927279283611,7420,0.44594026083298277,19.015684197699255,956038,17.404119919919502,9.719504616415508,2.8567069552001,2023-06-01,6,2023,30
QJG,202307,6069,2091,5380,1302,14842,0.40890715536989625,0.1408839779005525,0.3624848403180164,0.08772402641153483,6682,0.4502088667295513,19.015684197699255,956038,15.52448752037053,9.60521627853008,2.7424186173146716,2023-07-01,7,2023,31
QJG,202308,5988,2262,5372,1325,14947,0.4006155081287215,0.15133471599652104,0.35940322472737,0.08864655114738744,6697,0.44804977587475747,19.015684197699255,956038,15.634315790794926,9.612265889785814,2.749468228570407,2023-08-01,8,2023,32
QJG,202309,6072,2380,5295,1277,15024,0.40415335463258784,0.1584132055378062,0.35243610223642174,0.08499733759318424,6572,0.437433439829606,19.015684197699255,956038,15.714856522439483,9.617404201448045,2.7546065402326367,2023-09-01,9,2023,33
QJG,202310,5963,2483,5001,1252,14699,0.4056738553643105,0.1689230559902034,0.34022722634192804,0.08517586230355806,6253,0.4254030886454861,19.015684197699255,956038,15.37491187588778,9.595534743241988,2.7327370820265804,2023-10-01,10,2023,34
QJG,202311,6083,2536,4984,1275,14878,0.4088587175695658,0.17045301787874714,0.33499126226643366,0.0856970022852534,6259,0.42068826455168706,19.015684197699255,956038,15.562142927373179,9.607638890751288,2.7448412295358793,2023-11-01,11,2023,35
QJG,202312,5657,2548,4996,1241,14442,0.39170475003462124,0.1764298573604764,0.3459354660019388,0.08592992660296357,6237,0.43186539260490237,19.015684197699255,956038,15.106094109229968,9.577895907011127,2.7150982457957196,2023-12-01,12,2023,36
QJG,202401,6901,2875,5640,1385,16801,0.4107493601571335,0.17112076662103445,0.3356943039104815,0.08243556931135052,7025,0.41812987322183204,19.015684197699255,956038,17.57356925143143,9.729193687429403,2.866396026213995,2024-01-01,1,2024,37
QJG,202402,5968,2542,5104,1239,14853,0.40180434928970576,0.17114387665791422,0.3436342826365044,0.08341749141587558,6343,0.42705177405238,19.015684197699255,956038,15.535993339176894,9.605957144029533,2.7431594828141255,2024-02-01,2,2024,38
QJG,202403,6439,2583,5254,1263,15539,0.41437672951927407,0.1662269129287599,0.33811699594568506,0.08127936160628096,6517,0.419396357551966,19.015684197699255,956038,16.253538039282958,9.651108271786734,2.788310610571327,2024-03-01,3,2024,39
QJG,202404,6611,2766,5689,1353,16419,0.4026432791278397,0.1684633656130093,0.3464888239235033,0.08240453133564772,7042,0.428893355259151,19.015684197699255,956038,17.174003543792193,9.706194479812028,2.8433968185966205,2024-04-01,4,2024,40
QJG,202405,6212,2702,5443,1367,15724,0.39506486899007887,0.171839226659883,0.3461587382345459,0.08693716611549224,6810,0.43309590435003814,19.015684197699255,956038,16.447044991935467,9.662943486541751,2.8001458253263434,2024-05-01,5,2024,41
QJG,202406,6185,2646,5445,1325,15601,0.3964489455804115,0.169604512531248,0.34901608871226203,0.08493045317607846,6770,0.4339465418883405,19.015684197699255,956038,16.318389018009746,9.65509029374725,2.7922926325318422,2024-06-01,6,2024,42
QJG,202407,5906,2603,5539,1345,15393,0.3836808939128175,0.16910283895277073,0.35983888780614565,0.0873773793282661,6884,0.44721626713441176,19.015684197699255,956038,16.100824444216652,9.641668139610074,2.778870478394667,2024-07-01,7,2024,43
QJG,202408,5704,2574,5497,1391,15166,0.37610444415139127,0.16972174601081366,0.362455492549123,0.09171831728867202,6888,0.4541738098377951,19.015684197699255,956038,15.863386183394383,9.62681135926088,2.7640136980454733,2024-08-01,8,2024,44
QJG,202409,5385,2394,4953,1270,14002,0.38458791601199827,0.17097557491786888,0.3537351806884731,0.09070132838165976,6223,0.4444365090701328,19.015684197699255,956038,14.64586135697535,9.546955455537143,2.6841577943217354,2024-09-01,9,2024,45
QJG,202410,5788,2640,5276,1345,15049,0.3846102731078477,0.17542693866702105,0.3505880789421224,0.08937470928300884,6621,0.43996278822513124,19.015684197699255,956038,15.74100611063577,9.619066822786719,2.756269161571311,2024-10-01,10,2024,46
QJG,202411,5693,2660,5216,1243,14812,0.38435052660005403,0.17958412098298676,0.35214690791250336,0.08391844450445585,6459,0.4360653524169592,19.015684197699255,956038,15.493108014534986,9.603192942033504,2.740395280818096,2024-11-01,11,2024,47
QJG,202412,5247,2524,4982,1220,13973,0.37550991197309097,0.18063408001145065,0.35654476490374293,0.08731124311171545,6202,0.4438560080154584,19.015684197699255,956038,14.61552783466766,9.544882175080447,2.6820845138650404,2024-12-01,12,2024,48
QJG,202501,6241,3048,5851,1344,16484,0.37860956078621694,0.1849065760737685,0.35495025479252607,0.08153360834748848,7195,0.4364838631400146,19.015684197699255,956038,17.241992473102535,9.710145492458707,2.8473478312433005,2025-01-01,1,2025,49
QJG,202502,5539,2689,5168,1234,14630,0.3786056049213944,0.1838004101161996,0.35324675324675325,0.08434723171565277,6402,0.43759398496240604,19.015684197699255,956038,15.30273901246603,9.59082949401417,2.7280318327987625,2025-02-01,2,2025,50
QJG,202503,5916,3046,5669,1339,15970,0.3704445835942392,0.1907326236693801,0.3549780839073262,0.08384470882905448,7008,0.4388227927363807,19.015684197699255,956038,16.704356939786912,9.678467241209058,2.8156695799936506,2025-03-01,3,2025,51
QJG,202504,5473,2832,5183,1244,14732,0.3715042085256584,0.19223459136573445,0.3518191691555797,0.08444203095302742,6427,0.43626120010860714,19.015684197699255,956038,15.409429332306875,9.597777277564957,2.7349796163495483,2025-04-01,4,2025,52
QJG,202505,5740,2928,5448,1308,15424,0.3721473029045643,0.18983402489626555,0.3532157676348548,0.08480290456431536,6756,0.4380186721991701,19.015684197699255,956038,16.133249933580046,9.643680016850327,2.7808823556349194,2025-05-01,5,2025,53
QJG,202506,5863,2920,5470,1347,15600,0.37583333333333335,0.18717948717948718,0.3506410256410256,0.08634615384615385,6817,0.43698717948717947,19.015684197699255,956038,16.317343034481894,9.655026193237628,2.792228532022221,2025-06-01,6,2025,54
QJG,202507,5907,2953,5568,1420,15848,0.3727284199899041,0.1863326602725896,0.35133770822816757,0.08960121150933872,6988,0.4409389197375063,19.015684197699255,956038,16.57674694938904,9.670798588378387,2.8080009271629796,2025-07-01,7,2025,55
QJG,202508,5288,2735,5128,1316,14467,0.36552153176194097,0.18905094352664686,0.35446187875855395,0.09096564595285823,6444,0.44542752471141217,19.015684197699255,956038,15.132243697426253,9.57962547262959,2.716827811414183,2025-08-01,8,2025,56
QJG,202509,5564,2863,5110,1357,14894,0.3735732509735464,0.19222505706996107,0.34309117765543173,0.09111051430106083,6467,0.43420169195649255,19.015684197699255,956038,15.578878663818802,9.60871372627059,2.7459160650551833,2025-09-01,9,2025,57
QJG,202510,5715,2879,5338,1406,15338,0.37260399008997264,0.18770374233928805,0.34802451427826314,0.0916677532924762,6744,0.4396922675707393,19.015684197699255,956038,16.043295350184824,9.638088688324805,2.775291027109397,2025-10-01,10,2025,58
QJG,202511,5468,2699,4858,1336,14361,0.38075342942692014,0.187939558526565,0.33827727874103475,0.09302973330548012,6194,0.4313070120465149,19.015684197699255,956038,15.021369443474004,9.57227147806062,2.7094738168452115,2025-11-01,11,2025,59
QJG,202512,5394,2804,5156,1347,14701,0.36691381538670836,0.19073532412761038,0.3507244405142507,0.09162641997143052,6503,0.44235086048568123,19.015684197699255,956038,15.37700384294348,9.595670797663967,2.732873136448559,2025-12-01,12,2025,60
QJK,202101,7977,4259,7316,1754,21306,0.3744015770205576,0.19989674270158642,0.34337745236083733,0.08232422791701868,9070,0.425701680277856,20.169912426752912,1166258,18.26868497365077,9.966744002171144,2.9051883904404048,2021-01-01,1,2021,1
QJK,202102,7743,4089,7073,1617,20522,0.3773024071727902,0.19924958581034988,0.3446545171035961,0.07879348991326382,8690,0.42344800701686,20.169912426752912,1166258,17.596449499167424,9.929252760422154,2.8676971486914162,2021-02-01,2,2021,2
QJK,202103,8742,4669,7967,1791,23169,0.3773145150848116,0.20151927144028658,0.343864646726229,0.07730156674867279,9758,0.4211662134749018,20.169912426752912,1166258,19.86610166875597,10.050570457237374,2.989014845506635,2021-03-01,3,2021,3
QJK,202104,8389,4610,7779,1697,22475,0.37325917686318133,0.20511679644048944,0.34611790878754173,0.07550611790878754,9476,0.42162402669632926,20.169912426752912,1166258,19.271036082925047,10.020158859339821,2.9586032476090827,2021-04-01,4,2021,4
QJK,202105,7356,4068,6906,1584,19914,0.36938836999096114,0.20427839710756251,0.3467912021693281,0.07954203073214823,8490,0.42633323290147634,20.169912426752912,1166258,17.07512402915993,9.89917828094803,2.8376226692172914,2021-05-01,5,2021,5
QJK,202106,7778,4352,7241,1667,21038,0.36971194980511457,0.20686377032037265,0.34418670976328547,0.0792375701112273,8908,0.4234242798745128,20.169912426752912,1166258,18.038890194107992,9.95408560529922,2.892529993568481,2021-06-01,6,2021,6
QJK,202107,7394,3923,7057,1559,19933,0.37094265790397835,0.19680931119249487,0.35403602066924195,0.07821201023428485,8616,0.4322480309035268,20.169912426752912,1166258,17.091415450097664,9.900131928722766,2.8385763169920275,2021-07-01,7,2021,7
QJK,202108,6626,3656,6494,1516,18292,0.362234856767986,0.1998687951016838,0.3550185873605948,0.08287776076973541,8010,0.4378963481303302,20.169912426752912,1166258,15.684351147001777,9.814219084777946,2.7526634730472073,2021-08-01,8,2021,8
QJK,202109,7075,3851,6688,1739,19353,0.365576396424327,0.1989872371208598,0.34557949671885496,0.08985686973595824,8427,0.4354363664548132,20.169912426752912,1166258,16.594098389893148,9.870602725200351,2.8090471134696133,2021-09-01,9,2021,9
QJK,202110,6906,3515,6437,1628,18486,0.3735800064913989,0.19014389267553825,0.3482094558043925,0.08806664502867034,8065,0.43627610083306284,20.169912426752912,1166258,15.850695129208118,9.824768967824722,2.7632133560939844,2021-10-01,10,2021,10
QJK,202111,7439,3841,6970,1625,19875,0.3742893081761006,0.19325786163522013,0.3506918238993711,0.08176100628930817,8595,0.43245283018867925,20.169912426752912,1166258,17.04168374407721,9.897217939522532,2.8356623277917943,2021-11-01,11,2021,11
QJK,202112,6951,3862,6960,1644,19417,0.35798527063913066,0.19889787299788844,0.3584487819951589,0.084668074367822,8604,0.44311685636298087,20.169912426752912,1166258,16.648974755157095,9.873904249994453,2.8123486382637157,2021-12-01,12,2021,12
QJK,202201,7563,4221,7046,1699,20529,0.3684056700277656,0.20561157387110915,0.34322178381801355,0.08276097228311169,8745,0.42598275610112524,20.169912426752912,1166258,17.602451601618167,9.929593799620607,2.868038187889869,2022-01-01,1,2022,13
QJK,202202,7153,4039,6658,1595,19445,0.3678580611982515,0.20771406531241965,0.34240164566726666,0.08202622782206223,8253,0.42442787348932887,20.169912426752912,1166258,16.67298316496007,9.875345246589848,2.813789634859109,2022-02-01,2,2022,14
QJK,202203,8226,4559,7772,1817,22374,0.3676588897827836,0.20376329668365067,0.34736748011084295,0.0812103334227228,9589,0.4285778135335657,20.169912426752912,1166258,19.18443431899288,10.015654849406875,2.9540992376761372,2022-03-01,3,2022,15
QJK,202204,7254,4226,6959,1702,20141,0.36016086589543717,0.20982076361650365,0.3455141254158185,0.0845042450722407,8661,0.4300183704880592,20.169912426752912,1166258,17.26976363720549,9.910512817472881,2.848957205742143,2022-04-01,4,2022,16
QJK,202205,7305,4240,7287,1708,20540,0.3556475170399221,0.20642648490749757,0.3547711781888997,0.08315481986368062,8995,0.4379259980525803,20.169912426752912,1166258,17.61188347689791,9.930129483482549,2.8685738717518108,2022-05-01,5,2022,17
QJK,202206,7033,3999,6734,1683,19449,0.3616124222325055,0.20561468455961746,0.3462388811764101,0.08653401203146692,8417,0.432772893207877,20.169912426752912,1166258,16.676412937789067,9.875550933843105,2.8139953221123672,2022-06-01,6,2022,18
QJK,202207,7092,3851,6896,1662,19501,0.36367365776114047,0.19747705245884825,0.35362289113378803,0.08522639864622326,8558,0.4388492897800113,20.169912426752912,1166258,16.720999984566024,9.87822102528824,2.8166654135575024,2022-07-01,7,2022,19
QJK,202208,6785,3714,6517,1677,18693,0.3629700957577703,0.19868399935804848,0.3486331781950463,0.08971272668913496,8194,0.43834590488418124,20.169912426752912,1166258,16.028185873108693,9.835904401212332,2.7743487894815932,2022-08-01,8,2022,20
QJK,202209,6645,3172,6228,1624,17669,0.3760824042107646,0.17952345916577056,0.35248174769370083,0.091912388929764,7852,0.44439413662346483,20.169912426752912,1166258,15.150164028885547,9.77956697061665,2.718011358885912,2022-09-01,9,2022,21
QJK,202210,6744,3849,6523,1712,18828,0.3581899298916507,0.2044295729764181,0.34645209262800086,0.09092840450393032,8235,0.43738049713193117,20.169912426752912,1166258,16.143940706087335,9.843100402521033,2.781544790790295,2022-10-01,10,2022,22
QJK,202211,7305,4243,7275,1778,20601,0.3545944371632445,0.20596087568564633,0.3531381971748944,0.08630648997621475,9053,0.4394446871511092,20.169912426752912,1166258,17.664187512540106,9.933094897288786,2.8715392855580477,2022-11-01,11,2022,23
QJK,202212,6926,3890,6466,1545,18827,0.3678759228767196,0.20661815477771286,0.3434429277102034,0.08206299463536411,8011,0.42550592234556756,20.169912426752912,1166258,16.143083262880086,9.843047288724712,2.7814916769939737,2022-12-01,12,2022,24
QJK,202301,7603,4195,6992,1687,20477,0.37129462323582557,0.20486399374908434,0.341456268008009,0.08238511500708112,8679,0.4238413830150901,20.169912426752912,1166258,17.55786455484121,9.92705758404856,2.865501972317822,2023-01-01,1,2023,25
QJK,202302,7169,3929,6621,1631,19350,0.37049095607235144,0.20304909560723514,0.34217054263565894,0.08428940568475453,8252,0.42645994832041345,20.169912426752912,1166258,16.5915260602714,9.870447698457928,2.8088920867271896,2023-02-01,2,2023,26
QJK,202303,8300,4617,7582,1788,22287,0.3724144119890519,0.2071611253196931,0.34019832189168575,0.08022614079956926,9370,0.420424462691255,20.169912426752912,1166258,19.109836759962203,10.011758827819916,2.9502032160891773,2023-03-01,3,2023,27
QJK,202304,6992,3422,6682,1590,18686,0.37418388098041316,0.18313175639516216,0.3575939205822541,0.0850904420421706,8272,0.4426843626244247,20.169912426752912,1166258,16.02218377065795,9.835529859352901,2.7739742476221627,2023-04-01,4,2023,28
QJK,202305,7665,3713,7287,1701,20366,0.37636256505941273,0.18231366002160462,0.3578022193852499,0.0835215555337327,8988,0.4413237749189826,20.169912426752912,1166258,17.46268835883655,9.92162212273161,2.8600665110008725,2023-05-01,5,2023,29
QJK,202306,7908,3894,7645,1788,21235,0.3724040499175889,0.18337650105957146,0.36001883682599484,0.08420061219684483,9433,0.44421944902283966,20.169912426752912,1166258,18.207806505936077,9.963406042747371,2.901850431016633,2023-06-01,6,2023,30
QJK,202307,7250,3618,6957,1737,19562,0.37061650138022695,0.1849504140680912,0.35563848277272264,0.0887946017789592,8694,0.44443308455168185,20.169912426752912,1166258,16.77330402020822,9.881344187850438,2.8197885761196995,2023-07-01,7,2023,31
QJK,202308,7295,3967,6789,1822,19873,0.36708096412217583,0.19961757157953003,0.3416192824435163,0.09168218185477783,8611,0.4333014642982942,20.169912426752912,1166258,17.039968857662714,9.897117305528285,2.8355616937975463,2023-08-01,8,2023,32
QJK,202309,7365,3929,6628,1773,19695,0.37395277989337394,0.1994922569179995,0.33653211474993655,0.09002284843869002,8401,0.42655496318862657,20.169912426752912,1166258,16.88734396677236,9.888120075405006,2.8265644636742677,2023-09-01,9,2023,33
QJK,202310,7364,4185,6569,1774,19892,0.37019907500502713,0.21038608485823446,0.33023325960185,0.0891815805348884,8343,0.4194148401367384,20.169912426752912,1166258,17.056260278600448,9.898072919834629,2.836517308103891,2023-10-01,10,2023,34
QJK,202311,7879,4483,7058,1861,21281,0.37023636107325786,0.21065739391945867,0.33165734692918564,0.08744889807809783,8919,0.4191062450072835,20.169912426752912,1166258,18.247248893469543,9.965569934832672,2.9040143231019333,2023-11-01,11,2023,35
QJK,202312,6915,4184,6589,1728,19416,0.3561495673671199,0.21549237742068397,0.3393592913061393,0.08899876390605686,8317,0.4283580552121961,20.169912426752912,1166258,16.648117311949843,9.873852747406437,2.8122971356756987,2023-12-01,12,2023,36
QJK,202401,8495,4919,7498,1925,22837,0.37198406095371545,0.2153960677847353,0.3283268380260104,0.08429303323553881,9423,0.41261987126154925,20.169912426752912,1166258,19.581430523949244,10.036137306631591,2.9745816949008534,2024-01-01,1,2024,37
QJK,202402,7582,4570,6767,1763,20682,0.36659897495406635,0.22096509041678755,0.3271927279760178,0.08524320665312832,8530,0.41243593462914613,20.169912426752912,1166258,17.73364041232729,9.937019035744921,2.875463424014182,2024-02-01,2,2024,38
QJK,202403,7910,4577,7123,1808,21418,0.36931552899430387,0.2136987580539733,0.33257073489588196,0.08441497805584088,8931,0.4169857129517229,20.169912426752912,1166258,18.364718612862674,9.97198696896082,2.910431357230082,2024-03-01,3,2024,39
QJK,202404,7852,4492,7570,1875,21789,0.3603653219514434,0.20615907109091744,0.3474230116113635,0.08605259534627564,9445,0.4334756069576392,20.169912426752912,1166258,18.68283004275212,9.989160534274278,2.9276049225435394,2024-04-01,4,2024,40
QJK,202405,7503,4370,7230,1907,21010,0.35711565920990007,0.207996192289386,0.3441218467396478,0.09076630176106616,9137,0.43488814850071394,20.169912426752912,1166258,18.014881784305018,9.952753793839046,2.8911981821083077,2024-05-01,5,2024,41
QJK,202406,7045,4161,6859,1742,19807,0.3556823345281971,0.21007724541828646,0.34629171505023476,0.08794870500328167,8601,0.43424042005351643,20.169912426752912,1166258,16.983377605984266,9.893790689557264,2.8322350778265255,2024-06-01,6,2024,42
QJK,202407,7071,4625,6939,1941,20576,0.34365279937791604,0.22477643856920684,0.3372375583203733,0.09433320373250388,8880,0.43157076205287714,20.169912426752912,1166258,17.642751432358875,9.931880627037346,2.8703250153066073,2024-07-01,7,2024,43
QJK,202408,6603,4009,6666,1900,19178,0.34430076128897696,0.20904161017832934,0.3475857753676087,0.09907185316508499,8566,0.4466576285326937,20.169912426752912,1166258,16.444045828624542,9.861519067713626,2.7999634559828883,2024-08-01,8,2024,44
QJK,202409,6397,4159,6649,1819,19024,0.33625946173254834,0.21861858704793943,0.34950588730025234,0.09561606391925988,8468,0.4451219512195122,20.169912426752912,1166258,16.31199957470817,9.853456618930563,2.791901007199825,2024-09-01,9,2024,45
QJK,202410,6929,4840,7165,1901,20835,0.3325653947684185,0.23230141588672906,0.3438924886009119,0.09124070074394049,9066,0.4351331893448524,20.169912426752912,1166258,17.864829223036413,9.944389543856554,2.8828339321258154,2024-10-01,10,2024,46
QJK,202411,6682,4600,7166,1797,20245,0.33005680414917266,0.22721659669054087,0.35396394171400347,0.08876265744628303,8963,0.4427265991602865,20.169912426752912,1166258,17.3589377307594,9.915663128466262,2.8541075167355228,2024-11-01,11,2024,47
QJK,202412,6383,4440,6729,1732,19284,0.33099979257415474,0.23024268823895458,0.34894212818917236,0.08981539099771832,8461,0.4387575191868907,20.169912426752912,1166258,16.534934808592954,9.867031015525512,2.8054754037947744,2024-12-01,12,2024,48
QJK,202501,7111,5149,7775,1986,22021,0.3229190318332501,0.23382226056945643,0.3530720675718632,0.09018664002543027,9761,0.44325870759729347,20.169912426752912,1166258,18.881756866833925,9.999751822506193,2.9381962107754536,2025-01-01,1,2025,49
QJK,202502,6234,4732,6974,1755,19695,0.3165270373191165,0.24026402640264027,0.3541000253871541,0.0891089108910891,8729,0.4432089362782432,20.169912426752912,1166258,16.88734396677236,9.888120075405006,2.8265644636742677,2025-02-01,2,2025,50
QJK,202503,6719,5263,7304,1838,21124,0.3180742283658398,0.24914788865745124,0.34576784699867447,0.08701003597803446,9142,0.43277788297670894,20.169912426752912,1166258,18.112630309931422,9.958165113826825,2.8966095020960854,2025-03-01,3,2025,51
QJK,202504,6131,4851,7013,1805,19800,0.30964646464646467,0.245,0.35419191919191917,0.09116161616161617,8818,0.44535353535353533,20.169912426752912,1166258,16.977375503533523,9.893437216682626,2.8318816049518882,2025-04-01,4,2025,52
QJK,202505,6518,5082,7093,1896,20589,0.31657681286123657,0.24683083199766867,0.3445043469813978,0.09208800815969692,8989,0.43659235514109473,20.169912426752912,1166258,17.65389819405312,9.932512231576744,2.870956619846006,2025-05-01,5,2025,53
QJK,202506,6234,4708,6754,1778,19474,0.32011913320324537,0.24175824175824176,0.34682140289616925,0.09130122214234364,8532,0.4381226250385129,20.169912426752912,1166258,16.697849017970295,9.876835521538702,2.815279909807963,2025-06-01,6,2025,54
QJK,202507,6819,4997,7406,1972,21194,0.3217420024535246,0.23577427573841653,0.34943852033594414,0.09304520147211474,9378,0.4424837218080589,20.169912426752912,1166258,18.172651334438864,9.961473401734782,2.899917790004043,2025-07-01,7,2025,55
QJK,202508,5720,4314,6395,1756,18185,0.31454495463293924,0.23722848501512236,0.3516634588946934,0.09656310145724498,8151,0.4482265603519384,20.169912426752912,1166258,15.592604723826117,9.80835235742109,2.746796745690351,2025-08-01,8,2025,56
QJK,202509,6211,4637,6330,1833,19011,0.3267055914996581,0.24391141970438168,0.33296512545368473,0.09641786334227552,8163,0.4293829887959602,20.169912426752912,1166258,16.300852813013933,9.852773037991627,2.7912174262608884,2025-09-01,9,2025,57
QJK,202510,6384,4897,7083,1956,20320,0.31417322834645667,0.24099409448818898,0.3485728346456693,0.09625984251968504,9039,0.44483267716535435,20.169912426752912,1166258,17.42324597130309,9.919360901692418,2.85780528996168,2025-10-01,10,2025,58
QJK,202511,6052,4635,6499,1771,18957,0.3192488262910798,0.2445007121379965,0.34282850662024583,0.09342195495067784,8270,0.4362504615709237,20.169912426752912,1166258,16.254550879822474,9.849928535441565,2.7883729237108263,2025-11-01,11,2025,59
QJK,202512,6097,4850,7059,1867,19873,0.3067981683691441,0.2440497156946611,0.3552055552760026,0.09394656066019222,8926,0.44915211593619486,20.169912426752912,1166258,17.039968857662714,9.897117305528285,2.8355616937975463,2025-12-01,12,2025,60
QJM,202101,5166,1562,5003,1099,12830,0.40265003897116136,0.12174590802805924,0.38994544037412315,0.08565861262665628,6102,0.4756040530007794,20.29046873086952,736717,17.41509969228347,9.459541457609681,2.8573376283082386,2021-01-01,1,2021,1
QJM,202102,5037,1506,4662,1005,12210,0.41253071253071255,0.12334152334152335,0.38181818181818183,0.08230958230958231,5667,0.46412776412776413,20.29046873086952,736717,16.573528234043735,9.41001056710475,2.8078067378033067,2021-02-01,2,2021,2
QJM,202103,6066,1807,5234,1177,14284,0.4246709605152618,0.1265051806216746,0.3664239708765052,0.08239988798655838,6411,0.4488238588630636,20.29046873086952,736717,19.388720499187613,9.566895308714338,2.964691479412896,2021-03-01,3,2021,3
QJM,202104,5723,1789,5154,1160,13826,0.41393027629104584,0.12939389555909156,0.3727759294083611,0.08389989874150151,6314,0.4566758281498626,20.29046873086952,736717,18.767043518746004,9.53430615650521,2.9321023272037667,2021-04-01,4,2021,4
QJM,202105,5075,1518,4566,1086,12245,0.41445487954267046,0.12396896692527562,0.37288689260922825,0.08868926092282564,5652,0.4615761535320539,20.29046873086952,736717,16.62103630023469,9.412872969386267,2.8106691400848245,2021-05-01,5,2021,5
QJM,202106,5506,1694,4872,1063,13135,0.41918538256566423,0.12896840502474305,0.3709173962695089,0.08092881614008375,5935,0.4518462124095927,20.29046873086952,736717,17.829098554804627,9.48303570211964,2.880831872818197,2021-06-01,6,2021,6
QJM,202107,5176,1683,4607,1009,12475,0.41490981963927853,0.13490981963927856,0.3692985971943888,0.0808817635270541,5616,0.4501803607214429,20.29046873086952,736717,16.933232163775237,9.431481920619719,2.829278091318276,2021-07-01,7,2021,7
QJM,202108,4848,1529,4293,975,11645,0.4163160154572778,0.131300987548304,0.3686560755689137,0.0837269214255045,5268,0.4523829969944182,20.29046873086952,736717,15.806612308389788,9.36263218231844,2.760428353016998,2021-08-01,8,2021,8
QJM,202109,5208,1661,4531,1144,12544,0.41517857142857145,0.1324139030612245,0.3612085459183674,0.09119897959183673,5675,0.4524075255102041,20.29046873086952,736717,17.0268909228374,9.436997742590188,2.834793913288746,2021-09-01,9,2021,9
QJM,202110,4800,1533,4125,1037,11495,0.4175728577642453,0.13336233144845586,0.3588516746411483,0.0902131361461505,5162,0.4490648107872988,20.29046873086952,736717,15.603006310428563,9.349667437197281,2.7474636078958383,2021-10-01,10,2021,10
QJM,202111,5140,1625,4368,1079,12212,0.4208974778905994,0.13306583688175566,0.3576809695381592,0.08835571568948575,5447,0.44603668522764495,20.29046873086952,736717,16.57624298068322,9.410174353854769,2.807970524553325,2021-11-01,11,2021,11
QJM,202112,4948,1675,4487,1106,12216,0.40504256712508185,0.13711525867714472,0.36730517354289455,0.09053700065487885,5593,0.4578421741977734,20.29046873086952,736717,16.581672473962186,9.410501846898468,2.808298017597025,2021-12-01,12,2021,12
QJM,202201,5257,1735,4660,1090,12742,0.4125725945691414,0.1361638675247214,0.3657196672421912,0.085543870663946,5750,0.45126353790613716,20.29046873086952,736717,17.295650840146216,9.452658902676433,2.8504550733749903,2022-01-01,1,2022,13
QJM,202202,5019,1701,4337,1096,12153,0.41298444828437425,0.13996544063194272,0.3568666172961409,0.09018349378754217,5433,0.44705011108368303,20.29046873086952,736717,16.49615795481847,9.4053313318708,2.8031275025693567,2022-02-01,2,2022,14
QJM,202203,5857,1980,5040,1156,14033,0.4173733342834747,0.1410959880282192,0.3591534240718307,0.08237725361647545,6196,0.4415306776883061,20.29046873086952,736717,19.048019795932497,9.549166977751137,2.9469631484496923,2022-03-01,3,2022,15
QJM,202204,4878,1759,4403,1068,12108,0.4028741328047572,0.1452758506772382,0.3636438718202841,0.08820614469772052,5471,0.4518500165180046,20.29046873086952,736717,16.435076155430103,9.401621670141608,2.799417840840166,2022-04-01,4,2022,16
QJM,202205,5407,1740,4658,1157,12962,0.41714241629378185,0.13423854343465513,0.35935812374633547,0.0892609165252276,5815,0.448619040271563,20.29046873086952,736717,17.594272970489346,9.469777278987662,2.8675734496862177,2022-05-01,5,2022,17
QJM,202206,5293,1730,4553,1153,12729,0.415822138424071,0.13591012648283446,0.3576871710267892,0.09058056406630528,5706,0.44826773509309453,20.29046873086952,736717,17.278004986989576,9.451638133870434,2.849434304568991,2022-06-01,6,2022,18
QJM,202207,5256,1781,4526,1149,12712,0.4134675896790434,0.14010383889238515,0.35604153555695406,0.09038703587161737,5675,0.44642857142857145,20.29046873086952,736717,17.25492964055397,9.450301708216552,2.8480978789151083,2022-07-01,7,2022,19
QJM,202208,4997,1584,4409,1150,12140,0.41161449752883034,0.13047775947281715,0.3631795716639209,0.09472817133443164,5559,0.4579077429983526,20.29046873086952,736717,16.47851210166183,9.40426106461349,2.802057235312046,2022-08-01,8,2022,20
QJM,202209,4805,1393,4150,1073,11421,0.4207162244987304,0.12196830400140093,0.36336572979598986,0.09394974170387882,5223,0.4573154714998687,20.29046873086952,736717,15.502560684767692,9.343209045050607,2.741005215749164,2022-09-01,9,2022,21
QJM,202210,4929,1675,4107,1126,11837,0.41640618399932416,0.14150544901579792,0.34696291290022807,0.09512545408464983,5233,0.4420883669848779,20.29046873086952,736717,16.06722798578016,9.378985497953893,2.7767816686524505,2022-10-01,10,2022,22
QJM,202211,5444,1641,4364,1143,12592,0.4323379923761118,0.13032083862770014,0.346569250317662,0.09077191867852605,5507,0.4373411689961881,20.29046873086952,736717,17.092044842184993,9.440816970657185,2.8386131413557414,2022-11-01,11,2022,23
QJM,202212,4880,1560,4268,1065,11773,0.41450777202072536,0.13250658285908434,0.36252442028369997,0.09046122483649027,5333,0.45298564512019024,20.29046873086952,736717,15.980356093316702,9.373564053078196,2.7713602237767536,2022-12-01,12,2022,24
QJM,202301,5623,1737,4438,1152,12950,0.4342084942084942,0.13413127413127413,0.3427027027027027,0.08895752895752895,5590,0.43166023166023165,20.29046873086952,736717,17.577984490652447,9.468851067127684,2.8666472378262404,2023-01-01,1,2023,25
QJM,202302,5275,1564,4111,1102,12052,0.4376866910056422,0.1297709923664122,0.34110521075340194,0.09143710587454365,5213,0.43254231662794557,20.29046873086952,736717,16.35906324952458,9.396985900250192,2.7947820709487483,2023-02-01,2,2023,26
QJM,202303,5948,1793,4555,1154,13450,0.4422304832713755,0.1333085501858736,0.3386617100371747,0.08579925650557621,5709,0.42446096654275095,20.29046873086952,736717,18.2566711505232,9.506734385029985,2.9045305557285417,2023-03-01,3,2023,27
QJM,202304,5163,1355,4064,1058,11640,0.4435567010309278,0.11640893470790378,0.34914089347079036,0.090893470790378,5122,0.4400343642611684,20.29046873086952,736717,15.799825441791082,9.36220272128543,2.7599988919839853,2023-04-01,4,2023,28
QJM,202305,5543,1558,4410,1213,12724,0.43563344860106884,0.12244577176988368,0.3465891229173216,0.09533165671172587,5623,0.44192077962904747,20.29046873086952,736717,17.27121812039087,9.451245252869034,2.8490414235675914,2023-05-01,5,2023,29
QJM,202306,5974,1614,4761,1241,13590,0.43958793230316406,0.11876379690949228,0.35033112582781456,0.09131714495952907,6002,0.44164827078734364,20.29046873086952,736717,18.44670341528701,9.51708950714519,2.914885677843746,2023-06-01,6,2023,30
QJM,202307,5403,1478,4487,1130,12498,0.43230916946711473,0.11825892142742839,0.3590174427908465,0.09041446631461034,5617,0.4494319091054569,20.29046873086952,736717,16.96445175012929,9.433323910489028,2.8311200811875836,2023-07-01,7,2023,31
QJM,202308,5290,1645,4356,1127,12418,0.42599452407795135,0.13246899661781286,0.3507811241745853,0.09075535512965051,5483,0.4415364793042358,20.29046873086952,736717,16.85586188454997,9.426902311924838,2.8246984826233947,2023-08-01,8,2023,32
QJM,202309,5401,1642,4159,1122,12324,0.4382505679974034,0.1332359623498864,0.33747160012982796,0.09104186952288218,5281,0.42851346965271014,20.29046873086952,736717,16.72826879249427,9.419303859716559,2.8171000304151153,2023-09-01,9,2023,33
QJM,202310,5291,1721,4065,1152,12229,0.43266007032463816,0.14073104914547388,0.33240657453593914,0.09420230599394881,5217,0.426608880529888,20.29046873086952,736717,16.599318327118826,9.41156545918937,2.8093616298879267,2023-10-01,10,2023,34
QJM,202311,5507,1906,4092,1261,12766,0.43138022873257087,0.14930283565721447,0.3205389315368949,0.09877800407331976,5353,0.41931693561021466,20.29046873086952,736717,17.328227799820013,9.454540665816003,2.852336836514559,2023-11-01,11,2023,35
QJM,202312,4794,1823,3981,1203,11801,0.40623675959664435,0.15447843403101433,0.3373442928565376,0.10194051351580374,5184,0.43928480637234135,20.29046873086952,736717,16.01836254626946,9.375939552625749,2.773735723324305,2023-12-01,12,2023,36
QJM,202401,5768,2005,4489,1256,13518,0.4266903388075159,0.14832075750850718,0.33207575085071755,0.09291315283325936,5745,0.4249889036839769,20.29046873086952,736717,18.34897253626562,9.511777409660299,2.909573580358856,2024-01-01,1,2024,37
QJM,202402,5378,1912,3990,1182,12462,0.4315519178302038,0.15342641630556894,0.320173326913818,0.09484833895040924,5172,0.41502166586422723,20.29046873086952,736717,16.915586310618597,9.430439293104167,2.828235463802724,2024-02-01,2,2024,38
QJM,202403,5645,1839,4286,1207,12977,0.43500038529706403,0.14171226015257762,0.3302766432919781,0.09301071125838022,5493,0.4232873545503583,20.29046873086952,736717,17.61463357028547,9.470933838737231,2.868730009435787,2024-03-01,3,2024,39
QJM,202404,5815,1878,4633,1228,13554,0.42902464217205255,0.1385568835768039,0.34181791353106095,0.09060056072008263,5861,0.43241847425114355,20.29046873086952,736717,18.397837975776316,9.514436985696058,2.9122331563946147,2024-04-01,4,2024,40
QJM,202405,5671,1908,4459,1292,13330,0.42543135783945984,0.1431357839459865,0.3345086271567892,0.09692423105776445,5751,0.4314328582145536,20.29046873086952,736717,18.09378635215422,9.497772413172754,2.8955685838713108,2024-05-01,5,2024,41
QJM,202406,5318,1799,4124,1232,12473,0.4263609396295999,0.1442315401266736,0.3306341698067827,0.0987733504369438,5356,0.42940752024372647,20.29046873086952,736717,16.930517417135754,9.431321587125709,2.8291177578242657,2024-06-01,6,2024,42
QJM,202407,5696,1937,4259,1341,13233,0.4304390538804504,0.14637648303483716,0.3218468979067483,0.10133756517796418,5600,0.42318446308471247,20.29046873086952,736717,17.962121140139292,9.49046898877305,2.888265159471606,2024-07-01,7,2024,43
QJM,202408,5310,1885,4297,1214,12706,0.4179127971037305,0.1483551078230757,0.33818668345663466,0.0955454116165591,5511,0.43373209507319377,20.29046873086952,736717,17.24678540063552,9.449829601826478,2.847625772525035,2024-08-01,8,2024,44
QJM,202409,4988,1701,3838,1269,11796,0.4228552051542896,0.14420142421159715,0.32536453034927093,0.10757884028484233,5107,0.43294337063411326,20.29046873086952,736717,16.011575679670752,9.375515769935166,2.7733119406337234,2024-09-01,9,2024,45
QJM,202410,5370,1805,4161,1287,12623,0.42541392695872615,0.1429929493781193,0.32963637804008555,0.101956745623069,5448,0.43159312366315455,20.29046873086952,736717,17.13412341509698,9.443275825752862,2.841071996451418,2024-10-01,10,2024,46
QJM,202411,5264,1927,4176,1225,12592,0.41804320203303685,0.15303367217280814,0.33163913595933925,0.09728398983481576,5401,0.42892312579415504,20.29046873086952,736717,17.092044842184993,9.440816970657185,2.8386131413557414,2024-11-01,11,2024,47
QJM,202412,4741,1816,3950,1227,11734,0.4040395432077723,0.1547639338673939,0.33662860064769046,0.10456792227714334,5177,0.4411965229248338,20.29046873086952,736717,15.927418533846781,9.370245889485805,2.768042060184362,2024-12-01,12,2024,48
QJM,202501,5511,2078,4652,1258,13499,0.4082524631454182,0.15393732869101415,0.34461811986073043,0.09319208830283725,5910,0.4378102081635677,20.29046873086952,736717,18.323182443190532,9.510370887608827,2.9081670583073835,2025-01-01,1,2025,49
QJM,202502,4873,1835,4071,1161,11940,0.4081239530988275,0.1536850921273032,0.34095477386934675,0.09723618090452261,5232,0.4381909547738693,20.29046873086952,736717,16.20703743771353,9.387649386946594,2.78544555764515,2025-02-01,2,2025,50
QJM,202503,5249,2092,4430,1237,13008,0.4035209102091021,0.1608241082410824,0.340559655596556,0.09509532595325954,5667,0.4356549815498155,20.29046873086952,736717,17.656712143197456,9.473319831787592,2.8711160024861484,2025-03-01,3,2025,51
QJM,202504,4828,1865,4143,1230,12066,0.4001326040112713,0.1545665506381568,0.3433615116857285,0.10193933366484337,5373,0.44530084535057185,20.29046873086952,736717,16.37806647600096,9.398146859000708,2.795943029699264,2025-04-01,4,2025,52
QJM,202505,5005,2006,4203,1212,12426,0.4027844841461452,0.16143569934009336,0.33824239497827135,0.0975374215354901,5415,0.43577981651376146,20.29046873086952,736717,16.8667208711079,9.42754633062364,2.8253425013221958,2025-05-01,5,2025,53
QJM,202506,5197,1997,4168,1240,12602,0.4123948579590541,0.15846691001428345,0.3307411521980638,0.09839707982859863,5408,0.42913823202666246,20.29046873086952,736717,17.105618575382405,9.441610810502,2.839406981200557,2025-06-01,6,2025,54
QJM,202507,5259,2053,4241,1302,12855,0.4091015169194866,0.15970439517697393,0.32991054064566316,0.10128354725787632,5543,0.43119408790353947,20.29046873086952,736717,17.449034025277005,9.46148811969999,2.8592842903985463,2025-07-01,7,2025,55
QJM,202508,4628,1757,3828,1161,11374,0.4068929136627396,0.15447511869175312,0.3365570599613153,0.10207490768419201,4989,0.43863196764550727,20.29046873086952,736717,15.438764138739842,9.339085327866744,2.7368814985653014,2025-08-01,8,2025,56
QJM,202509,4896,1877,3799,1186,11758,0.4163973464874979,0.15963599251573396,0.3230991665249192,0.10086749447184895,4985,0.42396666099676816,20.29046873086952,736717,15.95999549352058,9.3722891389622,2.770085309660757,2025-09-01,9,2025,57
QJM,202510,5107,1938,4145,1273,12463,0.4097729278664848,0.15550028083126052,0.3325844499719169,0.1021423413303378,5418,0.43472679130225467,20.29046873086952,736717,16.916943683938335,9.430519533826377,2.8283157045249334,2025-10-01,10,2025,58
QJM,202511,4882,1847,3795,1198,11722,0.41648182903941305,0.1575669680941819,0.3237502132741853,0.10220098959221975,4993,0.42595120286640503,20.29046873086952,736717,15.911130054009886,9.369222697036374,2.767018867734931,2025-11-01,11,2025,59
QJM,202512,4876,1917,4077,1238,12108,0.40270895275850677,0.1583250743310208,0.3367195242814668,0.10224644862900562,5315,0.4389659729104724,20.29046873086952,736717,16.435076155430103,9.401621670141608,2.799417840840166,2025-12-01,12,2025,60
QK1,202101,6904,3298,6944,2049,19195,0.3596769992185465,0.1718155769731701,0.36176087522792394,0.10674654858035947,8993,0.4685074238082834,18.240001063538102,1054029,18.211073888858845,9.862405107434897,2.902029864480601,2021-01-01,1,2021,1
QK1,202102,6983,3331,6657,1956,18927,0.3689438368468326,0.17599196914460824,0.35171976541448724,0.10334442859407196,8613,0.4550641940085592,18.240001063538102,1054029,17.956811434979493,9.84834475303892,2.887969510084622,2021-02-01,2,2021,2
QK1,202103,7903,3648,7664,2294,21509,0.36742758845134593,0.16960342182342275,0.35631596076061184,0.10665302896461946,9958,0.4629689897252313,18.240001063538102,1054029,20.406459404817138,9.976226731176434,3.015851488222136,2021-03-01,3,2021,3
QK1,202104,7886,3867,7526,2325,21604,0.36502499537122757,0.17899463062395854,0.34836141455286057,0.10761895945195334,9851,0.45598037400481395,18.240001063538102,1054029,20.496589752274367,9.980633761712781,3.0202585187584847,2021-04-01,4,2021,4
QK1,202105,6718,3205,6549,2049,18521,0.3627233950650613,0.17304681172722855,0.3535986177852168,0.11063117542249339,8598,0.4642297932077102,18.240001063538102,1054029,17.571622792162266,9.826660502422802,2.8662852594685044,2021-05-01,5,2021,5
QK1,202106,7452,3581,7223,2281,20537,0.3628572819788674,0.17436821346837417,0.35170667575595266,0.11106782879680577,9504,0.4627745045527584,18.240001063538102,1054029,19.484283639254706,9.929983416340093,2.969608173385796,2021-06-01,6,2021,6
QK1,202107,6773,3238,6952,2153,19116,0.35431052521448003,0.16938690102531911,0.36367440887214897,0.1126281648880519,9105,0.47630257376020085,18.240001063538102,1054029,18.13612338939441,9.85828095969805,2.8979057167437516,2021-07-01,7,2021,7
QK1,202108,6172,3016,6279,2042,17509,0.35250442629504825,0.1722542692329659,0.358615569135873,0.11662573533611285,8321,0.4752413044719858,18.240001063538102,1054029,16.611497406617843,9.770470313426317,2.81009507047202,2021-08-01,8,2021,8
QK1,202109,6719,3204,7040,2374,19337,0.34746858354450016,0.16569271345089726,0.3640688834876144,0.12276981951698816,9414,0.4868387030046026,18.240001063538102,1054029,18.34579503979492,9.869775638050593,2.9094003950962946,2021-09-01,9,2021,9
QK1,202110,6255,3060,6579,2032,17926,0.34893450853508867,0.17070177395961172,0.3670088140131652,0.11335490349213433,8611,0.48036371750529955,18.240001063538102,1054029,17.00712219493012,9.794007451917308,2.8336322089630097,2021-10-01,10,2021,10
QK1,202111,6849,3234,7063,2180,19326,0.3543930456380006,0.16733933561005898,0.3654662113215357,0.11280140743040463,9243,0.4782676187519404,18.240001063538102,1054029,18.335358894299873,9.869206618559254,2.9088313756049566,2021-11-01,11,2021,11
QK1,202112,6469,3098,7033,2268,18868,0.3428556285774857,0.1641933432266271,0.37274750900996395,0.12020351918592326,9301,0.4929510281958872,18.240001063538102,1054029,17.900835745506054,9.845222644404153,2.8848474014498553,2021-12-01,12,2021,12
QK1,202201,7086,3490,7125,2239,19940,0.35536609829488464,0.17502507522567703,0.3573219658976931,0.11228686058174524,9364,0.4696088264794383,18.240001063538102,1054029,18.917885561023464,9.900483043515829,2.9401078005615324,2022-01-01,1,2022,13
QK1,202202,6725,3269,6609,2244,18847,0.3568207141720168,0.17344935533506659,0.3506658884703136,0.11906404202260307,8853,0.46972993049291667,18.240001063538102,1054029,17.880912195015505,9.844109029016629,2.8837337860623307,2022-02-01,2,2022,14
QK1,202203,7641,3999,7795,2416,21851,0.34968651320305705,0.18301221912040638,0.356734245572285,0.11056702210425152,10211,0.46730126767653657,18.240001063538102,1054029,20.730928655663174,9.992001966066868,3.0316267231125695,2022-03-01,3,2022,15
QK1,202204,6619,3360,6862,2276,19117,0.34623633415284827,0.17575979494690588,0.35894753360882986,0.11905633729141601,9138,0.4780038709002459,18.240001063538102,1054029,18.137072129893962,9.858333270529018,2.897958027574721,2022-04-01,4,2022,16
QK1,202205,7143,3601,7049,2331,20124,0.35494931425163984,0.1789405684754522,0.35027827469687933,0.11583184257602862,9380,0.46611011727290796,18.240001063538102,1054029,19.09245381294063,9.909668411611209,2.949293168656912,2022-05-01,5,2022,17
QK1,202206,6898,3336,7478,2279,19991,0.34505527487369314,0.1668750937922065,0.374068330748837,0.11400130058526337,9757,0.48806963133410036,18.240001063538102,1054029,18.966271326500504,9.903037451255743,2.9426622083014458,2022-06-01,6,2022,18
QK1,202207,6635,3194,7151,2244,19224,0.3451414898044112,0.1661464835622139,0.3719829379941739,0.11672908863920099,9395,0.48871202663337493,18.240001063538102,1054029,18.23858736334579,9.863914777416305,2.903539534462008,2022-07-01,7,2022,19
QK1,202208,6603,3118,7176,2289,19186,0.3441571979568435,0.16251433336808088,0.3740227249035755,0.11930574377150005,9465,0.49332846867507557,18.240001063538102,1054029,18.202535224362897,9.861936125377893,2.901560882423596,2022-08-01,8,2022,20
QK1,202209,6246,2623,6761,2136,17766,0.3515704154002026,0.14764156253517954,0.380558369920072,0.12022965214454576,8897,0.5007880220646178,18.240001063538102,1054029,16.85532371500215,9.785041797329646,2.8246665543753493,2022-09-01,9,2022,21
QK1,202210,6156,3136,6524,2131,17947,0.3430099738117791,0.17473672480080235,0.36351479355881205,0.11873850782860645,8655,0.4822533013874185,18.240001063538102,1054029,17.02704574542067,9.795178249029277,2.8348030060749796,2022-10-01,10,2022,22
QK1,202211,6802,3224,7043,2250,19319,0.3520886174232621,0.16688234380661524,0.3645633831978881,0.1164656555722346,9293,0.48102903877012265,18.240001063538102,1054029,18.328717710803023,9.868844346592555,2.908469103638257,2022-11-01,11,2022,23
QK1,202212,6639,3229,6687,2268,18823,0.35270679487860596,0.17154544971577326,0.3552568665993731,0.12049088880624767,8955,0.4757477554056208,18.240001063538102,1054029,17.85814242302631,9.842834805324179,2.8824595623698808,2022-12-01,12,2022,24
QK1,202301,7166,3327,6918,2374,19785,0.3621935809957038,0.16815769522365429,0.34965883244882484,0.11998989133181703,9292,0.4696487237806419,18.240001063538102,1054029,18.77083078359324,9.892679353819524,2.9323041108652275,2023-01-01,1,2023,25
QK1,202302,6646,3215,6479,2280,18620,0.3569280343716434,0.17266380236305048,0.3479591836734694,0.12244897959183673,8759,0.4704081632653061,18.240001063538102,1054029,17.665548101617695,9.831991550831058,2.871616307876761,2023-02-01,2,2023,26
QK1,202303,7719,3383,7496,2590,21188,0.3643099867849726,0.15966584859354352,0.3537851614121201,0.12223900320936379,10086,0.47602416462148384,18.240001063538102,1054029,20.10191370446164,9.961190262664417,3.00081501971012,2023-03-01,3,2023,27
QK1,202304,6586,2706,6879,2298,18469,0.356597541826845,0.14651578320428826,0.37246196328983705,0.12442471167902973,9177,0.49688667496886674,18.240001063538102,1054029,17.522288286185674,9.823848929875911,2.863473686921614,2023-04-01,4,2023,28
QK1,202305,7497,3052,7562,2596,20707,0.362051480175786,0.14738977157482977,0.3651905152846863,0.12536823296469793,10158,0.4905587482493843,18.240001063538102,1054029,19.64556952417818,9.938227086340024,2.9778518433857277,2023-05-01,5,2023,29
QK1,202306,7774,3321,7981,2815,21891,0.3551231099538623,0.1517061806221735,0.36457905075145036,0.12859165867251382,10796,0.4931707094239642,18.240001063538102,1054029,20.768878275645168,9.99383087243373,3.0334556294794326,2023-06-01,6,2023,30
QK1,202307,6880,2918,7278,2584,19660,0.34994913530010174,0.14842319430315362,0.3701932858596134,0.13143438453713124,9862,0.5016276703967446,18.240001063538102,1054029,18.652238221149513,9.886341393701157,2.9259661507468606,2023-07-01,7,2023,31
QK1,202308,7223,3149,7447,2612,20431,0.3535313983652293,0.15412853017473446,0.36449512994958644,0.1278449415104498,10059,0.4923400714600362,18.240001063538102,1054029,19.383717146302427,9.924808634239811,2.9644333912855148,2023-08-01,8,2023,32
QK1,202309,6839,3209,7174,2529,19751,0.34626094881271835,0.16247278618804112,0.36322211533593235,0.12804414966330818,9703,0.49126626499924053,18.240001063538102,1054029,18.738573606608547,9.890959401958858,2.9305841590045607,2023-09-01,9,2023,33
QK1,202310,6975,3174,6846,2536,19531,0.3571245711945113,0.1625108801392658,0.3505196866519891,0.1298448620142338,9382,0.4803645486662229,18.240001063538102,1054029,18.529850696707584,9.879758225836891,2.919382982882594,2023-10-01,10,2023,34
QK1,202311,7239,3691,6815,2712,20457,0.3538642029623112,0.18042723762037444,0.3331378012416288,0.1325707581756856,9527,0.46570855941731437,18.240001063538102,1054029,19.40838439929072,9.926080401188763,2.9657051582344653,2023-11-01,11,2023,35
QK1,202312,6336,3361,6458,2494,18649,0.3397501206499008,0.18022414070459541,0.34629202638211165,0.13373371226339215,8952,0.4800257386455038,18.240001063538102,1054029,17.693061576104643,9.833547804331447,2.873172561377149,2023-12-01,12,2023,36
QK1,202401,7584,3944,6979,2706,21213,0.3575166171687173,0.185923726017065,0.32899637015037947,0.1275632866638382,9685,0.4565596568142177,18.240001063538102,1054029,20.12563221695039,9.96236948027235,3.0019942373180535,2024-01-01,1,2024,37
QK1,202402,7056,3619,6492,2589,19756,0.35715731929540395,0.183184855233853,0.3286090301680502,0.13104879530269287,9081,0.4596578254707431,18.240001063538102,1054029,18.743317309106295,9.891212521660515,2.9308372787062185,2024-02-01,2,2024,38
QK1,202403,7251,3670,6954,2615,20490,0.35387994143484625,0.1791117618350415,0.339385065885798,0.1276232308443143,9569,0.46700829673011224,18.240001063538102,1054029,19.439692835775865,9.927692241232945,2.9673169982786485,2024-03-01,3,2024,39
QK1,202404,7735,3830,7341,2800,21706,0.356353082097116,0.17644890813599926,0.33820141896249883,0.12899659080438589,10141,0.46719800976688475,18.240001063538102,1054029,20.59336128322845,9.985343999005961,3.024968756051663,2024-04-01,4,2024,40
QK1,202405,7376,3847,7715,2738,21676,0.3402841852740358,0.1774773943532017,0.35592360214061636,0.12631481823214616,10453,0.4822384203727625,18.240001063538102,1054029,20.564899068241957,9.983960936686005,3.023585693731708,2024-05-01,5,2024,41
QK1,202406,6878,3524,6836,2587,19825,0.3469356872635561,0.17775535939470366,0.3448171500630517,0.13049180327868853,9423,0.4753089533417402,18.240001063538102,1054029,18.808780403575234,9.89469904650305,2.9343238035487516,2024-06-01,6,2024,42
QK1,202407,6897,3740,7497,2885,21019,0.32813169037537465,0.177934249964318,0.35667729197392833,0.13725676768637898,10382,0.49393405966030735,18.240001063538102,1054029,19.941576560037724,9.95318206955998,2.992806826605683,2024-07-01,7,2024,43
QK1,202408,6618,3586,7291,2646,20141,0.3285834864207338,0.1780447842708902,0.36199791470135545,0.1313738146070205,9937,0.493371729308376,18.240001063538102,1054029,19.108582401432976,9.910512817472881,2.950137574518584,2024-08-01,8,2024,44
QK1,202409,6362,3367,6851,2692,19272,0.3301162308011623,0.17470942299709424,0.3554898298048983,0.13968451639684518,9543,0.49517434620174344,18.240001063538102,1054029,18.284126907324183,9.866408544294707,2.9060333013404103,2024-09-01,9,2024,45
QK1,202410,6811,3605,7151,2680,20247,0.3363955153849953,0.17805106929421644,0.3531881266360448,0.13236528868474343,9831,0.4855534153207883,18.240001063538102,1054029,19.209148894385258,9.915761913411517,2.955386670457219,2024-10-01,10,2024,46
QK1,202411,6328,3679,7210,2571,19788,0.31978977157873456,0.18592076005659997,0.3643622397412573,0.12992722862340814,9781,0.4942894683646655,18.240001063538102,1054029,18.77367700509189,9.8928309723476,2.9324557293933022,2024-11-01,11,2024,47
QK1,202412,6273,3496,6932,2628,19329,0.3245382585751979,0.18086812561436183,0.35863210719644056,0.1359615086139997,9560,0.49459361581044026,18.240001063538102,1054029,18.338205115798523,9.869361837806752,2.908986594852455,2024-12-01,12,2024,48
QK1,202501,7136,4137,7767,2830,21870,0.32629172382258803,0.18916323731138546,0.3551440329218107,0.12940100594421583,10597,0.4845450388660265,18.240001063538102,1054029,20.748954725154622,9.992871113670814,3.0324958707165166,2025-01-01,1,2025,49
QK1,202502,6420,3708,6908,2538,19574,0.3279861040155308,0.18943496474915705,0.3529171349749668,0.12966179626034535,9446,0.48257893123531215,18.240001063538102,1054029,18.570646538188228,9.881957433985765,2.9215821910314674,2025-02-01,2,2025,50
QK1,202503,6973,4046,7405,2691,21115,0.3302391664693346,0.19161733364906464,0.3506985555292446,0.12744494435235615,10096,0.47814349988160076,18.240001063538102,1054029,20.032655647994506,9.957738967368044,2.9973637244137468,2025-03-01,3,2025,51
QK1,202504,6652,3774,7172,2627,20225,0.3288998763906057,0.1866007416563659,0.354610630407911,0.12988875154511742,9799,0.48449938195302844,18.240001063538102,1054029,19.188276603395163,9.914674741926692,2.954299498972395,2025-04-01,4,2025,52
QK1,202505,6971,4136,7768,2908,21783,0.32002019923793784,0.1898728366157095,0.3566083643208006,0.13349859982555204,10676,0.4901069641463527,18.240001063538102,1054029,20.666414301693784,9.988885128048356,3.028509885094059,2025-05-01,5,2025,53
QK1,202506,6695,3861,7245,2748,20549,0.32580660859409216,0.18789235485911723,0.3525719013090661,0.13372913523772445,9993,0.4863010365467906,18.240001063538102,1054029,19.495668525249307,9.93056755693987,2.970192313985573,2025-06-01,6,2025,54
QK1,202507,6897,4117,7733,2901,21648,0.31859756097560976,0.19017923133776793,0.35721544715447157,0.13400776053215077,10634,0.4912232076866223,18.240001063538102,1054029,20.53833433425456,9.982668350410568,3.022293107456272,2025-07-01,7,2025,55
QK1,202508,6056,3413,6777,2511,18757,0.3228661299781415,0.18195873540544863,0.3613051127579037,0.13387002185850616,9288,0.4951751346164099,18.240001063538102,1054029,17.795525550056023,9.839322295060342,2.878947052106044,2025-08-01,8,2025,56
QK1,202509,6431,3612,7061,2609,19713,0.3262314208897682,0.18322934104398114,0.3581900268858114,0.1323492111804393,9670,0.4905392380662507,18.240001063538102,1054029,18.702521467625655,9.889033595565978,2.9286583526116803,2025-09-01,9,2025,57
QK1,202510,6383,3730,7191,2690,19994,0.31924577373211965,0.186555966790037,0.3596578973692108,0.1345403621086326,9881,0.49419825947784335,18.240001063538102,1054029,18.969117547999154,9.903187507527125,2.942812264572829,2025-10-01,10,2025,58
QK1,202511,6108,3349,6852,2569,18878,0.32355122364657274,0.1774022671893209,0.3629621781968429,0.1360843309672635,9421,0.49904650916410637,18.240001063538102,1054029,17.91032315050155,9.84575250188489,2.8853772589305926,2025-11-01,11,2025,59
QK1,202512,6315,3508,7168,2688,19679,0.32090045225875297,0.1782610905025662,0.3642461507190406,0.13659230651964022,9856,0.5008384572386808,18.240001063538102,1054029,18.670264290640958,9.88730735630709,2.9269321133527924,2025-12-01,12,2025,60
QKK,202101,7859,4056,8297,1539,21751,0.3613167210702956,0.18647418509493816,0.38145372626545904,0.07075536756930716,9836,0.4522090938347662,22.21620591529243,1764376,12.327871156714895,9.987415012471414,2.511862646690884,2021-01-01,1,2021,1
QKK,202102,8076,4109,8110,1499,21794,0.3705607047811324,0.18853812976048454,0.3721207671836285,0.06878039827475452,9609,0.44090116545838304,22.21620591529243,1764376,12.352242379175415,9.989389981536831,2.5138376157563016,2021-02-01,2,2021,2
QKK,202103,9428,4906,9443,1635,25412,0.371005824020148,0.19305839760742957,0.37159609633244134,0.06433968203998111,11078,0.4359357783724225,22.21620591529243,1764376,14.402825701551143,10.142976782386423,2.6674244166058942,2021-03-01,3,2021,3
QKK,202104,9239,4913,9221,1645,25018,0.3692941082420657,0.19637860740267007,0.36857462626908627,0.06575265808617795,10866,0.4343272843552642,22.21620591529243,1764376,14.17951729109895,10.127350844774687,2.651798478994157,2021-04-01,4,2021,4
QKK,202105,7967,4231,8239,1498,21935,0.3632094825621153,0.19288807841349442,0.375609756097561,0.06829268292682927,9737,0.44390243902439025,22.21620591529243,1764376,12.432157317941302,9.995838813600315,2.520286447819785,2021-05-01,5,2021,5
QKK,202106,8665,4729,8765,1766,23925,0.36217345872518286,0.19765935214211075,0.3663531870428422,0.07381400208986416,10531,0.44016718913270636,22.21620591529243,1764376,13.560034822509488,10.082679216321155,2.607126850540625,2021-06-01,6,2021,6
QKK,202107,8037,4285,8667,1646,22635,0.35506958250497017,0.1893085928871217,0.38290258449304176,0.07271924011486636,10313,0.4556218246079081,22.21620591529243,1764376,12.828898148693929,10.02725265987006,2.551700294089529,2021-07-01,7,2021,7
QKK,202108,7005,3873,7959,1429,20266,0.3456528175268923,0.19110826014013618,0.3927267344320537,0.07051218790091779,9388,0.4632389223329715,22.21620591529243,1764376,11.486213822903963,9.916699884008263,2.441147518227733,2021-08-01,8,2021,8
QKK,202109,7696,4209,8563,1596,22064,0.3488034807831762,0.19076323422770122,0.3880982596084119,0.07233502538071065,10159,0.46043328498912256,22.21620591529243,1764376,12.505270985322857,10.001702600033083,2.5261502342525533,2021-09-01,9,2021,9
QKK,202110,7405,4016,7835,1576,20832,0.3554627496159754,0.19278033794162827,0.37610407066052226,0.07565284178187404,9411,0.4517569124423963,22.21620591529243,1764376,11.80700712319823,9.944245545008295,2.468693179227766,2021-10-01,10,2021,10
QKK,202111,8246,4487,8706,1658,23097,0.3570160626921245,0.19426765380785382,0.3769320690998831,0.07178421440013855,10364,0.44871628350002163,22.21620591529243,1764376,13.090747096990663,10.047458017946159,2.5719056521656296,2021-11-01,11,2021,11
QKK,202112,7456,4107,8256,1557,21376,0.34880239520958084,0.1921313622754491,0.38622754491017963,0.07283869760479042,9813,0.4590662425149701,22.21620591529243,1764376,12.115331425954558,9.970024076336372,2.4944717105558425,2021-12-01,12,2021,12
QKK,202201,8357,4695,8631,1598,23281,0.35896224388986725,0.20166659507753104,0.3707314977878957,0.06863966324470598,10229,0.4393711610326017,22.21620591529243,1764376,13.19503325821707,10.05539285624928,2.5798404904687513,2022-01-01,1,2022,13
QKK,202202,8047,4303,8146,1494,21990,0.36593906321055025,0.19567985447930877,0.3704411095952706,0.0679399727148704,9640,0.43838108231014095,22.21620591529243,1764376,12.46332981178615,9.998343083548807,2.522790717768277,2022-02-01,2,2022,14
QKK,202203,9420,5166,9411,1862,25859,0.3642832282764221,0.1997757067171971,0.3639351869755211,0.07200587803085966,11273,0.43594106500638075,22.21620591529243,1764376,14.656173060617464,10.160413981817907,2.684861616037377,2022-03-01,3,2022,15
QKK,202204,8307,4627,8505,1621,23060,0.36023417172593236,0.20065047701647876,0.3688204683434519,0.07029488291413703,10126,0.4391153512575889,22.21620591529243,1764376,13.06977651022231,10.04585479382305,2.5703024280425204,2022-04-01,4,2022,16
QKK,202205,8625,4922,8909,1758,24214,0.35619889320227965,0.20327083505410093,0.36792764516395476,0.07260262657966465,10667,0.4405302717436194,22.21620591529243,1764376,13.723832108348786,10.094686257267686,2.619133891487156,2022-05-01,5,2022,17
QKK,202206,8555,4846,9031,1657,24089,0.3551413508240276,0.20117065880692434,0.37490140728133176,0.06878658308771639,10688,0.4436879903690481,22.21620591529243,1764376,13.652985531428675,10.089510583746897,2.6139582179663665,2022-06-01,6,2022,18
QKK,202207,7887,4728,8913,1701,23229,0.33953248095053595,0.20353868009815318,0.38370140772310474,0.07322743122820612,10614,0.45692883895131087,22.21620591529243,1764376,13.165561082218302,10.053156777054832,2.5776044112743035,2022-07-01,7,2022,19
QKK,202208,7600,4237,8438,1679,21954,0.3461783729616471,0.19299444292611825,0.3843490935592603,0.0764780905529744,10117,0.46082718411223467,22.21620591529243,1764376,12.442925997633157,9.996704634247262,2.5211522684667322,2022-08-01,8,2022,20
QKK,202209,7169,3892,8338,1577,20976,0.34177154843630814,0.1855453852021358,0.3975019069412662,0.07518115942028986,9915,0.47268306636155605,22.21620591529243,1764376,11.888622379810199,9.95113420600348,2.4755818402229512,2022-09-01,9,2022,21
QKK,202210,7339,4129,8040,1603,21111,0.3476386717824831,0.19558523992231538,0.38084410970584054,0.075931978589361,9643,0.45677608829520155,22.21620591529243,1764376,11.965136682883921,9.957549510634658,2.481997144854129,2022-10-01,10,2022,22
QKK,202211,8042,4207,8287,1600,22136,0.36329960245753523,0.19005240332490062,0.3743675460787857,0.07228044813877846,9887,0.4466479942175641,22.21620591529243,1764376,12.546078613628842,10.004960521466762,2.529408155686232,2022-11-01,11,2022,23
QKK,202212,7423,4230,7892,1584,21129,0.3513180936154101,0.20019877892943347,0.37351507406881534,0.07496805338634105,9476,0.4484831274551564,22.21620591529243,1764376,11.975338589960415,9.95840178341352,2.4828494176329903,2022-12-01,12,2022,24
QKK,202301,8385,4575,8771,1716,23447,0.3576150467010705,0.19512091099074508,0.3740777071693607,0.07318633513882374,10487,0.4472640423081844,22.21620591529243,1764376,13.289117512366978,10.062497833920736,2.586945468140206,2023-01-01,1,2023,25
QKK,202302,7826,4164,8142,1596,21728,0.360180412371134,0.19164212076583212,0.3747238586156112,0.07345360824742268,9738,0.4481774668630339,22.21620591529243,1764376,12.314835386561596,9.986357030358423,2.510804664577893,2023-02-01,2,2023,26
QKK,202303,9006,4742,9491,1904,25143,0.35819114664121227,0.18860120112953904,0.3774808097681263,0.07572684246112238,11395,0.4532076522292487,22.21620591529243,1764376,14.250363868019061,10.132334806767016,2.656782440986486,2023-03-01,3,2023,27
QKK,202304,7832,3817,8416,1592,21657,0.36163826938172416,0.17624786443182344,0.3886041464653461,0.07350971972110634,10008,0.4621138661864524,22.21620591529243,1764376,12.27459453087097,9.983084006807271,2.5075316410267408,2023-04-01,4,2023,28
QKK,202305,8722,4503,9345,1787,24357,0.35809007677464383,0.18487498460401527,0.3836679394014041,0.07336699921993678,11132,0.45703493862134087,22.21620591529243,1764376,13.804880592345395,10.100574561530555,2.6250221957500264,2023-05-01,5,2023,29
QKK,202306,9488,4848,10112,2038,26486,0.35822698784263385,0.1830400966548365,0.38178660424375144,0.07694631125877822,12150,0.45873291550252965,22.21620591529243,1764376,15.01153949044875,10.18437157048691,2.70881920470638,2023-06-01,6,2023,30
QKK,202307,8355,4319,9596,1838,24108,0.34656545545047285,0.17915214866434379,0.398042143686743,0.07624025219844036,11434,0.47428239588518334,22.21620591529243,1764376,13.663754211120533,10.090299014602934,2.614746648822405,2023-07-01,7,2023,31
QKK,202308,8031,4303,8990,1731,23055,0.3483409238776838,0.18664064194317936,0.389937106918239,0.07508132726089785,10721,0.46501843417913685,22.21620591529243,1764376,13.066942647145508,10.045637944640806,2.5700855788602763,2023-08-01,8,2023,32
QKK,202309,7995,4456,8899,1826,23176,0.34496893337935797,0.19226786330686918,0.3839748015188126,0.0787884017949603,10725,0.46276320331377285,22.21620591529243,1764376,13.135522133604175,10.050872539449186,2.5753201736686564,2023-09-01,9,2023,33
QKK,202310,7776,4320,8505,1679,22280,0.3490125673249551,0.19389587073608616,0.38173249551166966,0.07535906642728905,10184,0.4570915619389587,22.21620591529243,1764376,12.62769387024081,10.01144469404122,2.5358923282606907,2023-10-01,10,2023,34
QKK,202311,8121,4547,8591,1705,22964,0.35364048075248217,0.19800557394182197,0.37410729838007317,0.07424664692562272,10296,0.4483539453056959,22.21620591529243,1764376,13.015366339147665,10.041683051287528,2.5661306855069976,2023-11-01,11,2023,35
QKK,202312,7323,4241,8320,1661,21545,0.3398932466929682,0.19684381527036435,0.38616848456718494,0.07709445346948247,9981,0.46326293803666746,22.21620591529243,1764376,12.21111599795055,9.977899050049938,2.5023466842694084,2023-12-01,12,2023,36
QKK,202401,9062,5198,9489,1827,25576,0.35431654676258995,0.20323741007194246,0.3710118861432593,0.07143415702220832,11316,0.44244604316546765,22.21620591529243,1764376,14.495776410470329,10.149409690739677,2.6738573249591475,2024-01-01,1,2024,37
QKK,202402,8375,4736,8743,1730,23584,0.35511363636363635,0.20081411126187246,0.3707174355495251,0.07335481682496608,10473,0.44407225237449116,22.21620591529243,1764376,13.36676536067142,10.068323794989062,2.5927714292085335,2024-02-01,2,2024,38
QKK,202403,8581,4893,8903,1819,24196,0.3546453959332121,0.2022235080178542,0.3679533807240866,0.07517771532484709,10722,0.4431310960489337,22.21620591529243,1764376,13.713630201272291,10.093942609226804,2.6183902434462754,2024-03-01,3,2024,39
QKK,202404,9450,5319,9565,1889,26223,0.36037066697174236,0.20283720398123783,0.36475613011478475,0.07203599893223506,11454,0.4367921290470198,22.21620591529243,1764376,14.86247829260883,10.174392167248598,2.698839801468068,2024-04-01,4,2024,40
QKK,202405,9090,5200,9468,1929,25687,0.35387550122630124,0.20243703040448477,0.3685911161287811,0.0750963522404329,11397,0.443687468369214,22.21620591529243,1764376,14.55868817077539,10.153740306328956,2.678187940548426,2024-05-01,5,2024,41
QKK,202406,8684,4882,9335,1909,24810,0.3500201531640468,0.19677549375251915,0.3762595727529222,0.07694478033051189,11244,0.4532043530834341,22.21620591529243,1764376,14.061628587103883,10.119002076685847,2.6434497109053168,2024-06-01,6,2024,42
QKK,202407,8391,5143,9653,1981,25168,0.3333995549904641,0.2043467895740623,0.3835425937698665,0.07871106166560712,11634,0.46225365543547364,22.21620591529243,1764376,14.264533183403083,10.13332862529806,2.6577762595175294,2024-07-01,7,2024,43
QKK,202408,7527,4877,9101,1853,23358,0.3222450552273311,0.20879356109255928,0.38963096155492766,0.07933042212518195,10954,0.4689613836801096,22.21620591529243,1764376,13.23867474959986,10.05869481683851,2.5831424510579812,2024-08-01,8,2024,44
QKK,202409,7164,4553,8755,1744,22216,0.32247029168167085,0.2049423838674829,0.39408534389629096,0.07850198055455528,10499,0.4725873244508462,22.21620591529243,1764376,12.591420422857713,10.008568028986636,2.533015663206106,2024-09-01,9,2024,45
QKK,202410,7362,4891,9188,1841,23282,0.3162099475990035,0.2100764539128941,0.39463963577012284,0.07907396271797955,11029,0.4737135984881024,22.21620591529243,1764376,13.19560003083243,10.055435808808186,2.5798834430276565,2024-10-01,10,2024,46
QKK,202411,7399,5096,9127,1866,23488,0.31501192098092645,0.21696185286103542,0.38858140326975477,0.07944482288828338,10993,0.46802622615803813,22.21620591529243,1764376,13.312355189596776,10.064244931414242,2.5886925656337123,2024-11-01,11,2024,47
QKK,202412,6957,4819,8649,1743,22168,0.3138307470227355,0.21738542042583905,0.39015698303861424,0.07862684951281126,10392,0.4687838325514255,22.21620591529243,1764376,12.564215337320391,10.006405086542815,2.530852720762285,2024-12-01,12,2024,48
QKK,202501,7931,5585,9690,1881,25087,0.31613983337983814,0.22262526408099811,0.38625582971260014,0.07497907282656356,11571,0.4612349025391637,22.21620591529243,1764376,14.218624601558853,10.130105062661839,2.6545526968813085,2025-01-01,1,2025,49
QKK,202502,7180,5197,8698,1802,22877,0.3138523407789483,0.22717139485072343,0.3802071949993443,0.07876906937098396,10500,0.4589762643703283,22.21620591529243,1764376,12.966057121611266,10.037887318015784,2.5623349522352536,2025-02-01,2,2025,50
QKK,202503,7832,5728,9618,1867,25045,0.3127171092034338,0.22870832501497304,0.3840287482531443,0.0745458175284488,11485,0.4585745657815931,22.21620591529243,1764376,14.194820151713694,10.128429485791717,2.6528771200111874,2025-03-01,3,2025,51
QKK,202504,7257,5340,8866,1750,23213,0.3126265454702107,0.23004351010209798,0.38194115366389525,0.07538879076379615,10616,0.45732994442769137,22.21620591529243,1764376,13.156492720372528,10.052467745547446,2.576915379766917,2025-04-01,4,2025,52
QKK,202505,7672,5810,9453,1970,24905,0.3080505922505521,0.23328648865689622,0.37956233688014457,0.07910058221240715,11423,0.4586629190925517,22.21620591529243,1764376,14.115471985563168,10.122823865507383,2.647271499726854,2025-05-01,5,2025,53
QKK,202506,7701,5705,9584,1900,24890,0.309401366010446,0.22920851747689835,0.3850542386500603,0.07633587786259542,11484,0.4613901165126557,22.21620591529243,1764376,14.106970396332756,10.122221395361638,2.646669029581108,2025-06-01,6,2025,54
QKK,202507,7732,5819,9979,1970,25500,0.3032156862745098,0.22819607843137255,0.3913333333333333,0.07725490196078431,11949,0.46858823529411764,22.21620591529243,1764376,14.452701691702902,10.146433731146518,2.6708813653659877,2025-07-01,7,2025,55
QKK,202508,6572,4900,8664,1776,21912,0.2999269806498722,0.22362175976633808,0.3953997809419496,0.08105147864184009,10440,0.4764512595837897,22.21620591529243,1764376,12.419121547788,9.994789710942914,2.5192373451623844,2025-08-01,8,2025,56
QKK,202509,6917,5019,8822,1893,22651,0.3053728312215796,0.22157962120877667,0.38947507836298617,0.08357246920665755,10715,0.47304754756964373,22.21620591529243,1764376,12.837966510539703,10.027959280046968,2.552406914266438,2025-09-01,9,2025,57
QKK,202510,7126,5183,9286,1901,23496,0.3032856656452162,0.2205907388491658,0.3952162070139598,0.08090738849165816,11187,0.476123595505618,22.21620591529243,1764376,13.316889370519663,10.064585472878456,2.5890331070979262,2025-10-01,10,2025,58
QKK,202511,6783,4909,8435,1721,21848,0.310463200292933,0.2246887586964482,0.3860765287440498,0.07877151226656902,10156,0.46484804101061883,22.21620591529243,1764376,12.382848100404901,9.99186466315354,2.516312297373011,2025-11-01,11,2025,59
QKK,202512,6911,4956,8793,1845,22505,0.30708731393023775,0.22021772939346812,0.3907131748500333,0.08198178182626083,10638,0.47269495667629413,22.21620591529243,1764376,12.755217708697012,10.021492785727034,2.545940419946503,2025-12-01,12,2025,60
QKS,202101,8959,3405,8851,2057,23272,0.3849690615331729,0.14631316603643865,0.3803282915091097,0.0883894809212788,10908,0.4687177724303884,20.210316224305124,1795251,12.96308984091918,10.055006200175038,2.562106076159282,2021-01-01,1,2021,1
QKS,202102,8939,3324,8169,1972,22404,0.39899125156222104,0.1483663631494376,0.3646223888591323,0.08801999642920907,10141,0.4526423852883414,20.210316224305124,1795251,12.479591990200813,10.016994793329722,2.524094669313967,2021-02-01,2,2021,2
QKS,202103,10445,4028,9738,2382,26593,0.39277253412552177,0.15146843154213516,0.36618659045613505,0.08957244387620802,12120,0.4557590343323431,20.210316224305124,1795251,14.81297044257321,10.18840330224294,2.695503178227183,2021-03-01,3,2021,3
QKS,202104,9753,3847,9270,2180,25050,0.38934131736526945,0.15357285429141718,0.37005988023952097,0.08702594810379241,11450,0.45708582834331335,20.210316224305124,1795251,13.953480599648739,10.12862910651301,2.635728982497255,2021-04-01,4,2021,4
QKS,202105,8525,3379,8295,2077,22276,0.38269886873765485,0.15168791524510683,0.372373855270246,0.09323936074699228,10372,0.46561321601723826,20.210316224305124,1795251,12.408292767975063,10.01126514470956,2.5183650206938033,2021-05-01,5,2021,5
QKS,202106,8960,3572,8705,2225,23462,0.3818941266729179,0.1522461853209445,0.3710254880231864,0.09483419998295116,10930,0.4658596880061376,20.210316224305124,1795251,13.068924623910528,10.063137370065666,2.57023724604991,2021-06-01,6,2021,6
QKS,202107,8735,3508,8579,2133,22955,0.38052711827488567,0.1528207362230451,0.3737312132433021,0.09292093225876716,10712,0.4666521455020693,20.210316224305124,1795251,12.786512860875721,10.041291056683322,2.5483909326675667,2021-07-01,7,2021,7
QKS,202108,7917,3085,8098,1959,21059,0.37594377700745524,0.1464931858112921,0.3845386770501923,0.09302436013106036,10057,0.47756303718125265,20.210316224305124,1795251,11.730393131656799,9.955083301179778,2.4621831771640226,2021-08-01,8,2021,8
QKS,202109,8550,3295,8406,2130,22381,0.38202046378624727,0.14722309101469996,0.3755864349224789,0.09517001027657387,10536,0.47075644519905274,20.210316224305124,1795251,12.466780411207123,10.01596766362013,2.523067539604374,2021-09-01,9,2021,9
QKS,202110,8229,3152,8060,1994,21435,0.3839048285514346,0.147049218567763,0.37602052717518075,0.09302542570562165,10054,0.4690459528808024,20.210316224305124,1795251,11.939834596944939,9.972780379032077,2.479880255016322,2021-10-01,10,2021,10
QKS,202111,8807,3483,8605,2212,23107,0.38113991431168043,0.15073354394772148,0.3723979746397196,0.09572856710087853,10817,0.4681265417405981,20.210316224305124,1795251,12.8711806872688,10.047890880908506,2.554990756892751,2021-11-01,11,2021,11
QKS,202112,8342,3316,8355,2117,22130,0.37695436059647536,0.14984184365115227,0.377541798463624,0.0956619972887483,10472,0.47320379575237237,20.210316224305124,1795251,12.326967092623818,10.004689433045096,2.5117893090293397,2021-12-01,12,2021,12
QKS,202201,9341,3740,8603,2072,23756,0.3932059269237245,0.15743391143290117,0.36214009092439803,0.08722007071897626,10675,0.4493601616433743,20.210316224305124,1795251,13.232690024960299,10.075590409135751,2.582690285119995,2022-01-01,1,2022,13
QKS,202202,8879,3651,8372,2075,22977,0.3864299081690386,0.15889802846324586,0.36436436436436437,0.09030769900335117,10447,0.45467206336771554,20.210316224305124,1795251,12.79876741469577,10.042248994577703,2.5493488705619476,2022-02-01,2,2022,14
QKS,202203,10042,4229,9351,2351,25973,0.386632271974743,0.16282293150579447,0.36002772109498327,0.09051707542447927,11702,0.4505447965194625,20.210316224305124,1795251,14.467614834917235,10.16481281589039,2.6719126918746343,2022-03-01,3,2022,15
QKS,202204,8795,3602,8476,2045,22918,0.3837594903569247,0.1571690374378218,0.3698403002007156,0.08923117200453792,10521,0.4590714722052535,20.210316224305124,1795251,12.765902929451089,10.039677906986393,2.5467777829706377,2022-04-01,4,2022,16
QKS,202205,9008,3781,8770,2274,23833,0.3779633281584358,0.1586455754625939,0.36797717450593714,0.09541392187303319,11044,0.46339109637897036,20.210316224305124,1795251,13.275580963330476,10.078826453902199,2.5859263298864423,2022-05-01,5,2022,17
QKS,202206,8615,3513,8388,2073,22589,0.38138031785382265,0.1555181725618664,0.37133117889238126,0.0917703306919297,10461,0.46310150958431096,20.210316224305124,1795251,12.582641647323968,10.025218341107275,2.5323182170915195,2022-06-01,6,2022,18
QKS,202207,8338,3348,8344,2069,22099,0.3773021403683425,0.1515000678763745,0.3775736458663288,0.09362414588895425,10413,0.47119779175528304,20.210316224305124,1795251,12.309699312241019,10.003287637613305,2.5103875135975495,2022-07-01,7,2022,19
QKS,202208,8239,3216,8306,2111,21872,0.37669166057059256,0.14703730797366496,0.3797549378200439,0.09651609363569862,10417,0.4762710314557425,20.210316224305124,1795251,12.183254597825039,9.99296255896373,2.500062434947975,2022-08-01,8,2022,20
QKS,202209,7625,2897,7828,2059,20409,0.3736096820030379,0.14194718016561322,0.3835562741927581,0.10088686363859081,9887,0.4844431378313489,20.210316224305124,1795251,11.368326768791663,9.92373125901317,2.430831134997415,2022-09-01,9,2022,21
QKS,202210,7749,3241,7526,2057,20573,0.37665872745831913,0.15753657706702962,0.365819277694065,0.0999854177805862,9583,0.46580469547465125,20.210316224305124,1795251,11.459678897268404,9.93173481547423,2.438834691458475,2022-10-01,10,2022,22
QKS,202211,8770,3463,8563,2189,22985,0.3815531868609963,0.15066347618011747,0.37254731346530345,0.09523602349358277,10752,0.46778333695888624,20.210316224305124,1795251,12.803223616084882,10.042597108240328,2.5496969842245725,2022-11-01,11,2022,23
QKS,202212,8226,3330,7923,1964,21443,0.38362169472555147,0.15529543440749896,0.36949120925243667,0.09159166161451289,9887,0.4610828708669496,20.210316224305124,1795251,11.94429079833405,9.973153530769231,2.480253406753475,2022-12-01,12,2022,24
QKS,202301,9541,3639,8545,2193,23918,0.39890459068483985,0.15214482816288988,0.3572623129024166,0.09168826824985367,10738,0.44895058115227027,20.210316224305124,1795251,13.322928103089763,10.082386592528753,2.5894864685129972,2023-01-01,1,2023,25
QKS,202302,8884,3384,8182,2079,22529,0.3943361889120689,0.15020640063917617,0.3631763504816015,0.09228105996715345,10261,0.45545741044875493,20.210316224305124,1795251,12.549220136905646,10.022558647177142,2.529658523161387,2023-02-01,2,2023,26
QKS,202303,10064,3867,9168,2302,25401,0.3962048738238652,0.1522381008621708,0.3609306720207866,0.09062635329317743,11470,0.451557025313964,20.210316224305124,1795251,14.148996435595913,10.142543822310387,2.649643698294631,2023-03-01,3,2023,27
QKS,202304,8587,3003,8014,2066,21670,0.3962621135209968,0.13857868020304567,0.369820027688048,0.09533917858790955,10080,0.4651592062759575,20.210316224305124,1795251,12.070735512750026,9.983684094530405,2.490783970514649,2023-04-01,4,2023,28
QKS,202305,9326,3315,8942,2290,23873,0.39065052569848785,0.13885979977380303,0.37456540862061743,0.09592426590709169,11232,0.4704896745277091,20.210316224305124,1795251,13.297861970276022,10.080503392206552,2.587603268190796,2023-05-01,5,2023,29
QKS,202306,9874,3451,9410,2353,25088,0.39357461734693877,0.13755580357142858,0.3750797193877551,0.09378985969387756,11763,0.4688695790816326,20.210316224305124,1795251,13.97464755624701,10.130144923150134,2.6372447991343786,2023-06-01,6,2023,30
QKS,202307,8972,3135,8767,2321,23195,0.3868075016167277,0.1351584393188187,0.3779693899547316,0.10006466910972192,11088,0.47803405906445356,20.210316224305124,1795251,12.920198902549004,10.051692017185845,2.5587918931700884,2023-07-01,7,2023,31
QKS,202308,8912,3457,8380,2224,22973,0.38793366125451617,0.1504809994341183,0.36477604143995124,0.09680929787141426,10604,0.46158533931136553,20.210316224305124,1795251,12.796539314001219,10.04207489229217,2.549174768276415,2023-08-01,8,2023,32
QKS,202309,8932,3389,8313,2292,22926,0.3896013260054087,0.14782343191136701,0.36260141324260664,0.09997382884061765,10605,0.4625752420832243,20.210316224305124,1795251,12.7703591308402,10.040026916674956,2.547126792659199,2023-09-01,9,2023,33
QKS,202310,8584,3489,8100,2225,22398,0.3832485043307438,0.15577283686043397,0.3616394320921511,0.09933922671667113,10325,0.4609786588088222,20.210316224305124,1795251,12.476249839158982,10.016726948142638,2.5238268241268833,2023-10-01,10,2023,34
QKS,202311,8653,3871,7888,2230,22642,0.3821658864057945,0.170965462414981,0.3483791184524335,0.09848953272679092,10118,0.4468686511792245,20.210316224305124,1795251,12.612163981526818,10.027561867638054,2.534661743622299,2023-11-01,11,2023,35
QKS,202312,8043,3626,7816,2166,21651,0.37148399612027155,0.16747494342062721,0.3609994919403261,0.10004156851877512,9982,0.4610410604591012,20.210316224305124,1795251,12.060152034450892,9.982806921740384,2.489906797724627,2023-12-01,12,2023,36
QKS,202401,9932,4463,9058,2311,25764,0.3854991460953268,0.17322620711069708,0.3515758422605186,0.08969880453345754,11369,0.4412746467939761,20.210316224305124,1795251,14.351196573626751,10.156733447666781,2.6638333236510254,2024-01-01,1,2024,37
QKS,202402,9029,4062,8206,2196,23493,0.3843272464138254,0.1729025667220023,0.3492955348401652,0.09347465202400715,10402,0.4427701868641723,20.210316224305124,1795251,13.086192404293328,10.064457783419048,2.571557659403292,2024-02-01,2,2024,38
QKS,202403,9464,4143,8471,2225,24303,0.3894169444101551,0.1704727811381311,0.34855779121919106,0.09155248323252273,10696,0.4401102744517138,20.210316224305124,1795251,13.537382794940653,10.098355078498601,2.605454954482845,2024-03-01,3,2024,39
QKS,202404,9709,4242,8863,2224,25038,0.3877705887051681,0.1694224778336928,0.35398194743989136,0.0888249860212477,11087,0.4428069334611391,20.210316224305124,1795251,13.946796297565076,10.128149949819608,2.635249825803852,2024-04-01,4,2024,40
QKS,202405,9526,4154,8648,2356,24684,0.3859180035650624,0.16828714957057203,0.3503484038243396,0.09544644304002593,11004,0.4457948468643656,20.210316224305124,1795251,13.749609386096985,10.113910539440958,2.621010415425202,2024-05-01,5,2024,41
QKS,202406,8654,3936,8221,2266,23077,0.37500541664861115,0.17055943146856178,0.3562421458595138,0.09819300602331325,10487,0.45443515188282707,20.210316224305124,1795251,12.85446993205964,10.046591729504579,2.5536916054888237,2024-06-01,6,2024,42
QKS,202407,8675,4036,8776,2330,23817,0.3642356300121762,0.16945878993995886,0.36847629844228913,0.09782928160557584,11106,0.466305580047865,20.210316224305124,1795251,13.266668560552256,10.078154890393224,2.585254766377467,2024-07-01,7,2024,43
QKS,202408,7999,3771,8448,2251,22469,0.3560016022074859,0.16783123414482176,0.37598469001735724,0.10018247363033513,10699,0.47616716364769235,20.210316224305124,1795251,12.515798626487328,10.019891860406231,2.526991736390475,2024-08-01,8,2024,44
QKS,202409,7390,3568,8057,2329,21344,0.3462331334332834,0.1671664167916042,0.3774831334332834,0.10911731634182908,10386,0.48660044977511246,20.210316224305124,1795251,11.88914530614382,9.96852594871535,2.4756258246995944,2024-09-01,9,2024,45
QKS,202410,7840,4116,8539,2277,22772,0.3442824521341999,0.18074828737045495,0.37497804321096084,0.09999121728438433,10816,0.47496926049534516,20.210316224305124,1795251,12.684577254099844,10.033286990070973,2.5403868660552167,2024-10-01,10,2024,46
QKS,202411,8053,4124,8561,2247,22985,0.35035892973678484,0.17942136175766804,0.37246030019577986,0.09775940830976725,10808,0.4702197085055471,20.210316224305124,1795251,12.803223616084882,10.042597108240328,2.5496969842245725,2024-11-01,11,2024,47
QKS,202412,7401,3840,8086,2123,21450,0.34503496503496506,0.17902097902097902,0.37696969696969695,0.09897435897435898,10209,0.4759440559440559,20.210316224305124,1795251,11.948189974549521,9.973479924356162,2.4805798003404074,2024-12-01,12,2024,48
QKS,202501,8401,4544,9019,2369,24333,0.3452513048123947,0.18674228414087865,0.3706489129988082,0.09735749804791846,11388,0.4680064110467267,20.210316224305124,1795251,13.554093550149812,10.099588732738454,2.6066886087226986,2025-01-01,1,2025,49
QKS,202502,7326,4224,8279,2072,21901,0.33450527373179306,0.1928679055750879,0.3780192685265513,0.09460755216656774,10351,0.472626820693119,20.210316224305124,1795251,12.199408327860562,9.994287576862567,2.5013874528468114,2025-02-01,2,2025,50
QKS,202503,7791,4608,8819,2257,23475,0.3318849840255591,0.19629392971246007,0.3756762513312034,0.09614483493077743,11076,0.4718210862619808,20.210316224305124,1795251,13.07616595116783,10.063691304076464,2.570791180060708,2025-03-01,3,2025,51
QKS,202504,7134,4291,8267,2158,21850,0.3264988558352403,0.19638443935926775,0.3783524027459954,0.09876430205949657,10425,0.477116704805492,20.210316224305124,1795251,12.17100004400499,9.991956200523736,2.499056076507981,2025-04-01,4,2025,52
QKS,202505,7269,4500,8593,2298,22660,0.3207855251544572,0.19858781994704325,0.3792144748455428,0.10141218005295675,10891,0.48062665489849954,20.210316224305124,1795251,12.622190434652312,10.028356534581997,2.5354564105662414,2025-05-01,5,2025,53
QKS,202506,7727,4570,8654,2332,23283,0.331873040415754,0.196280548039342,0.371687497315638,0.10015891422926598,10986,0.47184641154490403,20.210316224305124,1795251,12.969217117829206,10.055478759522249,2.562578635506493,2025-06-01,6,2025,54
QKS,202507,7470,4594,8930,2455,23449,0.3185636914154122,0.19591453793338734,0.3808264744765235,0.10469529617467696,11385,0.4855217706512005,20.210316224305124,1795251,13.061683296653225,10.062583129041906,2.569683005026151,2025-07-01,7,2025,55
QKS,202508,6694,3878,7755,2087,20414,0.32791221710590773,0.18996766924659547,0.3798863525031841,0.10223376114431272,9842,0.4821201136474968,20.210316224305124,1795251,11.371111894659855,9.923976218963444,2.431076094947688,2025-08-01,8,2025,56
QKS,202509,7098,4248,7859,2258,21463,0.33070866141732286,0.19792200531146625,0.36616502818804453,0.10520430508316637,10117,0.47136933327121094,20.210316224305124,1795251,11.955431301806824,9.974085801381666,2.481185677365909,2025-09-01,9,2025,57
QKS,202510,7423,4386,8654,2406,22869,0.3245878700424155,0.19178800996982814,0.3784161965980148,0.10520792338974157,11060,0.48362411998775634,20.210316224305124,1795251,12.738608695942794,10.037537560656384,2.5446374366406275,2025-10-01,10,2025,58
QKS,202511,7233,4154,7934,2191,21512,0.336230940870212,0.19310152473038303,0.3688174042394942,0.10185013015991075,10125,0.470667534399405,20.210316224305124,1795251,11.982725535315119,9.9763661979487,2.483466073932945,2025-11-01,11,2025,59
QKS,202512,7311,4267,8234,2285,22097,0.33085939267773906,0.19310313617233107,0.37262976874688875,0.10340770240304113,10519,0.47603747114992984,20.210316224305124,1795251,12.308585261893741,10.003197131685106,2.510297007669349,2025-12-01,12,2025,60
QM7,202101,7809,3642,8354,1781,21586,0.3617622533123321,0.16872046696933196,0.3870100991383304,0.08250718058000556,10135,0.46951727971833596,13.311806572732266,1445122,14.937147175117394,9.97980023538529,2.703851209336948,2021-01-01,1,2021,1
QM7,202102,7855,3633,8101,1719,21308,0.368640886052187,0.17049934296977662,0.38018584569175895,0.08067392528627745,9820,0.46085977097803643,13.311806572732266,1445122,14.744775873594063,9.96683786803689,2.690888841988546,2021-02-01,2,2021,2
QM7,202103,9002,4089,9370,1909,24370,0.3693885925318014,0.16778826425933524,0.38448912597455887,0.07833401723430447,11279,0.46282314320886336,13.311806572732266,1445122,16.863628122746732,10.101108146619252,2.8251591205709086,2021-03-01,3,2021,3
QM7,202104,8866,4135,9026,1861,23888,0.37114869390488947,0.1730994641661085,0.37784661754855997,0.07790522438044206,10887,0.45575184192900203,13.311806572732266,1445122,16.530092269026422,10.081131519778971,2.8051824937306282,2021-04-01,4,2021,4
QM7,202105,7561,3577,8082,1854,21074,0.3587833349150612,0.16973521875296574,0.3835057416722027,0.08797570465977034,9936,0.47148144633197303,13.311806572732266,1445122,14.582851828426943,9.955795332159473,2.6798463061111293,2021-05-01,5,2021,5
QM7,202106,8069,3927,8423,1845,22264,0.36242364355012574,0.17638339920948617,0.37832375134746676,0.08286920589292131,10268,0.46119295724038806,13.311806572732266,1445122,15.406311716242643,10.010726303205727,2.734777277157383,2021-06-01,6,2021,6
QM7,202107,7473,3591,8313,1796,21173,0.35294951116988615,0.16960279601379116,0.3926226798280829,0.08482501298823975,10109,0.47744769281632266,13.311806572732266,1445122,14.651358155228417,9.960482064055936,2.6845330380075927,2021-07-01,7,2021,7
QM7,202108,6879,3129,7651,1734,19393,0.35471561903779714,0.1613468777393905,0.3945237972464291,0.08941370597638323,9385,0.48393750322281237,13.311806572732266,1445122,13.419628238999891,9.872667455196241,2.5967184291478973,2021-08-01,8,2021,8
QM7,202109,7456,3513,8050,1877,20896,0.3568147013782542,0.16811830015313936,0.38524119448698313,0.08982580398162328,9927,0.47506699846860645,13.311806572732266,1445122,14.45967883680409,9.947313032076158,2.671364006027814,2021-09-01,9,2021,9
QM7,202110,7149,3240,7588,1673,19650,0.36381679389312976,0.1648854961832061,0.38615776081424935,0.08513994910941476,9261,0.4712977099236641,13.311806572732266,1445122,13.597467895444122,9.885832617297407,2.609883591249064,2021-10-01,10,2021,10
QM7,202111,7740,3607,8026,1891,21264,0.3639954853273138,0.16962942061700526,0.3774454477050414,0.08892964635063957,9917,0.46637509405568095,13.311806572732266,1445122,14.714328617237854,9.964770780953026,2.688821754904683,2021-11-01,11,2021,11
QM7,202112,7268,3613,8169,1896,20946,0.34698749164518283,0.17249116776472834,0.3900028645087367,0.09051847608135205,10065,0.4805213405900888,13.311806572732266,1445122,14.494277991754329,9.949702976333091,2.6737539502847474,2021-12-01,12,2021,12
QM7,202201,7994,3793,8259,1833,21879,0.3653731889026007,0.173362585127291,0.377485259838201,0.08377896613190731,10092,0.4612642259701083,13.311806572732266,1445122,15.139898223125797,9.993282551652342,2.717333525603999,2022-01-01,1,2022,13
QM7,202202,7763,3688,7957,1818,21226,0.36573070762272686,0.17374917553943278,0.37487044191086405,0.08564967492697635,9775,0.4605201168378404,13.311806572732266,1445122,14.68803325947567,9.962982124321767,2.687033098273424,2022-02-01,2,2022,14
QM7,202203,8863,4353,9034,2060,24310,0.3645824763471822,0.179062114356232,0.3716166186754422,0.08473879062114356,11094,0.45635540929658575,13.311806572732266,1445122,16.822109136806443,10.098643067310169,2.8226940412618258,2022-03-01,3,2022,15
QM7,202204,7557,3906,7954,1819,21236,0.3558579770201545,0.18393294405726127,0.3745526464494255,0.08565643247315878,9773,0.4602090789225843,13.311806572732266,1445122,14.694953090465718,9.963453133703561,2.6875041076552186,2022-04-01,4,2022,16
QM7,202205,8051,4106,8475,1928,22560,0.3568705673758865,0.18200354609929079,0.37566489361702127,0.08546099290780142,10403,0.46112588652482267,13.311806572732266,1445122,15.61113871354806,10.023933705611995,2.7479846795636518,2022-05-01,5,2022,17
QM7,202206,7670,3966,8301,1847,21784,0.3520932794711715,0.18206022769004773,0.3810594932060228,0.08478699963275799,10148,0.46584649283878077,13.311806572732266,1445122,15.074159828720342,9.988931034353595,2.712982008305252,2022-06-01,6,2022,18
QM7,202207,7493,3813,8311,1796,21413,0.34992761406622147,0.17806939709522251,0.3881287068603185,0.08387428197823751,10107,0.472002988838556,13.311806572732266,1445122,14.817434098989565,9.971753493206217,2.695804467157873,2022-07-01,7,2022,19
QM7,202208,7091,3541,7977,1800,20409,0.34744475476505465,0.17350188642265668,0.3908569748640306,0.08819638394825813,9777,0.4790533588122887,13.311806572732266,1445122,14.122683067588758,9.92373125901317,2.647782232964827,2022-08-01,8,2022,20
QM7,202209,6850,3265,7316,1669,19100,0.3586387434554974,0.17094240837696334,0.3830366492146597,0.08738219895287958,8985,0.47041884816753926,13.311806572732266,1445122,13.216877190991486,9.857443614034722,2.5814945879863775,2022-09-01,9,2022,21
QM7,202210,6889,3575,7225,1744,19433,0.35450007718828797,0.18396541964699223,0.3717902536921731,0.0897442494725467,8969,0.46153450316471983,13.311806572732266,1445122,13.447307562960082,9.874727930864703,2.59877890481636,2022-10-01,10,2022,22
QM7,202211,7745,3639,7808,1786,20978,0.3691963008866431,0.17346744208218134,0.37219944703975594,0.08513680999141958,9594,0.45733625703117553,13.311806572732266,1445122,14.516421450922483,9.95122954852155,2.675280522473206,2022-11-01,11,2022,23
QM7,202212,7226,3488,7505,1632,19851,0.36401188856984534,0.1757090322905647,0.3780665961412523,0.08221248299833761,9137,0.46027907913958993,13.311806572732266,1445122,13.736556498344084,9.89600966268017,2.6200606366318255,2022-12-01,12,2022,24
QM7,202301,8206,3837,8004,1818,21865,0.3753029956551566,0.1754859364280814,0.366064486622456,0.08314658129430597,9822,0.44921106791676196,13.311806572732266,1445122,15.13021045973973,9.992642463847021,2.7166934377986776,2023-01-01,1,2023,25
QM7,202302,7907,3761,7878,1714,21260,0.37191909689557856,0.17690498588899342,0.37055503292568204,0.08062088428974601,9592,0.45117591721542805,13.311806572732266,1445122,14.711560684841833,9.964582651895938,2.6886336258475954,2023-02-01,2,2023,26
QM7,202303,8796,4080,8841,1952,23669,0.3716253327136761,0.1723773712450885,0.3735265537200558,0.0824707423211796,10793,0.45599729604123534,13.311806572732266,1445122,16.37854797034437,10.07192145404481,2.7959724279964675,2023-03-01,3,2023,27
QM7,202304,7459,3193,7718,1726,20096,0.37116839171974525,0.1588873407643312,0.3840565286624204,0.08588773885350319,9444,0.46994426751592355,13.311806572732266,1445122,13.906092357600258,9.908276069267925,2.6323270432195818,2023-04-01,4,2023,28
QM7,202305,8161,3565,8609,1895,22230,0.36711650922177236,0.16036887089518667,0.3872694556905083,0.08524516419253261,10504,0.47251461988304094,13.311806572732266,1445122,15.38278429087648,10.009198006958242,2.7332489809098988,2023-05-01,5,2023,29
QM7,202306,8641,3825,9341,2003,23810,0.3629147417051659,0.16064678706425872,0.3923141537169257,0.08412431751364972,11344,0.47643847123057537,13.311806572732266,1445122,16.47611758730405,10.077860939480908,2.801911913432565,2023-06-01,6,2023,30
QM7,202307,7713,3486,8433,1872,21504,0.35867745535714285,0.162109375,0.3921595982142857,0.08705357142857142,10305,0.47921316964285715,13.311806572732266,1445122,14.880404560999002,9.975994243322877,2.7000452172745324,2023-07-01,7,2023,31
QM7,202308,7874,3746,8306,1937,21863,0.36015185473173855,0.17133970635319948,0.3799112656085624,0.08859717330649956,10243,0.468508438915062,13.311806572732266,1445122,15.128826493541721,9.992550989276888,2.7166019632285443,2023-08-01,8,2023,32
QM7,202309,7719,3858,8146,1822,21545,0.35827338129496406,0.17906706892550475,0.37809236481782316,0.08456718496170805,9968,0.4626595497795312,13.311806572732266,1445122,14.9087758680582,9.977899050049938,2.701950024001595,2023-09-01,9,2023,33
QM7,202310,7632,3940,8018,1837,21427,0.3561861203154898,0.1838801512110888,0.37420077472347973,0.08573295374994166,9855,0.4599337284734214,13.311806572732266,1445122,14.827121862375632,9.972407088000725,2.696458061952382,2023-10-01,10,2023,34
QM7,202311,8203,4089,8165,1803,22260,0.36850853548966755,0.18369272237196765,0.3668014375561545,0.08099730458221024,9968,0.4477987421383648,13.311806572732266,1445122,15.403543783846624,10.010546624829535,2.7345975987811926,2023-11-01,11,2023,35
QM7,202312,7218,3754,7837,1806,20615,0.35013339801115695,0.1821004123211254,0.3801600776133883,0.08760611205432937,9643,0.46776618966771766,13.311806572732266,1445122,14.265231585983743,9.933774245141,2.657825219092657,2023-12-01,12,2023,36
QM7,202401,8919,4601,8823,2059,24402,0.3655028276370789,0.1885501188427178,0.3615687238750922,0.08437832964511105,10882,0.44594705352020325,13.311806572732266,1445122,16.88577158191488,10.10242037513528,2.826471349086936,2024-01-01,1,2024,37
QM7,202402,8166,4177,8272,1791,22406,0.3644559492992948,0.18642327947871107,0.36918682495760063,0.07993394626439347,10063,0.4491207712219941,13.311806572732266,1445122,15.504573316301322,10.017084059118668,2.741135033070325,2024-02-01,2,2024,38
QM7,202403,8445,4211,8464,1942,23062,0.36618680079784927,0.18259474460150898,0.36701066689792733,0.08420778770271442,10406,0.45121845460064175,13.311806572732266,1445122,15.958514229248465,10.045941520331061,2.769992494282718,2024-03-01,3,2024,39
QM7,202404,8974,4378,8948,1982,24282,0.36957417016720207,0.18029816324849682,0.3685034181698377,0.08162424841446339,10930,0.45012766658430114,13.311806572732266,1445122,16.80273361003431,10.09749061410392,2.821541588055577,2024-04-01,4,2024,40
QM7,202405,8418,4373,8695,2068,23554,0.357391525855481,0.18565848688120914,0.369151736435425,0.08779825082788487,10763,0.4569499872633098,13.311806572732266,1445122,16.29896991395882,10.067050936401493,2.7911019103531505,2024-05-01,5,2024,41
QM7,202406,8007,4189,8444,1914,22554,0.3550146315509444,0.18573202092755164,0.37439035204398335,0.08486299547752062,10358,0.45925334752150393,13.311806572732266,1445122,15.60698681495403,10.023667712792234,2.7477186867438896,2024-06-01,6,2024,42
QM7,202407,8136,4111,8888,2025,23160,0.35129533678756475,0.17750431778929188,0.3837651122625216,0.08743523316062177,10913,0.4712003454231434,13.311806572732266,1445122,16.026328572950934,10.050181931686932,2.774232905638588,2024-07-01,7,2024,43
QM7,202408,7343,4117,8488,1949,21897,0.33534274101475087,0.18801662328172808,0.3876330090880029,0.0890076266155181,10437,0.47664063570352105,13.311806572732266,1445122,15.152353918907885,9.994104920119742,2.7181558940713986,2024-08-01,8,2024,44
QM7,202409,6960,3970,7839,1916,20685,0.3364757070340827,0.19192651679961326,0.37897026831036984,0.09262750785593425,9755,0.4715977761663041,13.311806572732266,1445122,14.313670402914079,9.937164078895512,2.6612150528471683,2024-09-01,9,2024,45
QM7,202410,7381,4331,8498,1957,22167,0.3329724365047142,0.19538052059367528,0.3833626562006586,0.08828438670095186,10455,0.4716470429016105,13.311806572732266,1445122,15.339189355639178,10.006359975456757,2.7304109494084137,2024-10-01,10,2024,46
QM7,202411,7409,4368,8305,1887,21969,0.33724794027948474,0.19882561791615458,0.3780326824161318,0.08589375938822887,10192,0.4639264418043607,13.311806572732266,1445122,15.20217670203623,9.99738764772918,2.721438621680836,2024-11-01,11,2024,47
QM7,202412,7022,4282,8084,1951,21339,0.3290688410890857,0.20066544824031116,0.3788368714560195,0.09142883921458363,10035,0.47026571067060313,13.311806572732266,1445122,14.766227349663211,9.968291663401624,2.6923426373532813,2024-12-01,12,2024,48
QM7,202501,8025,4962,9158,2063,24208,0.3315019828155982,0.20497356245869133,0.3783046926635823,0.08521976206212822,11221,0.4635244547257105,13.311806572732266,1445122,16.751526860707955,10.094438436028137,2.8184894099797937,2025-01-01,1,2025,49
QM7,202502,7424,4285,8099,1976,21784,0.34080058758722,0.1967040029379361,0.3717866323907455,0.09070877708409843,10075,0.4624954094748439,13.311806572732266,1445122,15.074159828720342,9.988931034353595,2.712982008305252,2025-02-01,2,2025,50
QM7,202503,7833,4912,8767,2016,23528,0.33292247534852093,0.20877252635158108,0.3726198571914315,0.0856851411084665,10783,0.458304998299898,13.311806572732266,1445122,16.280978353384697,10.065946480233832,2.7899974541854875,2025-03-01,3,2025,51
QM7,202504,7518,4712,8139,1930,22299,0.33714516346024487,0.21130992421184808,0.36499394591685724,0.08655096641104983,10069,0.45154491232790706,13.311806572732266,1445122,15.43053112470781,10.012297113393403,2.7363480873450596,2025-04-01,4,2025,52
QM7,202505,7452,4782,8558,1949,22741,0.3276900751945825,0.21028099028186975,0.3763246998812717,0.08570423464227607,10507,0.46202893452354776,13.311806572732266,1445122,15.73638765446793,10.03192474171143,2.755975715663086,2025-05-01,5,2025,53
QM7,202506,7454,4747,8558,2010,22769,0.32737493961087444,0.20848522113399798,0.3758619175194343,0.08827792173569327,10568,0.4641398392551276,13.311806572732266,1445122,15.75576318124006,10.033155240658164,2.757206214609821,2025-06-01,6,2025,54
QM7,202507,7448,4773,8874,2026,23121,0.322131395700878,0.2064357077981056,0.3838069287660568,0.08762596773495956,10900,0.4714328965010164,13.311806572732266,1445122,15.999341232089748,10.048496574446103,2.7725475483977595,2025-07-01,7,2025,55
QM7,202508,6643,4273,7950,1850,20716,0.3206700135161228,0.20626568835682565,0.38376134388878164,0.08930295423826994,9800,0.47306429812705153,13.311806572732266,1445122,14.335121878983227,9.938661627543782,2.6627126014954383,2025-08-01,8,2025,56
QM7,202509,6964,4294,8141,1916,21315,0.32671827351630306,0.20145437485338963,0.3819376026272578,0.0898897490030495,10057,0.4718273516303073,13.311806572732266,1445122,14.749619755287098,9.96716632919931,2.6912173031509674,2025-09-01,9,2025,57
QM7,202510,7089,4542,8359,1995,21985,0.3224471230384353,0.20659540595860815,0.38021378212417556,0.09074368887878098,10354,0.47095747100295654,13.311806572732266,1445122,15.213248431620306,9.99811568161491,2.722166655566567,2025-10-01,10,2025,58
QM7,202511,6751,4272,7739,1880,20642,0.32705164228272454,0.2069566902431935,0.3749152213932758,0.09107644608080612,9619,0.465991667474082,13.311806572732266,1445122,14.283915129656874,9.935083114125879,2.6591340880775354,2025-11-01,11,2025,59
QM7,202512,6805,4318,8115,1964,21202,0.3209602867653995,0.20366003207244598,0.38274691066880484,0.09263277049334968,10079,0.4753796811621545,13.311806572732266,1445122,14.671425665099555,9.961850795833042,2.6859017697846994,2025-12-01,12,2025,60
QMF,202101,11757,5674,11568,2463,31462,0.3736888945394444,0.1803445426228466,0.3676816477019897,0.07828491513571928,14031,0.44596656283770897,25.836508691544637,1926470,16.33142483402285,10.35653574738245,2.7930911557188263,2021-01-01,1,2021,1
QMF,202102,11577,5744,11060,2452,30833,0.3754743294522103,0.18629390588006356,0.3587065806116823,0.07952518405604385,13512,0.4382317646677261,25.836508691544637,1926470,16.004920917533102,10.336340823963159,2.772896232299535,2021-02-01,2,2021,2
QMF,202103,13982,6546,13012,2712,36252,0.3856890654308728,0.18056934789804702,0.3589319209974622,0.074809665673618,15724,0.4337415866710802,25.836508691544637,1926470,18.817837806973376,10.498249831174672,2.9348052395110487,2021-03-01,3,2021,3
QMF,202104,13436,6782,12737,2703,35658,0.3768018396993662,0.19019574849963541,0.35719894553816817,0.07580346626283022,15440,0.43300241180099835,25.836508691544637,1926470,18.509501834962393,10.481728804594715,2.9182842129310917,2021-04-01,4,2021,4
QMF,202105,11583,5908,11538,2488,31517,0.36751594377637464,0.1874543896944506,0.3660881429070026,0.07894152362217216,14026,0.44502966652917475,25.836508691544637,1926470,16.359974461060904,10.35828236177716,2.7948377701135354,2021-05-01,5,2021,5
QMF,202106,13144,6523,12874,2742,35283,0.3725306804976901,0.18487656945271094,0.3648782699883797,0.07771448006121928,15616,0.44259275004959897,25.836508691544637,1926470,18.31484528697566,10.471156540519146,2.9077119488555225,2021-06-01,6,2021,6
QMF,202107,12102,5870,12511,2681,33164,0.36491376191050534,0.17699915571101194,0.37724641177180074,0.08084067060668194,15192,0.45808708237848267,25.836508691544637,1926470,17.21490601981863,10.409220229236109,2.8457756375724856,2021-07-01,7,2021,7
QMF,202108,11024,5341,11383,2483,30231,0.3646587939532268,0.17667295160596738,0.3765340213687936,0.08213423307201217,13866,0.4586682544408058,25.836508691544637,1926470,15.692432272498404,10.316623166948512,2.7531785752848883,2021-08-01,8,2021,8
QMF,202109,12180,5938,12252,2750,33120,0.3677536231884058,0.17928743961352658,0.36992753623188407,0.08303140096618357,15002,0.4529589371980676,25.836508691544637,1926470,17.19206631818819,10.407892608499196,2.8444480168355724,2021-09-01,9,2021,9
QMF,202110,11648,5534,11731,2561,31474,0.37008324331194004,0.1758276672809303,0.37272034059858933,0.08136874880854038,14292,0.4540890894071297,25.836508691544637,1926470,16.337653843558424,10.35691708716081,2.793472495497186,2021-10-01,10,2021,10
QMF,202111,12507,6096,12453,2759,33815,0.3698654443294396,0.18027502587609048,0.3682685198876238,0.08159100990684608,15212,0.4498595297944699,25.836508691544637,1926470,17.5528297871236,10.428659770009041,2.8652151783454163,2021-11-01,11,2021,11
QMF,202112,10690,5446,11451,2588,30175,0.35426677713338856,0.1804805302402651,0.3794863297431649,0.08576636288318144,14039,0.46525269262634633,25.836508691544637,1926470,15.663363561332387,10.314769045965733,2.7513244543021087,2021-12-01,12,2021,12
QMF,202201,12331,6154,12107,2655,33247,0.3708906066712786,0.1850994074653352,0.3641531566757903,0.07985682918759587,14762,0.4440099858633862,25.836508691544637,1926470,17.257990002439694,10.41171981644952,2.8482752247858953,2022-01-01,1,2022,13
QMF,202202,12076,6132,11684,2429,32321,0.37362705361839055,0.18972185266544972,0.3614987160050741,0.07515237771108567,14113,0.4366510937161598,25.836508691544637,1926470,16.77731809994446,10.383472452750441,2.820027861086817,2022-02-01,2,2022,14
QMF,202203,13863,7136,13523,2862,37384,0.3708270918039803,0.19088380055638776,0.36173229188957845,0.0765568157500535,16385,0.4382891076396319,25.836508691544637,1926470,19.405441039829327,10.528998084380262,2.9655534927166385,2022-03-01,3,2022,15
QMF,202204,12268,6391,12328,2663,33650,0.3645765230312036,0.189925705794948,0.3663595839524517,0.07913818722139673,14991,0.4454977711738484,25.836508691544637,1926470,17.467180906009435,10.423768335072873,2.86032374340925,2022-04-01,4,2022,16
QMF,202205,13207,6880,13007,2874,35968,0.3671875,0.19128113879003558,0.3616270017793594,0.07990435943060498,15881,0.4415313612099644,25.836508691544637,1926470,18.670417914631425,10.490384933253363,2.9269403415897393,2022-05-01,5,2022,17
QMF,202206,12971,6650,13040,2684,35345,0.36698260008487765,0.1881454236808601,0.36893478568397226,0.07593719055029,15724,0.4448719762342623,25.836508691544637,1926470,18.347028502909467,10.472912218605055,2.9094676269414306,2022-06-01,6,2022,18
QMF,202207,12428,6405,13057,2747,34637,0.3588070560383405,0.1849178624014782,0.37696682738112425,0.07930825417905708,15804,0.4562750815601813,25.836508691544637,1926470,17.979516940310514,10.452677753845103,2.8892331621814797,2022-07-01,7,2022,19
QMF,202208,11701,5753,12299,2724,32477,0.3602857406780183,0.1771407457585368,0.3786987714382486,0.08387474212519629,15023,0.4625735135634449,25.836508691544637,1926470,16.858295223906936,10.388287425477728,2.8248428338141043,2022-08-01,8,2022,20
QMF,202209,11511,5390,11768,2577,31246,0.3683991550918518,0.1725020802662741,0.376624207898611,0.08247455674326314,14345,0.45909876464187416,25.836508691544637,1926470,16.219302662382493,10.349646646971848,2.7862020553082245,2022-09-01,9,2022,21
QMF,202210,11357,5496,11729,2633,31215,0.36383149127022263,0.17606919750120134,0.3757488386993433,0.08435047252923274,14362,0.460099311228576,25.836508691544637,1926470,16.20321105441559,10.348654027495844,2.7852094358322206,2022-10-01,10,2022,22
QMF,202211,11739,5528,11872,2563,31702,0.37029209513595357,0.17437385653901963,0.374487414043278,0.08084663428174879,14435,0.45533404832502683,25.836508691544637,1926470,16.45600502473436,10.364135049357838,2.800690457694214,2022-11-01,11,2022,23
QMF,202212,10929,5774,11410,2451,30564,0.3575775422065175,0.18891506347336737,0.3733150111241984,0.08019238319591676,13861,0.45350739432011516,25.836508691544637,1926470,15.865287287110622,10.327578124767458,2.7641335331038337,2022-12-01,12,2022,24
QMF,202301,12798,5908,12319,2771,33796,0.3786838679133625,0.1748135874067937,0.3645105929695822,0.08199195171026157,15090,0.4465025446798438,25.836508691544637,1926470,17.54296718869227,10.428097731272736,2.8646531396091115,2023-01-01,1,2023,25
QMF,202302,11851,5682,11668,2565,31766,0.373071837814015,0.17887049046149972,0.3673109614052761,0.08074671031920921,14233,0.4480576717244853,25.836508691544637,1926470,16.489226408924097,10.366151814395101,2.8027072227314767,2023-02-01,2,2023,26
QMF,202303,13444,6544,13304,2882,36174,0.37164814507657434,0.18090341128987672,0.36777796207220653,0.0796704815613424,16186,0.44744844363354896,25.836508691544637,1926470,18.777349244992138,10.49609590771746,2.9326513160538368,2023-03-01,3,2023,27
QMF,202304,11815,5427,11859,2544,31645,0.37336072049296887,0.1714962869331648,0.3747511455206194,0.08039184705324696,14403,0.4551429925738663,25.836508691544637,1926470,16.426417229440375,10.362335437209406,2.798890845545782,2023-04-01,4,2023,28
QMF,202305,13575,5780,13476,2894,35725,0.3799860041987404,0.16179146256123164,0.3772148355493352,0.0810076976906928,16370,0.458222533240028,25.836508691544637,1926470,18.544280471536023,10.483606002798068,2.9201614111344445,2023-05-01,5,2023,29
QMF,202306,14957,6663,14602,3093,39315,0.38044003560981815,0.1694772987409386,0.37141040315401247,0.07867226249523082,17695,0.4500826656492433,25.836508691544637,1926470,20.407792490929005,10.579361404425617,3.0159168127619926,2023-06-01,6,2023,30
QMF,202307,13134,5796,13540,2984,35454,0.3704518531054324,0.16347943814520224,0.3819033113329949,0.08416539741637051,16524,0.4660687087493654,25.836508691544637,1926470,18.40360867285761,10.47599136057373,2.9125467689101057,2023-07-01,7,2023,31
QMF,202308,12460,5890,12898,2693,33941,0.36710762794260626,0.17353643086532514,0.38001237441442504,0.07934356677764355,15591,0.4593559411920686,25.836508691544637,1926470,17.618234387247142,10.432379002113745,2.8689344104501213,2023-08-01,8,2023,32
QMF,202309,12850,6210,12938,2918,34916,0.36802611983045025,0.1778554244472448,0.37054645434757705,0.08357200137472792,15856,0.45411845572230497,25.836508691544637,1926470,18.124341412012644,10.46070045585524,2.8972558641916164,2023-09-01,9,2023,33
QMF,202310,12316,5897,12434,2731,33378,0.3689855593504704,0.17667325783450177,0.37252082209838816,0.0818203607166397,15165,0.4543411828150279,25.836508691544637,1926470,17.32599002320306,10.415652279303348,2.8522076876397247,2023-10-01,10,2023,34
QMF,202311,12403,6229,12383,2782,33797,0.3669852353759209,0.18430629937568424,0.3663934668757582,0.08231499837263663,15165,0.4487084652483948,25.836508691544637,1926470,17.543486272820235,10.42812732013549,2.8646827284718657,2023-11-01,11,2023,35
QMF,202312,11138,5896,11766,2614,31414,0.3545552938180429,0.1876870185267715,0.37454638059463935,0.08321130706054625,14380,0.4577576876551856,25.836508691544637,1926470,16.30650879588055,10.355008932402978,2.7915643407393538,2023-12-01,12,2023,36
QMF,202401,13818,7074,13739,2986,37617,0.3673339181752931,0.18805327378578834,0.36523380386527365,0.0793790041736449,16725,0.44461280803891856,25.836508691544637,1926470,19.52638764164508,10.535211354858648,2.9717667631950238,2024-01-01,1,2024,37
QMF,202402,12591,6439,12564,2721,34315,0.3669240856768177,0.18764388751274952,0.3661372577589975,0.07929476905143523,15285,0.44543202681043276,25.836508691544637,1926470,17.812371851105908,10.443337855342735,2.879893263679111,2024-02-01,2,2024,38
QMF,202403,13243,6614,12805,2742,35404,0.37405377923398486,0.18681504914698904,0.3616822957857869,0.07744887583323919,15547,0.4391311716190261,25.836508691544637,1926470,18.37765446645938,10.474580087088768,2.911135495425144,2024-03-01,3,2024,39
QMF,202404,14174,7271,14177,2949,38571,0.3674781571647092,0.18850950195742916,0.36755593580669416,0.07645640507116745,17126,0.4440123408778616,25.836508691544637,1926470,20.021593899723328,10.560255977752359,2.996811386088735,2024-04-01,4,2024,40
QMF,202405,14042,7324,13671,3084,38121,0.36835340101256525,0.19212507541774876,0.35862123239159516,0.08090029117809082,16755,0.439521523569686,25.836508691544637,1926470,19.78800604213925,10.548520590372645,2.9850759987090205,2024-05-01,5,2024,41
QMF,202406,13557,7010,13538,2913,37018,0.3662272408017721,0.18936733481009238,0.36571397698416985,0.07869144740396564,16451,0.4444054243881355,25.836508691544637,1926470,19.215456248994276,10.519159559816663,2.955714968153038,2024-06-01,6,2024,42
QMF,202407,13403,7206,14686,3089,38384,0.3491819508128387,0.18773447269695706,0.3826073363901626,0.08047624010004169,17775,0.46308357649020426,25.836508691544637,1926470,19.924525167793945,10.555395985079477,2.991951393415852,2024-07-01,7,2024,43
QMF,202408,11866,6593,13922,2974,35355,0.3356243812756329,0.186479988686183,0.39377740065054445,0.08411822938763966,16896,0.47789563003818414,25.836508691544637,1926470,18.352219344189113,10.473195104038341,2.909750512374717,2024-08-01,8,2024,44
QMF,202409,10980,6414,13161,2934,33489,0.32786885245901637,0.19152557556212488,0.392994714682433,0.08761085729642569,16095,0.4806055719788587,25.836508691544637,1926470,17.38360836140713,10.418972305682843,2.855527714019218,2024-09-01,9,2024,45
QMF,202410,11350,6985,13464,2992,34791,0.3262337960966917,0.20077031416170849,0.38699663706130893,0.08599925268029088,16456,0.47299588974159984,25.836508691544637,1926470,18.059455896017067,10.457114011624814,2.893669419961189,2024-10-01,10,2024,46
QMF,202411,11393,6989,13673,2915,34970,0.3257935373177009,0.19985702030311694,0.3909922790963683,0.08335716328281384,16588,0.47434944237918214,25.836508691544637,1926470,18.152371954922735,10.462245830057421,2.8988012383937978,2024-11-01,11,2024,47
QMF,202412,10572,6723,12751,2750,32796,0.32235638492499086,0.20499451152579584,0.38879741431881937,0.08385168923039395,15501,0.4726491035492133,25.836508691544637,1926470,17.023883060727652,10.398061835716069,2.8346172440524446,2024-12-01,12,2024,48
QMF,202501,12328,7736,14290,3057,37411,0.3295287482291305,0.20678410093288072,0.3819732164336692,0.08171393440431958,17347,0.46368715083798884,25.836508691544637,1926470,19.41945631128437,10.529720057805566,2.9662754661419424,2025-01-01,1,2025,49
QMF,202502,11073,6869,12856,2760,33558,0.3299660289647774,0.20469038679301507,0.38309792001907145,0.08224566422313606,15616,0.4653435842422075,25.836508691544637,1926470,17.419425166236692,10.421030564049643,2.857585972386019,2025-02-01,2,2025,50
QMF,202503,11862,7791,13751,2880,36284,0.32692095689560136,0.21472274280674677,0.3789824716128321,0.07937382868481975,16631,0.45835630029765184,25.836508691544637,1926470,18.834448499068245,10.499132151734834,2.935687560071211,2025-03-01,3,2025,51
QMF,202504,11390,7583,13734,2830,35537,0.32051101668683346,0.21338323437543968,0.3864704392604891,0.07963530967723781,16564,0.4661057489377269,25.836508691544637,1926470,18.44669265547867,10.478329686215535,2.9148850945519116,2025-04-01,4,2025,52
QMF,202505,11682,8214,14226,3092,37214,0.3139141183425593,0.2207233836728113,0.3822754877196754,0.08308701026495405,17318,0.4653624979846294,25.836508691544637,1926470,19.31719673807534,10.524440313547586,2.960995721883963,2025-05-01,5,2025,53
QMF,202506,11860,7782,13995,2979,36616,0.3239021192921127,0.21253004151190735,0.3822099628577671,0.0813578763382128,16974,0.4635678391959799,25.836508691544637,1926470,19.006784429552496,10.508240582333478,2.944795990669854,2025-06-01,6,2025,54
QMF,202507,11983,8116,14763,3138,38000,0.31534210526315787,0.21357894736842106,0.3885,0.08257894736842106,17901,0.47107894736842104,25.836508691544637,1926470,19.72519686265553,10.545341438708522,2.981896847044899,2025-07-01,7,2025,55
QMF,202508,10278,6962,13296,2905,33441,0.3073472683233157,0.2081875541999342,0.3975957656768637,0.08686941179988637,16201,0.4844651774767501,25.836508691544637,1926470,17.35869232326483,10.417537971057733,2.8540933793941092,2025-08-01,8,2025,56
QMF,202509,10646,7199,13240,2842,33927,0.31379137560055415,0.2121908804197247,0.3902496536681699,0.08376809031155127,16082,0.4740177439797212,25.836508691544637,1926470,17.610967209455634,10.431966436539437,2.8685218448758127,2025-09-01,9,2025,57
QMF,202510,10898,7222,13259,2901,34280,0.3179113185530922,0.21067677946324387,0.3867852975495916,0.08462660443407234,16160,0.47141190198366395,25.836508691544637,1926470,17.794203906627146,10.442317372711717,2.8788727810480923,2025-10-01,10,2025,58
QMF,202511,10529,6944,12638,2703,32814,0.3208691412202109,0.21161699274699824,0.38514048881574936,0.08237337721704151,15341,0.4675138660327909,25.836508691544637,1926470,17.033226575031016,10.398610532574828,2.835165940911204,2025-11-01,11,2025,59
QMF,202512,10115,7029,12957,2840,32941,0.307064144986491,0.2133815002580371,0.39333960717646704,0.0862147475790049,15797,0.4795543547554719,25.836508691544637,1926470,17.099150259282524,10.40247336149791,2.8390287698342855,2025-12-01,12,2025,60
QMJ,202101,7202,3808,6420,1731,19161,0.3758676478263139,0.19873701790094464,0.33505558165022703,0.09033975262251448,8151,0.4253953342727415,22.984130682965276,1446340,13.247922341911307,9.860632242229698,2.5838407357530864,2021-01-01,1,2021,1
QMJ,202102,7283,3890,6336,1688,19197,0.37938219513465643,0.2026358285148721,0.3300515705578997,0.08793040579257176,8024,0.4179819763504714,22.984130682965276,1446340,13.272812754953884,9.86250929580757,2.5857177893309573,2021-02-01,2,2021,2
QMJ,202103,8527,4380,7235,1793,21935,0.38873945748803285,0.19968087531342604,0.32983815819466605,0.08174150900387508,9028,0.41157966719854117,22.984130682965276,1446340,15.16586694691428,9.995838813600315,2.719047307123702,2021-03-01,3,2021,3
QMJ,202104,8523,4546,7105,1691,21865,0.3898010519094443,0.20791218842899611,0.3249485479076149,0.07733821175394466,8796,0.4022867596615596,22.984130682965276,1446340,15.117468921553716,9.992642463847021,2.7158509573704084,2021-04-01,4,2021,4
QMJ,202105,7356,3975,6308,1647,19286,0.38141657160634657,0.20610805765840506,0.32707663590169034,0.08539873483355802,7955,0.41247537073524837,22.984130682965276,1446340,13.334347387198031,9.867134723070329,2.590343216593717,2021-05-01,5,2021,5
QMJ,202106,7894,4382,6959,1718,20953,0.3767479597193719,0.20913473011024675,0.3321242781463275,0.08199303202405384,8677,0.41411731017038134,22.984130682965276,1446340,14.486911791141779,9.950037113189108,2.6732456067124954,2021-06-01,6,2021,6
QMJ,202107,7439,4123,6838,1707,20107,0.36997065698512954,0.20505296662853734,0.34008056895608496,0.08489580743024817,8545,0.4249763763863331,22.984130682965276,1446340,13.901987084641233,9.908823292125648,2.6320317856490347,2021-07-01,7,2021,7
QMJ,202108,6613,3505,6164,1490,17772,0.3721021832095431,0.19722034661264912,0.3468377222597344,0.08383974791807337,7654,0.4306774701778078,22.984130682965276,1446340,12.287567238685233,9.785379464055799,2.5085879575791865,2021-08-01,8,2021,8
QMJ,202109,7215,3902,6615,1637,19369,0.3725024523723476,0.20145593474108112,0.3415251174557282,0.0845164954308431,8252,0.42604161288657133,22.984130682965276,1446340,13.391733617268414,9.871429128842239,2.5946376223656267,2021-09-01,9,2021,9
QMJ,202110,7008,3704,6188,1630,18530,0.3781975175391257,0.19989206691851052,0.3339449541284404,0.08796546141392336,7818,0.42191041554236375,22.984130682965276,1446340,12.811648713303926,9.827146319279406,2.5503548128027926,2021-10-01,10,2021,10
QMJ,202111,7489,4120,6738,1720,20067,0.3731997807345393,0.2053122041162107,0.3357751532366572,0.08571286191259281,8458,0.42148801514925,22.984130682965276,1446340,13.87433107014948,9.906831953786519,2.6300404473099053,2021-11-01,11,2021,11
QMJ,202112,6921,3967,6456,1720,19064,0.36304028535459504,0.20808854385228703,0.3386487620646244,0.09022240872849349,8176,0.42887117079311793,22.984130682965276,1446340,13.180856506768809,9.855557018778578,2.5787655123019655,2021-12-01,12,2021,12
QMJ,202201,7466,3946,6478,1680,19570,0.3815022994379152,0.20163515585079203,0.3310168625447113,0.0858456821665815,8158,0.4168625447112928,22.984130682965276,1446340,13.530705090089468,9.881753060390121,2.604961553913509,2022-01-01,1,2022,13
QMJ,202202,7577,4051,6166,1660,19454,0.38948288269764575,0.20823481032178473,0.3169528117610774,0.08532949521949214,7826,0.40228230698056955,22.984130682965276,1446340,13.450502648063388,9.875807983429386,2.599016476952773,2022-02-01,2,2022,14
QMJ,202203,8542,4651,7314,1848,22355,0.38210691120554685,0.20805188995750393,0.3271751286065757,0.08266607023037352,9162,0.40984119883694925,22.984130682965276,1446340,15.456255099077671,10.01480528866808,2.738013782191468,2022-03-01,3,2022,15
QMJ,202204,7697,4292,6815,1741,20545,0.3746410318812363,0.20890727670966172,0.3317108785592602,0.0847408128498418,8556,0.416451691409102,22.984130682965276,1446340,14.204820443325913,9.93037288131751,2.6535813748408974,2022-04-01,4,2022,16
QMJ,202205,7879,4336,7072,1805,21092,0.3735539541058221,0.2055755736772236,0.33529300208609897,0.0855774701308553,8877,0.4208704722169543,22.984130682965276,1446340,14.583016441500614,9.95664910065036,2.6798575941737477,2022-05-01,5,2022,17
QMJ,202206,7611,4296,6755,1772,20434,0.37246745620045024,0.2102378388959577,0.3305764901634531,0.08671821474013898,8527,0.41729470490359205,22.984130682965276,1446340,14.128075003111302,9.924955459151368,2.6481639526747562,2022-06-01,6,2022,18
QMJ,202207,7534,4243,6897,1737,20411,0.369114693057665,0.20787810494341286,0.33790603106168243,0.08510117093723972,8634,0.42300720199892217,22.984130682965276,1446340,14.112172794778544,9.923829250194043,2.64703774371743,2022-07-01,7,2022,19
QMJ,202208,6888,3750,6501,1761,18900,0.36444444444444446,0.1984126984126984,0.343968253968254,0.09317460317460317,8262,0.43714285714285717,22.984130682965276,1446340,13.067466847352629,9.846917201047734,2.570125694571121,2022-08-01,8,2022,20
QMJ,202209,6748,3401,6269,1603,18021,0.37445202818933465,0.18872426613395482,0.34787192719604904,0.08895177848066145,7872,0.4368237056767105,22.984130682965276,1446340,12.459725928896386,9.79929302351827,2.5225015170416585,2022-09-01,9,2022,21
QMJ,202210,6766,3676,6188,1672,18302,0.369686373073981,0.20085236586165447,0.3381051251229374,0.09135613594142716,7860,0.42946126106436455,22.984130682965276,1446340,12.654009430700942,9.814765622475324,2.537974115998711,2022-10-01,10,2022,22
QMJ,202211,7232,3853,6513,1782,19380,0.3731682146542828,0.19881320949432404,0.33606811145510834,0.09195046439628483,8295,0.4280185758513932,22.984130682965276,1446340,13.399339021253647,9.871996885444757,2.5952053789681444,2022-11-01,11,2022,23
QMJ,202212,6881,3840,6244,1605,18570,0.37054388799138394,0.20678513731825526,0.33624124932687127,0.0864297253634895,7849,0.4226709746903608,22.984130682965276,1446340,12.839304727795676,9.829302654346751,2.5525111478701388,2022-12-01,12,2022,24
QMJ,202301,7791,4021,6699,1717,20228,0.38515918528772,0.19878386395095907,0.3311746094522444,0.08488234130907653,8416,0.41605695076132093,22.984130682965276,1446340,13.98564652847878,9.914823062199874,2.638031555723261,2023-01-01,1,2023,25
QMJ,202302,7133,3924,6155,1583,18795,0.37951582867783984,0.20877893056664007,0.3274807129555733,0.0842245277999468,7738,0.41170524075552006,22.984130682965276,1446340,12.99486980931178,9.841346155998279,2.5645546495216656,2023-02-01,2,2023,26
QMJ,202303,8275,4218,7129,1868,21490,0.3850628199162401,0.19627733829688226,0.3317356910190786,0.08692415076779898,8997,0.4186598417868776,22.984130682965276,1446340,14.858193785693544,9.975342989636555,2.6985514831599433,2023-03-01,3,2023,27
QMJ,202304,7322,3419,6515,1787,19043,0.3844982408233997,0.1795410387018852,0.34212046421257153,0.09384025626214357,8302,0.4359607204747151,22.984130682965276,1446340,13.16633709916064,9.854454858958817,2.577663352482204,2023-04-01,4,2023,28
QMJ,202305,7845,3881,7095,1943,20764,0.3778173762280871,0.18691003660181083,0.3416971681756887,0.0935754189944134,9038,0.4352725871701021,22.984130682965276,1446340,14.35623712266825,9.94097599694712,2.664184490470507,2023-05-01,5,2023,29
QMJ,202306,8716,4149,7882,2096,22843,0.38156109092500984,0.18163113426432606,0.3450510003064396,0.0917567745042245,9978,0.4368077748106641,22.984130682965276,1446340,15.793658475877042,10.036400003655869,2.759608497179257,2023-06-01,6,2023,30
QMJ,202307,7746,3704,7317,1932,20699,0.37422097685878547,0.1789458427943379,0.3534953379390309,0.09333784240784579,9249,0.44683318034687664,22.984130682965276,1446340,14.311296099119156,9.937840668907791,2.661049162431178,2023-07-01,7,2023,31
QMJ,202308,7582,3861,6923,1790,20156,0.376165905933717,0.19155586425878152,0.34347092677118474,0.08880730303631673,8713,0.43227822980750147,22.984130682965276,1446340,13.935865702393627,9.911257289800488,2.634465783323876,2023-08-01,8,2023,32
QMJ,202309,7384,4075,6787,1788,20034,0.36857342517719877,0.2034042128381751,0.3387740840571029,0.08924827792752321,8575,0.4280223619846261,22.984130682965276,1446340,13.851514858193786,9.90518610917171,2.628394602695097,2023-09-01,9,2023,33
QMJ,202310,7288,3942,6780,1834,19844,0.367264664382181,0.19864946583350132,0.34166498689780284,0.09242088288651482,8614,0.4340858697843177,22.984130682965276,1446340,13.720148789357966,9.89565697342094,2.6188654669443268,2023-10-01,10,2023,34
QMJ,202311,7548,4196,6972,1881,20597,0.3664611351167646,0.20371898820216536,0.3384958974607953,0.0913239792202748,8853,0.4298198766810701,22.984130682965276,1446340,14.240773262165188,9.932900713104477,2.656109206627865,2023-11-01,11,2023,35
QMJ,202312,6784,3868,6203,1762,18617,0.36439813074072086,0.20776709459096523,0.33319009507439434,0.09464467959391953,7965,0.42783477466831393,22.984130682965276,1446340,12.871800544823486,9.831830420771897,2.5550389142952845,2023-12-01,12,2023,36
QMJ,202401,8285,4867,7470,1876,22498,0.36825495599608854,0.21633034047470887,0.3320295137345542,0.08338518979464841,9346,0.4154147035292026,22.984130682965276,1446340,15.555125350885685,10.021181695352771,2.744390188876159,2024-01-01,1,2024,37
QMJ,202402,7773,4256,6635,1883,20547,0.37830340195649,0.20713486153696403,0.32291818756996155,0.09164354893658441,8518,0.414561736506546,22.984130682965276,1446340,14.2062032440505,9.930470223866015,2.6536787173894023,2024-02-01,2,2024,38
QMJ,202403,7938,4418,7133,1846,21335,0.37206468244668384,0.20707757206468244,0.33433325521443635,0.08652449027419733,8979,0.4208577454886337,22.984130682965276,1446340,14.751026729538006,9.9681041956221,2.6913126891454877,2024-03-01,3,2024,39
QMJ,202404,8459,4695,7204,1930,22288,0.3795315865039483,0.21065147164393397,0.3232232591529074,0.08659368269921033,9134,0.40981694185211776,22.984130682965276,1446340,15.409931274803988,10.011803696019587,2.7350121895429744,2024-04-01,4,2024,40
QMJ,202405,8147,4667,7405,1940,22159,0.36766099553228937,0.21061419739157905,0.33417572995171263,0.08754907712441898,9345,0.4217248070761316,22.984130682965276,1446340,15.32074062806809,10.005999013489205,2.7292075070125925,2024-05-01,5,2024,41
QMJ,202406,7842,4438,7172,1867,21319,0.3678408931000516,0.20817111496786903,0.33641352783901685,0.08757446409306252,9039,0.42398799193207937,22.984130682965276,1446340,14.739964323741306,9.967353972864542,2.6905624663879295,2024-06-01,6,2024,42
QMJ,202407,7907,4618,7747,2066,22338,0.3539708120691199,0.20673292147909392,0.3468081296445519,0.0924881368072343,9813,0.4392962664517862,22.984130682965276,1446340,15.444501292918678,10.014044543100772,2.737253036624159,2024-07-01,7,2024,43
QMJ,202408,7018,4337,7075,1896,20326,0.34527206533503885,0.21337203581619602,0.34807635540686804,0.09327954344189708,8971,0.44135589884876514,22.984130682965276,1446340,14.053403763983571,9.919656133697712,2.642864627221099,2024-08-01,8,2024,44
QMJ,202409,6673,4079,6875,1920,19547,0.34138230930577584,0.20867652325164987,0.3517163759144626,0.09822479152811173,8795,0.4499411674425743,22.984130682965276,1446340,13.51480288175671,9.880577100953023,2.6037855944764092,2024-09-01,9,2024,45
QMJ,202410,6907,4484,7168,1998,20557,0.33599260592498903,0.21812521282288272,0.3486890110424673,0.09719317020966094,9166,0.44588218125212825,22.984130682965276,1446340,14.213117247673438,9.930956794525674,2.6541652880490605,2024-10-01,10,2024,46
QMJ,202411,7007,4503,7154,2025,20689,0.3386823916090676,0.21765189230992316,0.3457876166078592,0.09787809947314999,9179,0.44366571608100924,22.984130682965276,1446340,14.304382095496218,9.937357437043744,2.6605659305671305,2024-11-01,11,2024,47
QMJ,202412,6257,4243,6746,1832,19078,0.3279693888248244,0.2224027675857008,0.3536010063948003,0.09602683719467449,8578,0.4496278435894748,22.984130682965276,1446340,13.190536111840922,9.856291117705153,2.579499611228541,2024-12-01,12,2024,48
QMJ,202501,7309,4926,7846,1990,22071,0.33115853382266325,0.22318879978252004,0.3554891033482851,0.09016356304653164,9836,0.4456526663948167,22.984130682965276,1446340,15.259897396186236,10.002019808600375,2.7252283021237615,2025-01-01,1,2025,49
QMJ,202502,6539,4560,6802,1875,19776,0.33065331715210355,0.23058252427184467,0.3439522653721683,0.0948118932038835,8677,0.4387641585760518,22.984130682965276,1446340,13.673133564721988,9.892224360257417,2.6154328537808045,2025-02-01,2,2025,50
QMJ,202503,6895,5167,7494,1985,21541,0.3200872754282531,0.23986815839561765,0.3478947124088947,0.09214985376723457,9479,0.44004456617612925,22.984130682965276,1446340,14.893455204170527,9.977713374888099,2.700921868411487,2025-03-01,3,2025,51
QMJ,202504,6620,5036,7328,1972,20956,0.31589998091238786,0.24031303683909144,0.3496850543996946,0.09410192784882611,9300,0.4437869822485207,22.984130682965276,1446340,14.48898599222866,9.95018028052811,2.6733887740514977,2025-04-01,4,2025,52
QMJ,202505,6773,5103,7464,2048,21388,0.3166729006919768,0.23859173368243874,0.34898073686179165,0.09575462876379279,9512,0.44473536562558447,22.984130682965276,1446340,14.787670948739578,9.970585296068622,2.6937937895920094,2025-05-01,5,2025,53
QMJ,202506,7070,4959,7606,2063,21698,0.32583648262512677,0.22854640980735552,0.35053922020462713,0.09507788736289059,9669,0.44561710756751777,22.984130682965276,1446340,15.002005061050651,9.984975369382395,2.7081838629057833,2025-06-01,6,2025,54
QMJ,202507,6995,5250,7990,2107,22342,0.31308745859815595,0.2349834392623758,0.35762241518216814,0.09430668695730016,10097,0.45192910213946824,22.984130682965276,1446340,15.447266894367853,10.014223594130794,2.737432087654181,2025-07-01,7,2025,55
QMJ,202508,6019,4354,6923,1886,19182,0.3137837556042123,0.2269836304869148,0.3609112709832134,0.09832134292565947,8809,0.4592326139088729,22.984130682965276,1446340,13.262441749519478,9.861727618287896,2.584936111811284,2025-08-01,8,2025,56
QMJ,202509,6249,4635,7001,2030,19915,0.3137835802159176,0.23273914135074064,0.35154406226462465,0.10193321616871705,9031,0.4534772784333417,22.984130682965276,1446340,13.769238215080824,9.899228495615745,2.622436989139132,2025-09-01,9,2025,57
QMJ,202510,6550,4802,7259,2057,20668,0.3169150377395007,0.23233984904199728,0.3512192761757306,0.09952583704277143,9316,0.450745113218502,22.984130682965276,1446340,14.289862687888048,9.936341889407075,2.6595503829304628,2025-10-01,10,2025,58
QMJ,202511,6177,4610,6908,1978,19673,0.31398363238956944,0.2343313170334977,0.3511411579321913,0.10054389264474152,8886,0.45168505057693287,22.984130682965276,1446340,13.601919327405728,9.887002416276266,2.610210909799653,2025-11-01,11,2025,59
QMJ,202512,5993,4564,6963,2142,19662,0.30480113925338215,0.23212287661478995,0.3541348794629234,0.10894110466890448,9105,0.4630759841318279,22.984130682965276,1446340,13.594313923420497,9.88644311792687,2.609651611450257,2025-12-01,12,2025,60
QMM,202101,6074,3141,5728,1317,16260,0.37355473554735547,0.19317343173431734,0.35227552275522755,0.08099630996309963,7045,0.4332718327183272,21.727923019205434,999561,16.267141275019736,9.696463383101802,2.7891472005083755,2021-01-01,1,2021,1
QMM,202102,5892,3013,5286,1282,15473,0.3807923479609643,0.19472629742131456,0.3416273508692561,0.08285400374846506,6568,0.4244813546177212,21.727923019205434,999561,15.479795630281695,9.646851848489673,2.7395356658962466,2021-02-01,2,2021,2
QMM,202103,7014,3470,5955,1472,17911,0.39160292557646137,0.19373569314946124,0.33247724861816763,0.08218413265590978,7427,0.41466138127407737,21.727923019205434,999561,17.918866382341847,9.793170328225258,2.885854145631832,2021-03-01,3,2021,3
QMM,202104,6686,3448,6215,1366,17715,0.3774202653118826,0.1946373130115721,0.3508326277166243,0.07710979395992097,7581,0.4279424216765453,21.727923019205434,999561,17.722780300551943,9.782167017299573,2.8748508347061463,2021-04-01,4,2021,4
QMM,202105,6026,2965,5561,1286,15838,0.3804773329965905,0.1872079808056573,0.3511175653491602,0.081197120848592,6847,0.43231468619775226,21.727923019205434,999561,15.84495593565575,9.670167394770358,2.7628512121769315,2021-05-01,5,2021,5
QMM,202106,6279,3333,5877,1380,16869,0.37222123421661035,0.19758136226213766,0.3483905388582607,0.08180686466299128,7257,0.430197403521252,21.727923019205434,999561,16.87640874343837,9.733232896960311,2.825916714366885,2021-06-01,6,2021,6
QMM,202107,5995,3030,5713,1354,16092,0.3725453641561024,0.18829231916480238,0.3550211285110614,0.0841411881680338,7067,0.4391623166790952,21.727923019205434,999561,16.099067490628386,9.686077533069678,2.7787613504762527,2021-07-01,7,2021,7
QMM,202108,5679,2952,5223,1241,15095,0.3762172904935409,0.1955614441868168,0.3460086121232196,0.08221265319642265,6464,0.4282212653196423,21.727923019205434,999561,15.10162961540116,9.622118842140939,2.7148026595475128,2021-08-01,8,2021,8
QMM,202109,5920,2964,5597,1449,15930,0.3716258631512869,0.18606403013182674,0.35134965473948526,0.09096045197740113,7046,0.44231010671688636,21.727923019205434,999561,15.936996341393874,9.675959402904095,2.768643220310668,2021-09-01,9,2021,9
QMM,202110,5589,2900,5148,1343,14980,0.37309746328437915,0.19359145527369825,0.3436582109479306,0.089652870493992,6491,0.43331108144192254,21.727923019205434,999561,14.986579108228513,9.61447125707121,2.707155074477784,2021-10-01,10,2021,10
QMM,202111,5871,2961,5355,1398,15585,0.37670837343599617,0.18999037536092397,0.343599615014437,0.08970163618864292,6753,0.4333012512030799,21.727923019205434,999561,15.591844819875927,9.654064192201437,2.7467480096080115,2021-11-01,11,2021,11
QMM,202112,5800,3077,5421,1463,15761,0.3679969545079627,0.19522872914155193,0.34395025696339065,0.09282405938709473,6884,0.43677431635048536,21.727923019205434,999561,15.767922117809716,9.665293813175541,2.7579776305821144,2021-12-01,12,2021,12
QMM,202201,6183,3282,5610,1361,16436,0.376186420053541,0.19968362131905573,0.3413239230956437,0.08280603553175955,6971,0.42412995862740327,21.727923019205434,999561,16.443218572953526,9.707229330003301,2.799913147409874,2022-01-01,1,2022,13
QMM,202202,5837,3162,5384,1419,15802,0.3693836223262878,0.2001012530059486,0.34071636501708646,0.08979875965067713,6803,0.4305151246677636,21.727923019205434,999561,15.80894012471475,9.667891793282678,2.7605756106892523,2022-02-01,2,2022,14
QMM,202203,6698,3694,6154,1614,18160,0.36883259911894273,0.20341409691629955,0.3388766519823789,0.08887665198237886,7768,0.4277533039647577,21.727923019205434,999561,18.167975741350453,9.806976652155285,2.899660469561858,2022-03-01,3,2022,15
QMM,202204,5836,3221,5498,1418,15973,0.36536655606335694,0.20165278908157516,0.34420584736743254,0.08877480748763539,6916,0.4329806548550679,21.727923019205434,999561,15.980015226684515,9.678655075789957,2.77133889319653,2022-04-01,4,2022,16
QMM,202205,6106,3521,5854,1504,16985,0.3594936708860759,0.20730055931704444,0.344657050338534,0.0885487194583456,7358,0.4332057697968796,21.727923019205434,999561,16.992459689803823,9.740085880594684,2.832769698001258,2022-05-01,5,2022,17
QMM,202206,5900,3374,5508,1428,16210,0.36397285626156695,0.2081431215299198,0.33979025293028997,0.08809376927822332,6936,0.42788402220851324,21.727923019205434,999561,16.21711931537945,9.693383614729722,2.7860674321362953,2022-06-01,6,2022,18
QMM,202207,5712,3208,5457,1405,15782,0.3619313141553669,0.2032695475858573,0.3457736662020023,0.08902547205677354,6862,0.4347991382587758,21.727923019205434,999561,15.788931340858635,9.666625329080981,2.759309146487554,2022-07-01,7,2022,19
QMM,202208,5681,3167,5529,1494,15871,0.3579484594543507,0.19954634238548297,0.34837124314787976,0.09413395501228657,7023,0.44250519816016637,21.727923019205434,999561,15.87797042901834,9.672248823507559,2.7649326409141324,2022-08-01,8,2022,20
QMM,202209,5402,2766,5077,1270,14515,0.37216672407853946,0.19056148811574233,0.34977609369617635,0.08749569410954185,6347,0.43727178780571824,21.727923019205434,999561,14.52137488357389,9.58293787645873,2.675621693865304,2022-09-01,9,2022,21
QMM,202210,5300,3098,4982,1308,14688,0.360838779956427,0.21092047930283225,0.3391884531590414,0.08905228758169935,6290,0.42824074074074076,21.727923019205434,999561,14.694450863929264,9.594786112860271,2.6874699302668454,2022-10-01,10,2022,22
QMM,202211,5870,3135,5383,1414,15802,0.371471965573978,0.19839260853056576,0.34065308188836857,0.08948234400708771,6797,0.4301354258954563,21.727923019205434,999561,15.80894012471475,9.667891793282678,2.7605756106892523,2022-11-01,11,2022,23
QMM,202212,5720,3144,5205,1406,15475,0.36962843295638126,0.20316639741518577,0.33634894991922454,0.0908562197092084,6611,0.42720516962843297,21.727923019205434,999561,15.481796508667305,9.646981097552796,2.7396649149593704,2022-12-01,12,2022,24
QMM,202301,6174,3032,5502,1488,16196,0.38120523586070637,0.18720671770807606,0.33971350950852064,0.09187453692269697,6990,0.43158804643121756,21.727923019205434,999561,16.203113166680172,9.692519577152051,2.7852033945586254,2023-01-01,1,2023,25
QMM,202302,5932,3019,5203,1395,15549,0.38150363367419127,0.19416039616695607,0.33461958968422406,0.0897163804746286,6598,0.42433597015885266,21.727923019205434,999561,15.555829008934923,9.651751606857816,2.74443542426439,2023-02-01,2,2023,26
QMM,202303,6611,3298,5944,1600,17453,0.37878874692030023,0.18896464791153383,0.34057182146335874,0.0916747837048072,7544,0.43224660516816593,21.727923019205434,999561,17.460665232036867,9.767266832624836,2.8599506500314105,2023-03-01,3,2023,27
QMM,202304,5678,2484,5284,1465,14911,0.38079270337334853,0.16658842465294077,0.35436925759506405,0.09824961437864664,6749,0.4526188719737107,21.727923019205434,999561,14.917548803924923,9.609854474590907,2.702538291997481,2023-04-01,4,2023,28
QMM,202305,6099,2537,5757,1668,16061,0.3797397422327377,0.15796027644604943,0.35844592491127575,0.10385405640993711,7425,0.46229998132121286,21.727923019205434,999561,16.06805387565141,9.684149252062896,2.776833069469471,2023-05-01,5,2023,29
QMM,202306,6618,2837,6281,1689,17425,0.3797991391678623,0.16281205164992826,0.3604591104734577,0.09692969870875179,7970,0.4573888091822095,21.727923019205434,999561,17.43265293463831,9.765661235628725,2.8583450530352987,2023-06-01,6,2023,30
QMM,202307,6289,2684,5892,1586,16451,0.3822867910765303,0.16315117622029057,0.35815451948209837,0.09640751322108078,7478,0.45456203270317913,21.727923019205434,999561,16.45822516084561,9.708141544619421,2.800825362025994,2023-07-01,7,2023,31
QMM,202308,6283,2952,5454,1608,16297,0.3855310793397558,0.1811376326931337,0.3346628213781678,0.09866846658894275,7062,0.4333312879671105,21.727923019205434,999561,16.304157525153542,9.69873632077599,2.7914201381825623,2023-08-01,8,2023,32
QMM,202309,6110,2960,5317,1633,16020,0.381398252184769,0.18476903870162298,0.3318976279650437,0.1019350811485643,6950,0.433832709113608,21.727923019205434,999561,16.027035868746378,9.68159322062235,2.7742770380289237,2023-09-01,9,2023,33
QMM,202310,5851,3106,5092,1525,15574,0.3756902529857455,0.19943495569538974,0.3269551817131116,0.09791960960575317,6617,0.4248747913188648,21.727923019205434,999561,15.580839988755063,9.653358136136932,2.746041953543505,2023-10-01,10,2023,34
QMM,202311,6067,3241,5042,1590,15940,0.38061480552070265,0.2033249686323714,0.3163111668757842,0.09974905897114178,6632,0.416060225846926,21.727923019205434,999561,15.947000733321927,9.676586952344206,2.7692707697507797,2023-11-01,11,2023,35
QMM,202312,5624,3168,5043,1515,15350,0.3663843648208469,0.2063843648208469,0.3285342019543974,0.0986970684039088,6558,0.4272312703583062,21.727923019205434,999561,15.356741609566601,9.638870753015343,2.731554570421917,2023-12-01,12,2023,36
QMM,202401,6730,3684,5842,1632,17888,0.3762298747763864,0.20594812164579607,0.326587656529517,0.09123434704830054,7474,0.4178220035778175,21.727923019205434,999561,17.89585628090732,9.791885375954825,2.8845691933613997,2024-01-01,1,2024,37
QMM,202402,6230,3342,5376,1608,16556,0.37629862285576227,0.20186035274220826,0.3247161150036241,0.09712490939840542,6984,0.4218410244020295,21.727923019205434,999561,16.563271276090205,9.714503852868623,2.807187670275197,2024-02-01,2,2024,38
QMM,202403,6539,3259,5655,1629,17082,0.3828006088280061,0.19078562229247162,0.3310502283105023,0.09536354056902002,7284,0.4264137688795223,21.727923019205434,999561,17.089502291505973,9.745780556506093,2.8384643739126663,2024-03-01,3,2024,39
QMM,202404,6736,3579,5763,1646,17724,0.3800496501918303,0.20192958700067704,0.3251523358158429,0.09286842699164974,7409,0.4180207628074927,21.727923019205434,999561,17.731784253287195,9.782674932319381,2.875358749725954,2024-04-01,4,2024,40
QMM,202405,6427,3492,5657,1668,17244,0.3727093481790768,0.20250521920668058,0.32805613546740897,0.09672929714683368,7325,0.4247854326142426,21.727923019205434,999561,17.251573440740486,9.755219535867026,2.847903353273599,2024-05-01,5,2024,41
QMM,202406,5954,3191,5171,1636,15952,0.37324473420260784,0.20003761283851554,0.32415997993981943,0.10255767301905717,6807,0.42671765295887665,21.727923019205434,999561,15.959006003635597,9.67733949220162,2.7700233096081934,2024-06-01,6,2024,42
QMM,202407,6202,3452,5769,1693,17116,0.36235101659266183,0.2016826361299369,0.3370530497779855,0.09891329749941576,7462,0.43596634727740124,21.727923019205434,999561,17.123517224061363,9.747768977536708,2.8404527949432814,2024-07-01,7,2024,43
QMM,202408,5914,3366,5580,1767,16627,0.3556865339508029,0.20244181151139712,0.3355987249654177,0.10627292957238227,7347,0.4418716545378,21.727923019205434,999561,16.634302458779402,9.71878315904038,2.811466976446953,2024-08-01,8,2024,44
QMM,202409,5464,2919,5122,1546,15051,0.36303235665404293,0.19394060195335858,0.3403096139791376,0.1027174274134609,6668,0.4430270413925985,21.727923019205434,999561,15.057610290917713,9.619199713152362,2.7118835305589366,2024-09-01,9,2024,45
QMM,202410,5774,3284,5199,1708,15965,0.3616661446915127,0.20569996868149076,0.3256498590667084,0.10698402756028813,6907,0.43263388662699653,21.727923019205434,999561,15.972011713142072,9.678154105148883,2.7708379225554562,2024-10-01,10,2024,46
QMM,202411,5696,3275,5208,1605,15784,0.3608717688798784,0.2074885960466295,0.329954384186518,0.10168525088697415,6813,0.4316396350734921,21.727923019205434,999561,15.79093221924425,9.66675204770245,2.759435865109025,2024-11-01,11,2024,47
QMM,202412,5454,3193,5017,1603,15267,0.35724110827274513,0.20914390515490927,0.32861727909870964,0.10499770747363595,6620,0.4336149865723456,21.727923019205434,999561,15.27370515656373,9.633448915256942,2.726132732663516,2024-12-01,12,2024,48
QMM,202501,6214,3717,5724,1721,17376,0.3576197053406998,0.2139157458563536,0.3294198895027624,0.09904465930018416,7445,0.4284645488029466,21.727923019205434,999561,17.38363141419083,9.762845222733661,2.855529040140236,2025-01-01,1,2025,49
QMM,202502,5389,3322,5166,1550,15427,0.34932261619238997,0.21533674726129512,0.3348674402022428,0.10047319634407208,6716,0.4353406365463149,21.727923019205434,999561,15.433775427412634,9.64387450001194,2.7365583174185133,2025-02-01,2,2025,50
QMM,202503,5858,3694,5677,1667,16896,0.3467092803030303,0.21863162878787878,0.3359966856060606,0.0986624053030303,7344,0.4346590909090909,21.727923019205434,999561,16.90342060164412,9.734832186505988,2.827516003912562,2025-03-01,3,2025,51
QMM,202504,5467,3512,5139,1587,15705,0.3481056988220312,0.2236230499840815,0.3272206303724928,0.10105062082139446,6726,0.4282712511938873,21.727923019205434,999561,15.7118975230126,9.661734411972747,2.7544182293793207,2025-04-01,4,2025,52
QMM,202505,5752,3860,5295,1570,16477,0.3490926746373733,0.23426594647083815,0.32135704315105906,0.0952843357407295,6865,0.41664137889178854,21.727923019205434,999561,16.484236579858557,9.709720748057432,2.802404565464005,2025-05-01,5,2025,53
QMM,202506,5696,3634,5358,1683,16371,0.34793231934518354,0.22197788772830004,0.32728605460875937,0.102803738317757,7041,0.4300897929265164,21.727923019205434,999561,16.37819002542116,9.703266755854342,2.795950573260915,2025-06-01,6,2025,54
QMM,202507,5820,3942,5436,1745,16943,0.3435046922032698,0.23266245647169922,0.32084046508882724,0.10299238623620374,7181,0.423832851325031,21.727923019205434,999561,16.950441243705985,9.737610048158107,2.83029386556468,2025-07-01,7,2025,55
QMM,202508,5252,3325,5023,1621,15221,0.3450496025228303,0.21844819657052755,0.3300045989094015,0.10649760199724065,6644,0.43650220090664216,21.727923019205434,999561,15.227684953694672,9.630431332279667,2.7231151496862407,2025-08-01,8,2025,56
QMM,202509,5442,3533,4767,1692,15434,0.3525981599066995,0.22891019826357392,0.30886354801088506,0.10962809381884152,6459,0.4184916418297266,21.727923019205434,999561,15.440778501762273,9.644328147017548,2.737011964424122,2025-09-01,9,2025,57
QMM,202510,5473,3604,5155,1664,15896,0.3443004529441369,0.22672370407649722,0.32429542023150476,0.1046804227478611,6819,0.42897584297936586,21.727923019205434,999561,15.90298140883848,9.673822784231653,2.7665066016382265,2025-10-01,10,2025,58
QMM,202511,5379,3396,4686,1540,15001,0.3585760949270049,0.22638490767282182,0.3123791747216852,0.1026598226784881,6226,0.4150389974001733,21.727923019205434,999561,15.00758833127743,9.61587214452889,2.708555961935464,2025-11-01,11,2025,59
QMM,202512,5510,3580,4976,1657,15723,0.3504420276028748,0.2276919163009604,0.31647904343954714,0.10538701265661769,6633,0.42186605609616484,21.727923019205434,999561,15.729905428483105,9.662879887470275,2.7555637048768498,2025-12-01,12,2025,60
QNC,202101,7785,3465,7128,1365,19743,0.39431697310439145,0.1755052423643823,0.36103935572101503,0.06913842881021122,8493,0.43017778453122624,20.63816110825093,1109099,17.80093571448536,9.89055427712423,2.879251024145893,2021-01-01,1,2021,1
QNC,202102,7662,3184,6826,1206,18878,0.40586926581205635,0.1686619345269626,0.3615849136561076,0.0638838860048734,8032,0.42546879966098106,20.63816110825093,1109099,17.02102337122295,9.84575250188489,2.8344492489065543,2021-02-01,2,2021,2
QNC,202103,8799,3732,7679,1530,21740,0.4047378104875805,0.17166513339466422,0.3532198712051518,0.0703771849126035,9209,0.4235970561177553,20.63816110825093,1109099,19.601496349739744,9.9869091606752,2.9756059076968646,2021-03-01,3,2021,3
QNC,202104,8406,3610,7589,1324,20929,0.4016436523484161,0.17248793540064025,0.3626069090735343,0.06326150317740933,8913,0.4258684122509437,20.63816110825093,1109099,18.870272175883308,9.948891035989977,2.9375877830116424,2021-04-01,4,2021,4
QNC,202105,7156,3114,6552,1254,18076,0.3958840451427307,0.1722726266873202,0.3624695729143616,0.06937375525558752,7806,0.4318433281699491,20.63816110825093,1109099,16.297913892267506,9.802340370531171,2.791037117552835,2021-05-01,5,2021,5
QNC,202106,7755,3661,6964,1334,19714,0.39337526630820735,0.18570558993608602,0.3532514963984985,0.06766764735720808,8298,0.4209191437557066,20.63816110825093,1109099,17.774788364248817,9.889084322225385,2.8777810692470487,2021-06-01,6,2021,6
QNC,202107,7539,3360,6918,1285,19102,0.3946707151083656,0.175897811747461,0.3621610302586117,0.06727044288556172,8203,0.4294314731441734,20.63816110825093,1109099,17.222989110981075,9.857548320594683,2.8462450676163473,2021-07-01,7,2021,7
QNC,202108,6634,2947,6460,1133,17174,0.3862815884476534,0.17159659951088854,0.37614999417724465,0.06597181786421334,7593,0.442121812041458,20.63816110825093,1109099,15.48464113663433,9.75115189123243,2.7398486382540943,2021-08-01,8,2021,8
QNC,202109,7375,3152,6915,1357,18799,0.39230810149476036,0.16766849300494707,0.36783871482525665,0.07218469067503591,8272,0.44002340550029256,20.63816110825093,1109099,16.949794382647536,9.841558955913962,2.830255702935626,2021-09-01,9,2021,9
QNC,202110,6940,2845,6381,1247,17413,0.3985528053752943,0.16338367886062138,0.36645035318440244,0.07161316257968185,7628,0.4380635157640843,20.63816110825093,1109099,15.700131367894121,9.764972332679383,2.753669079701047,2021-10-01,10,2021,10
QNC,202111,7248,3117,6574,1274,18213,0.39795750288255644,0.1711414923406358,0.36095096908801405,0.06995003568879372,7848,0.43090100477680776,20.63816110825093,1109099,16.421437581316006,9.809890903798543,2.7985876508202083,2021-11-01,11,2021,11
QNC,202112,7104,3261,6814,1340,18519,0.3836060262433177,0.17608942167503644,0.3679464333927318,0.07235811868891409,8154,0.4403045520816459,20.63816110825093,1109099,16.697337207949875,9.826552511062006,2.81524925808367,2021-12-01,12,2021,12
QNC,202201,7612,3366,6893,1297,19168,0.39712020033388984,0.17560517529215358,0.35960976627712854,0.06766485809682804,8190,0.4272746243739566,20.63816110825093,1109099,17.28249687358838,9.860997500915175,2.8496942479368403,2022-01-01,1,2022,13
QNC,202202,7440,3317,6344,1288,18389,0.40458970036434827,0.18037957474577193,0.3449888520311056,0.07004187285877427,7632,0.4150307248898798,20.63816110825093,1109099,16.580124948268818,9.819507938740854,2.8082046857625174,2022-02-01,2,2022,14
QNC,202203,8402,3776,7578,1431,21187,0.3965639307122292,0.17822249492613396,0.35767215745504316,0.06754141690659367,9009,0.42521357436163687,20.63816110825093,1109099,19.102893429711866,9.96114306502429,2.949839812045955,2022-03-01,3,2022,15
QNC,202204,7062,3264,6660,1287,18273,0.3864718437038253,0.17862419963881135,0.3644721720571335,0.07043178460022985,7947,0.4349039566573633,20.63816110825093,1109099,16.475535547322647,9.813179839504594,2.8018765865262587,2022-04-01,4,2022,16
QNC,202205,7568,3370,6819,1291,19048,0.3973120537589248,0.17692146157076857,0.35799034019319614,0.06777614447711046,8110,0.4257664846703066,20.63816110825093,1109099,17.174300941575098,9.854717388166698,2.843414135188363,2022-05-01,5,2022,17
QNC,202206,7377,3227,6665,1290,18559,0.39748908885177003,0.1738779029042513,0.35912495285306323,0.06950805539091545,7955,0.42863300824397865,20.63816110825093,1109099,16.73340251862097,9.828710125578304,2.817406872599969,2022-06-01,6,2022,18
QNC,202207,7109,3151,6757,1295,18312,0.38821537789427696,0.17207295762341634,0.3689930100480559,0.07071865443425077,8052,0.4397116644823067,20.63816110825093,1109099,16.51069922522696,9.815311861632402,2.8040086086540668,2022-07-01,7,2022,19
QNC,202208,6991,3035,6543,1314,17883,0.3909299334563552,0.1697142537605547,0.36587820835430296,0.07347760442878712,7857,0.4393558127830901,20.63816110825093,1109099,16.123898768279474,9.791605819888035,2.7803025669097003,2022-08-01,8,2022,20
QNC,202209,6613,2724,6246,1245,16828,0.3929759923936297,0.1618730686950321,0.3711671024483005,0.0739838364630378,7491,0.4451509389113382,20.63816110825093,1109099,15.172676199329365,9.730799444710412,2.719496191732076,2022-09-01,9,2022,21
QNC,202210,6547,3199,6065,1308,17119,0.3824405631170045,0.18686839184531806,0.35428471289210817,0.07640633214556924,7373,0.4306910450376774,20.63816110825093,1109099,15.435051334461576,9.747944236774778,2.736640983796443,2022-10-01,10,2022,22
QNC,202211,7619,3516,6675,1439,19249,0.3958127694945192,0.18265883942022962,0.3467712608447192,0.07475713024053197,8114,0.4215283910852512,20.63816110825093,1109099,17.35552912769735,9.865214390314636,2.8539111373362998,2022-11-01,11,2022,23
QNC,202212,6930,3080,6384,1291,17685,0.39185750636132316,0.17415889171614363,0.3609838846480068,0.07299971727452643,7675,0.4339836019225332,20.63816110825093,1109099,15.94537548045756,9.780472101639582,2.7691688486612454,2022-12-01,12,2022,24
QNC,202301,7457,3289,6680,1408,18834,0.3959328873314219,0.17463098651375172,0.3546777105235213,0.07475841563130509,8088,0.4294361261548264,20.63816110825093,1109099,16.981351529484744,9.84341902607001,2.832115773091673,2023-01-01,1,2023,25
QNC,202302,7468,3192,6368,1276,18304,0.4079982517482518,0.1743881118881119,0.3479020979020979,0.06971153846153846,7644,0.41761363636363635,20.63816110825093,1109099,16.503486163092745,9.814874894179525,2.803571641201189,2023-02-01,2,2023,26
QNC,202303,8280,3513,7233,1531,20557,0.4027825071751715,0.17089069416743688,0.35185095101425307,0.0744758476431386,8764,0.42632679865739165,20.63816110825093,1109099,18.53486478664213,9.930956794525674,2.9196535415473375,2023-03-01,3,2023,27
QNC,202304,7205,2940,6167,1329,17641,0.4084235587551726,0.16665721897851596,0.3495833569525537,0.07533586531375773,7496,0.42491922226631146,20.63816110825093,1109099,15.905703638719356,9.777981017296407,2.76667776431807,2023-04-01,4,2023,28
QNC,202305,7788,3103,6864,1386,19141,0.40687529387179355,0.16211274228096756,0.35860195392090277,0.07241000992633613,8250,0.4310119638472389,20.63816110825093,1109099,17.258152788885393,9.859587910246109,2.848284657267774,2023-05-01,5,2023,29
QNC,202306,8358,3246,7039,1464,20107,0.41567613269010795,0.16143631571094644,0.3500770875814393,0.07281046401750634,8503,0.42288755159894564,20.63816110825093,1109099,18.12913004159232,9.908823292125648,2.8975200391473117,2023-06-01,6,2023,30
QNC,202307,7474,3103,6639,1443,18659,0.4005573717776944,0.16630044482555334,0.35580684924165284,0.07733533415509941,8082,0.43314218339675226,20.63816110825093,1109099,16.82356579529871,9.834083882397248,2.8227806294189137,2023-07-01,7,2023,31
QNC,202308,7658,3258,6679,1433,19028,0.4024595333193189,0.1712213579987387,0.3510090393104898,0.0753100693714526,8112,0.4263191086819424,20.63816110825093,1109099,17.156268286239552,9.853666857552172,2.8423636045738365,2023-08-01,8,2023,32
QNC,202309,7568,3222,6323,1434,18547,0.4080444276702432,0.17372081738286516,0.34091766862565376,0.07731708632123793,7757,0.41823475494689166,20.63816110825093,1109099,16.722582925419644,9.828063329889288,2.8167600769109513,2023-09-01,9,2023,33
QNC,202310,7247,3159,6243,1402,18051,0.4014736025704947,0.1750041548944657,0.3458534153232508,0.07766882721178882,7645,0.4235222425350396,20.63816110825093,1109099,16.275373073098073,9.800956363888462,2.789653110910126,2023-10-01,10,2023,34
QNC,202311,7683,3503,6461,1389,19036,0.4036036982559361,0.18401975204874974,0.3394095398192898,0.07296700987602438,7850,0.4123765496953141,20.63816110825093,1109099,17.163481348373768,9.854087202241,2.842783949262665,2023-11-01,11,2023,35
QNC,202312,6881,3374,6194,1338,17787,0.3868555686737505,0.18968909878000786,0.3482318547253612,0.07522347782088042,7532,0.4234553325462416,20.63816110825093,1109099,16.037342022668852,9.786223132375477,2.774919879397142,2023-12-01,12,2023,36
QNC,202401,8572,3848,6852,1543,20815,0.4118184001921691,0.18486668268075906,0.3291856834013932,0.0741292337256786,8395,0.40331491712707185,20.63816110825093,1109099,18.76748604047069,9.943429159629076,2.9321259066507404,2024-01-01,1,2024,37
QNC,202402,7666,3548,6243,1385,18842,0.4068570215476064,0.18830272794820083,0.3313342532639847,0.07350599724020805,7628,0.40484025050419276,20.63816110825093,1109099,16.988564591618964,9.843843699608612,2.8325404466302775,2024-02-01,2,2024,38
QNC,202403,7947,3600,6620,1393,19560,0.4062883435582822,0.18404907975460122,0.33844580777096117,0.07121676891615542,8013,0.4096625766871166,20.63816110825093,1109099,17.635936918165104,9.881241943588808,2.8699386906104727,2024-03-01,3,2024,39
QNC,202404,8391,3816,6924,1522,20653,0.40628480123952937,0.18476734614825932,0.33525395826272214,0.07369389434948918,8446,0.4089478526122113,20.63816110825093,1109099,18.621421532252754,9.93561586628765,2.924312613309314,2024-04-01,4,2024,40
QNC,202405,7854,3766,6726,1559,19905,0.3945742275810098,0.18919869379552876,0.33790504898266766,0.07832202964079377,8285,0.4162270786234614,20.63816110825093,1109099,17.947000222703295,9.898726235434417,2.887422982456082,2024-05-01,5,2024,41
QNC,202406,7304,3533,6203,1448,18488,0.3950670705322371,0.19109692773691042,0.33551492860233667,0.0783210731285158,7651,0.41383600173085244,20.63816110825093,1109099,16.66938659217978,9.824877151954217,2.813573898975881,2024-06-01,6,2024,42
QNC,202407,7453,3638,6767,1546,19404,0.38409606266749124,0.18748711605854462,0.3487425273139559,0.07967429396000825,8313,0.42841682127396413,20.63816110825093,1109099,17.495282206547838,9.873234509365107,2.8619312563867716,2024-07-01,7,2024,43
QNC,202408,7003,3641,6496,1500,18640,0.37569742489270386,0.19533261802575108,0.3484978540772532,0.08047210300429185,7996,0.42896995708154506,20.63816110825093,1109099,16.806434772729936,9.833065088239582,2.8217618352612464,2024-08-01,8,2024,44
QNC,202409,6696,3582,6295,1481,18054,0.3708873379860419,0.1984047856430708,0.3486761936412983,0.08203168272958901,7776,0.4307078763708873,20.63816110825093,1109099,16.278077971398403,9.8011225458581,2.7898192928797645,2024-09-01,9,2024,45
QNC,202410,7127,3829,6648,1598,19202,0.37115925424434953,0.1994063118425164,0.3462139360483283,0.08322049786480575,8246,0.4294344339131341,20.63816110825093,1109099,17.31315238765881,9.86276971925757,2.8514664662792333,2024-10-01,10,2024,46
QNC,202411,6754,3769,6468,1525,18516,0.3647656081227047,0.20355368330092893,0.3493195074530136,0.08236120112335278,7993,0.43168070857636637,20.63816110825093,1109099,16.694632309649542,9.826390502151161,2.8150872491728256,2024-11-01,11,2024,47
QNC,202412,6485,3686,6349,1449,17969,0.36089932661806445,0.20513105904613502,0.35333073626801714,0.0806388780677834,7798,0.43396961433580056,20.63816110825093,1109099,16.20143918622233,9.796403329926454,2.785100076948118,2024-12-01,12,2024,48
QNC,202501,7431,4193,7148,1530,20302,0.3660230519160674,0.2065313762190917,0.3520835385676288,0.0753620332972121,8678,0.4274455718648409,20.63816110825093,1109099,18.304948431113903,9.918474682344376,2.907171429366041,2025-01-01,1,2025,49
QNC,202502,6341,3762,6292,1409,17804,0.35615592001797347,0.21130083127387103,0.353403729498989,0.07913951920916648,7701,0.43254324870815547,20.63816110825093,1109099,16.05266977970407,9.787178430135745,2.7758751771574093,2025-02-01,2,2025,50
QNC,202503,6995,4216,6982,1499,19692,0.3552203940686573,0.21409709526711354,0.35456022750355476,0.07612228316067439,8481,0.43068251066422913,20.63816110825093,1109099,17.754952443379715,9.887967740878091,2.8766644878997556,2025-03-01,3,2025,51
QNC,202504,6518,3867,6470,1457,18312,0.35594145915246833,0.21117300131061598,0.3533202271734382,0.0795653123634775,7927,0.43288553953691566,20.63816110825093,1109099,16.51069922522696,9.815311861632402,2.8040086086540668,2025-04-01,4,2025,52
QNC,202505,6926,4322,6943,1575,19766,0.3503996762116766,0.21865830213497925,0.35125973894566426,0.07968228270767985,8518,0.4309420216533441,20.63816110825093,1109099,17.82167326812124,9.89171856893613,2.8804153159577934,2025-05-01,5,2025,53
QNC,202506,6785,4022,6439,1504,18750,0.36186666666666667,0.21450666666666668,0.34341333333333335,0.08021333333333333,7943,0.42362666666666665,20.63816110825093,1109099,16.905614377075448,9.838949031398556,2.8276457784202216,2025-06-01,6,2025,54
QNC,202507,7010,4186,6797,1566,19559,0.3584027813282888,0.21401912163198528,0.3475126540211667,0.08006544301855924,8363,0.42757809703972594,20.63816110825093,1109099,17.635035285398327,9.881190817537517,2.869887564559182,2025-07-01,7,2025,55
QNC,202508,6063,3579,6074,1406,17122,0.35410582875832264,0.20902931900478916,0.3547482770704357,0.08211657516645252,7480,0.4368648522368882,20.63816110825093,1109099,15.43775623276191,9.74811946530243,2.7368162123240953,2025-08-01,8,2025,56
QNC,202509,6515,3889,6244,1516,18164,0.3586765029729135,0.21410482272627174,0.34375688174410923,0.08346179255670558,7760,0.4272186743008148,20.63816110825093,1109099,16.377257575743915,9.807196892217842,2.795893639239506,2025-09-01,9,2025,57
QNC,202510,6526,3875,6465,1476,18342,0.35579544215461784,0.21126376621960527,0.3524697415767092,0.08047105004906771,7941,0.4329407916257769,20.63816110825093,1109099,16.537748208230283,9.81694879111889,2.8056455381405536,2025-10-01,10,2025,58
QNC,202511,6259,3759,5969,1416,17403,0.3596506349479975,0.2159972418548526,0.34298684134919266,0.08136528184795724,7385,0.42435212319714993,20.63816110825093,1109099,15.691115040226345,9.764397884134175,2.753094631155838,2025-11-01,11,2025,59
QNC,202512,6252,3720,6361,1514,17847,0.35031097663472854,0.2084383930072281,0.3564184456771446,0.08483218468089875,7875,0.44125063035804335,20.63816110825093,1109099,16.091439988675493,9.789590705856016,2.77828745287768,2025-12-01,12,2025,60
QNQ,202101,3821,1471,3805,779,9876,0.38689752936411503,0.1489469420818145,0.38527744025921423,0.07887808829485622,4584,0.4641555285540705,12.324791581433344,730837,13.513273137512195,9.19786285046507,2.6036723977956644,2021-01-01,1,2021,1
QNQ,202102,3937,1403,3812,760,9912,0.3971953188054883,0.141545601291364,0.3845843422114609,0.07667473769168684,4572,0.4612590799031477,12.324791581433344,730837,13.562531727320867,9.201501423308978,2.6073109706395727,2021-02-01,2,2021,2
QNQ,202103,4499,1673,4230,833,11235,0.4004450378282154,0.14890965732087227,0.376502002670227,0.07414330218068536,5063,0.4506453048509123,12.324791581433344,730837,15.372784902789542,9.326789184619429,2.732598731950024,2021-03-01,3,2021,3
QNQ,202104,4525,1743,4338,830,11436,0.39568030779993,0.15241343126967472,0.3793284365162644,0.07257782441413081,5168,0.45190626093039526,12.324791581433344,730837,15.647812029221289,9.344521553442203,2.750331100772797,2021-04-01,4,2021,4
QNQ,202105,3633,1496,3811,802,9742,0.3729213713816465,0.15356189694107986,0.39119277355779103,0.08232395811948265,4613,0.47351673167727365,12.324791581433344,730837,13.32992171989103,9.184201714366488,2.5900112616970823,2021-05-01,5,2021,5
QNQ,202106,4126,1595,4170,813,10704,0.38546337817638265,0.14900971599402094,0.3895739910313901,0.07595291479820628,4983,0.46552690582959644,12.324791581433344,730837,14.646220703111638,9.27837278236801,2.6841823296986043,2021-06-01,6,2021,6
QNQ,202107,3869,1563,4039,771,10242,0.3777582503417301,0.15260691271236088,0.39435657098223004,0.07527826596367897,4810,0.469634836945909,12.324791581433344,730837,14.014068800567022,9.234252192022495,2.64006173935309,2021-07-01,7,2021,7
QNQ,202108,3380,1303,3576,736,8995,0.37576431350750417,0.14485825458588106,0.39755419677598663,0.08182323513062813,4312,0.4793774319066148,12.324791581433344,730837,12.307805981361096,9.104424146384634,2.510233693715228,2021-08-01,8,2021,8
QNQ,202109,3595,1407,3860,808,9670,0.3717683557394002,0.1455015511892451,0.39917269906928643,0.08355739400206826,4668,0.4827300930713547,12.324791581433344,730837,13.231404540273685,9.17678358844734,2.5825931357779344,2021-09-01,9,2021,9
QNQ,202110,3593,1293,3533,742,9161,0.3922060910380963,0.14114179674708002,0.38565658770876543,0.08099552450605829,4275,0.4666521122148237,12.324791581433344,730837,12.534942812145527,9.122710622015209,2.528520169345803,2021-10-01,10,2021,10
QNQ,202111,3927,1531,4062,818,10338,0.3798607080673244,0.1480944089765912,0.3929193267556587,0.07912555620042562,4880,0.4720448829560843,12.324791581433344,730837,14.145425040056812,9.243581705755984,2.649391253086579,2021-11-01,11,2021,11
QNQ,202112,3701,1533,3892,844,9970,0.3712136409227683,0.15376128385155466,0.39037111334002006,0.08465396188565696,4736,0.47502507522567705,12.324791581433344,730837,13.64189278867928,9.207335862955883,2.6131454102864784,2021-12-01,12,2021,12
QNQ,202201,3937,1597,3921,867,10322,0.38141832978105017,0.1547180778918814,0.3798682425886456,0.08399534973842279,4788,0.4638635923270684,12.324791581433344,730837,14.123532333475179,9.242032818708672,2.6478423660392667,2022-01-01,1,2022,13
QNQ,202202,3952,1636,3894,822,10304,0.38354037267080743,0.15877329192546583,0.3779114906832298,0.0797748447204969,4716,0.4576863354037267,12.324791581433344,730837,14.098903038570844,9.240287448344136,2.6460969956747293,2022-02-01,2,2022,14
QNQ,202203,4587,1831,4382,914,11714,0.3915827215297934,0.1563086904558648,0.3740822946901144,0.07802629332422742,5296,0.45210858801434184,12.324791581433344,730837,16.02819780607714,9.368539986649727,2.774349533980322,2022-03-01,3,2022,15
QNQ,202204,3825,1576,3966,803,10170,0.37610619469026546,0.15496558505408062,0.38997050147492623,0.07895771878072763,4769,0.4689282202556539,12.324791581433344,730837,13.915551620949678,9.227197489042606,2.6330070363732,2022-04-01,4,2022,16
QNQ,202205,3998,1596,4068,940,10602,0.3770986606300698,0.15053763440860216,0.3837011884550085,0.08866251650631957,5008,0.47236370496132807,12.324791581433344,730837,14.506654698653735,9.268797941547751,2.6746074888783458,2022-05-01,5,2022,17
QNQ,202206,3888,1594,3910,822,10214,0.3806540043078128,0.15606030937928334,0.3828079107107891,0.08047777560211475,4732,0.46328568631290384,12.324791581433344,730837,13.975756564049165,9.23151460720759,2.6373241545381836,2022-06-01,6,2022,18
QNQ,202207,3683,1587,3783,805,9858,0.373605193751268,0.16098600121728546,0.3837492391965916,0.08165956583485494,4588,0.46540880503144655,12.324791581433344,730837,13.48864384260786,9.196038587265322,2.6018481345959175,2022-07-01,7,2022,19
QNQ,202208,3521,1373,3810,778,9482,0.3713351613583632,0.14480067496308796,0.4018139632988821,0.08205020037966673,4588,0.48386416367854884,12.324791581433344,730837,12.974165237939513,9.157150543462064,2.562960090792658,2022-08-01,8,2022,20
QNQ,202209,3504,1299,3639,796,9238,0.37930287941112795,0.14061485169950205,0.3939164321281663,0.08616583676120372,4435,0.48008226888937,12.324791581433344,730837,12.64030146256963,9.13108069099055,2.536890238321145,2022-09-01,9,2022,21
QNQ,202210,3537,1421,3592,734,9284,0.3809780267126239,0.1530590262817751,0.3869021973287376,0.07906074967686343,4326,0.46596294700560104,12.324791581433344,730837,12.703242993991822,9.136047767394327,2.541857314724922,2022-10-01,10,2022,22
QNQ,202211,3986,1440,3798,852,10076,0.3955934894799524,0.14291385470424772,0.37693529178245333,0.08455736403334657,4650,0.4614926558157999,12.324791581433344,730837,13.786931969782591,9.2179116374725,2.6237211848030952,2022-11-01,11,2022,23
QNQ,202212,3842,1447,3705,763,9757,0.3937685764066824,0.14830378190017424,0.3797273752177924,0.07820026647535103,4468,0.4579276416931434,12.324791581433344,730837,13.35044613231131,9.18574025510795,2.5915498024385446,2022-12-01,12,2022,24
QNQ,202301,4155,1563,3897,826,10441,0.3979503878938799,0.14969830476008045,0.3732401111004693,0.07911119624557035,4723,0.4523513073460397,12.324791581433344,730837,14.286359338676066,9.25349564229011,2.6593051896207047,2023-01-01,1,2023,25
QNQ,202302,3906,1536,3720,765,9927,0.39347234814143245,0.15472952553641584,0.37473556965850713,0.0770625566636446,4485,0.4517981263221517,12.324791581433344,730837,13.583056139741146,9.203013596589722,2.6088231439203162,2023-02-01,2,2023,26
QNQ,202303,4374,1719,4196,897,11186,0.3910244949043447,0.15367423565170749,0.37511174682639015,0.08018952261755766,5093,0.4553012694439478,12.324791581433344,730837,15.305738488883295,9.322418275381533,2.7282278227121277,2023-03-01,3,2023,27
QNQ,202304,3798,1346,3651,791,9586,0.396202795743793,0.14041310244105987,0.38086793240141875,0.08251616941372836,4442,0.4633841018151471,12.324791581433344,730837,13.116467830720119,9.168058979719577,2.573868527050171,2023-04-01,4,2023,28
QNQ,202305,4206,1571,4194,901,10872,0.3868653421633554,0.14449963208241354,0.38576158940397354,0.08287343635025754,5095,0.46863502575423105,12.324791581433344,730837,14.87609412221877,9.29394595583098,2.699755503161574,2023-05-01,5,2023,29
QNQ,202306,4352,1682,4545,936,11515,0.3779418150238819,0.14607034303082936,0.39470256187581415,0.0812852800694746,5481,0.47598784194528876,12.324791581433344,730837,15.755907267968094,9.351405812254786,2.7572153595853797,2023-06-01,6,2023,30
QNQ,202307,3970,1394,4198,845,10407,0.381474007879312,0.13394830402613625,0.4033823388104161,0.08119534928413567,5043,0.48457768809455176,12.324791581433344,730837,14.2398373371901,9.25023393563786,2.656043482968454,2023-07-01,7,2023,31
QNQ,202308,3888,1731,3963,870,10452,0.3719862227324914,0.1656142365097589,0.37916188289322617,0.08323765786452354,4833,0.4623995407577497,12.324791581433344,730837,14.301410574450937,9.254548626640503,2.6603581739710975,2023-08-01,8,2023,32
QNQ,202309,3906,1656,3936,836,10334,0.37797561447648537,0.1602477259531643,0.3808786529901297,0.08089800658022063,4772,0.4617766595703503,12.324791581433344,730837,14.139951863411405,9.24319470884713,2.6490042561777245,2023-09-01,9,2023,33
QNQ,202310,3889,1560,3783,840,10072,0.386119936457506,0.15488482922954727,0.3755957108816521,0.08339952343129468,4623,0.4589952343129468,12.324791581433344,730837,13.781458793137185,9.217514575724183,2.6233241230547777,2023-10-01,10,2023,34
QNQ,202311,4132,1735,3859,843,10569,0.390954678777557,0.16415933390103132,0.36512442047497395,0.07976156684643769,4702,0.44488598732141166,12.324791581433344,730837,14.46150099132912,9.265680467009346,2.6714900143399416,2023-11-01,11,2023,35
QNQ,202312,3467,1669,3644,841,9621,0.360357551190105,0.17347469078058414,0.3787548071925995,0.08741295083671136,4485,0.4661677580293109,12.324791581433344,730837,13.16435812636744,9.171703488361265,2.577513035691859,2023-12-01,12,2023,36
QNQ,202401,4512,1896,4200,857,11465,0.3935455734845181,0.165372873964239,0.3663323157435674,0.07474923680767553,5057,0.44108155255124293,12.324791581433344,730837,15.687492559900498,9.347054195292005,2.752863742622599,2024-01-01,1,2024,37
QNQ,202402,3991,1724,3771,798,10284,0.38807856865033064,0.1676390509529366,0.36668611435239207,0.07759626604434072,4569,0.4442823803967328,12.324791581433344,730837,14.071537155343805,9.23834456838578,2.6441541157163746,2024-02-01,2,2024,38
QNQ,202403,4282,1811,3932,860,10885,0.39338539274230594,0.16637574644005512,0.36123105190629307,0.07900780891134589,4792,0.44023886081763897,12.324791581433344,730837,14.893881946316348,9.295140973668648,2.700950520999242,2024-03-01,3,2024,39
QNQ,202404,4458,1958,4105,904,11425,0.39019693654266957,0.17137855579868708,0.35929978118161926,0.07912472647702407,5009,0.4384245076586433,12.324791581433344,730837,15.632760793446419,9.343559215762406,2.749368763093,2024-04-01,4,2024,40
QNQ,202405,4216,1881,4230,908,11235,0.37525589675122384,0.16742323097463285,0.376502002670227,0.08081886960391634,5138,0.4573208722741433,12.324791581433344,730837,15.372784902789542,9.326789184619429,2.732598731950024,2024-05-01,5,2024,41
QNQ,202406,4016,1824,4036,791,10667,0.3764882347426643,0.17099465641698697,0.3783631761507453,0.07415393268960345,4827,0.45251710884034874,12.324791581433344,730837,14.595593819141614,9.274910142625483,2.680719689956077,2024-06-01,6,2024,42
QNQ,202407,3819,1820,4191,966,10796,0.3537421267135976,0.16858095590959615,0.38819933308632826,0.08947758429047796,5157,0.47767691737680623,12.324791581433344,730837,14.77210376595602,9.286930974137896,2.6927405214684894,2024-07-01,7,2024,43
QNQ,202408,3575,1710,3939,887,10111,0.3535753140144397,0.16912273761250124,0.38957570962318266,0.08772623874987637,4826,0.47730194837305906,12.324791581433344,730837,13.83482226542991,9.2213792190914,2.6271887664219933,2024-08-01,8,2024,44
QNQ,202409,3442,1662,3637,845,9586,0.3590653035677029,0.17337784268725223,0.37940746922595453,0.08814938451909034,4482,0.46755685374504485,12.324791581433344,730837,13.116467830720119,9.168058979719577,2.573868527050171,2024-09-01,9,2024,45
QNQ,202410,3576,1842,4021,864,10303,0.3470833737746287,0.17878287877317287,0.3902746772784626,0.08385907017373581,4885,0.4741337474521984,12.324791581433344,730837,14.097534744409492,9.240190393945069,2.6459999412756625,2024-10-01,10,2024,46
QNQ,202411,3646,1961,4050,837,10494,0.3474366304554984,0.18686868686868688,0.38593481989708406,0.0797598627787307,4887,0.46569468267581476,12.324791581433344,730837,14.358878929227721,9.258558944246657,2.6643684915772514,2024-11-01,11,2024,47
QNQ,202412,3334,1785,3763,800,9682,0.3443503408386697,0.1843627349721132,0.38865936789919436,0.08262755629002272,4563,0.4712869241892171,12.324791581433344,730837,13.24782407020991,9.178023770499639,2.583833317830234,2024-12-01,12,2024,48
QNQ,202501,4036,2179,4253,950,11418,0.3534769661937292,0.19083902609914172,0.37248204589245054,0.08320196181467858,5203,0.4556840077071291,12.324791581433344,730837,15.623182734316954,9.342946336524205,2.7487558838547987,2025-01-01,1,2025,49
QNQ,202502,3374,2006,3831,868,10079,0.33475543208651654,0.19902768131759102,0.3800972318682409,0.08611965472765155,4699,0.46621688659589244,12.324791581433344,730837,13.791036852266647,9.218209330354878,2.6240188776854723,2025-02-01,2,2025,50
QNQ,202503,3770,2126,4245,903,11044,0.3413618254255704,0.19250271640709887,0.3843716044911264,0.08176385367620427,5148,0.46613545816733065,12.324791581433344,730837,15.111440717971313,9.309642573050045,2.7154521203806397,2025-03-01,3,2025,51
QNQ,202504,3625,2033,4063,894,10615,0.341497880357984,0.1915214319359397,0.38276024493641075,0.08422044276966557,4957,0.4669806877060763,12.324791581433344,730837,14.524442522751311,9.270023374137356,2.675832921467951,2025-04-01,4,2025,52
QNQ,202505,3697,2112,4131,899,10839,0.3410831257496079,0.19485192360918904,0.3811237199003598,0.08294123074084325,5030,0.46406495064120307,12.324791581433344,730837,14.830940414894156,9.29090601981575,2.6967155671463443,2025-05-01,5,2025,53
QNQ,202506,3775,2137,4052,947,10911,0.3459811199706718,0.19585739162313262,0.37136834387315554,0.08679314453304005,4999,0.4581614884061956,12.324791581433344,730837,14.929457594511499,9.297526733655099,2.703336280985693,2025-06-01,6,2025,54
QNQ,202507,3926,2218,4266,1011,11421,0.3437527361877244,0.19420365992470012,0.3735224586288416,0.0885211452587339,5277,0.46204360388757554,12.324791581433344,730837,15.62728761680101,9.343209045050607,2.7490185923812014,2025-07-01,7,2025,55
QNQ,202508,3343,1775,3753,876,9747,0.34297732635682776,0.18210731507130398,0.3850415512465374,0.08987380732533087,4629,0.4749153585718683,12.324791581433344,730837,13.33676319069779,9.18471482433721,2.5905243716678044,2025-08-01,8,2025,56
QNQ,202509,3472,1935,3861,898,10166,0.3415305921699784,0.1903403501868975,0.3797953964194373,0.0883336612236868,4759,0.4681290576431241,12.324791581433344,730837,13.91007844430427,9.226804098006848,2.6326136453374422,2025-09-01,9,2025,57
QNQ,202510,3593,1955,3939,885,10372,0.34641342074816817,0.18848823756266872,0.3797724643270343,0.08532587736212881,4824,0.46509834168916314,12.324791581433344,730837,14.191947041542779,9.246865146658555,2.6526746939891495,2025-10-01,10,2025,58
QNQ,202511,3452,1861,3706,887,9906,0.348475671310317,0.18786593983444377,0.37411669695134264,0.08954169190389663,4593,0.46365838885523925,12.324791581433344,730837,13.554321962352754,9.200895913148184,2.606705460478777,2025-11-01,11,2025,59
QNQ,202512,3372,2012,3888,867,10139,0.33257717723641383,0.19844166091330506,0.38346977019429923,0.08551139165598186,4755,0.4689811618502811,12.324791581433344,730837,13.873134501947767,9.22414465295258,2.629954200283174,2025-12-01,12,2025,60
QNX,202101,9615,4031,8938,2328,24912,0.3859585741811175,0.16180956968529223,0.3587829158638407,0.09344894026974952,11266,0.45223185613359024,17.282889154965808,1659921,15.007943149101674,10.12310489407378,2.7085796042170935,2021-01-01,1,2021,1
QNX,202102,9297,3944,8567,2183,23991,0.387520320120045,0.1643949814513776,0.35709224292443,0.09099245550414739,10750,0.4480846984285774,17.282889154965808,1659921,14.453097466686668,10.085434038999999,2.6709087491433134,2021-02-01,2,2021,2
QNX,202103,10944,4703,9777,2611,28035,0.3903691813804173,0.1677545924736936,0.3487426431246656,0.09313358302122347,12388,0.44187622614588906,17.282889154965808,1659921,16.889357987518682,10.241209008557773,2.8266837187010867,2021-03-01,3,2021,3
QNX,202104,10285,4462,9454,2384,26585,0.38687229640774873,0.16783900695881135,0.35561406808350576,0.08967462854993417,11838,0.4452886966334399,17.282889154965808,1659921,16.015822439742614,10.188102425938439,2.773577136081753,2021-04-01,4,2021,4
QNX,202105,8880,3833,8630,2254,23597,0.3763190236046955,0.16243590286900877,0.36572445649870744,0.09552061702758825,10884,0.46124507352629573,17.282889154965808,1659921,14.2157367730151,10.068874864289374,2.654349574432688,2021-05-01,5,2021,5
QNX,202106,9376,4209,8857,2389,24831,0.377592525472192,0.16950585961097017,0.35669123273327696,0.09621038218356087,11246,0.45290161491683784,17.282889154965808,1659921,14.959145646087977,10.119848151553505,2.7053228616968195,2021-06-01,6,2021,6
QNX,202107,9173,3948,8926,2277,24324,0.37711725045222827,0.16230883078441047,0.36696267061338594,0.09361124814997533,11203,0.4605739187633613,17.282889154965808,1659921,14.653709423520757,10.09921879624,2.684693506383314,2021-07-01,7,2021,7
QNX,202108,8429,3466,8000,2137,22032,0.382579883805374,0.15731663035584603,0.36310820624546114,0.09699527959331881,10137,0.46010348583877997,17.282889154965808,1659921,13.272920819725758,10.000251220968437,2.58572593111175,2021-08-01,8,2021,8
QNX,202109,8881,3849,8670,2387,23787,0.3733551940135368,0.16181107327531846,0.36448480262328165,0.10034893008786312,11057,0.46483373271114475,17.282889154965808,1659921,14.330200051689205,10.076894491940509,2.6623692020838226,2021-09-01,9,2021,9
QNX,202110,8611,3594,7943,2318,22466,0.3832903053503071,0.15997507344431586,0.35355648535564854,0.10317813584972847,10261,0.456734621205377,17.282889154965808,1659921,13.534379045749768,10.019758334201514,2.605233044344829,2021-10-01,10,2021,10
QNX,202111,9286,4168,8645,2498,24597,0.37752571451803063,0.16945155913322762,0.3514656258893361,0.10155710045940562,11143,0.4530227263487417,17.282889154965808,1659921,14.818175081826183,10.110379763264287,2.6958544734076013,2021-11-01,11,2021,11
QNX,202112,8591,4021,8605,2310,23527,0.36515492838015895,0.17091001827687338,0.36574998937391084,0.09818506396905682,10915,0.46393505334296764,17.282889154965808,1659921,14.173566091398325,10.065903976780419,2.651378686923733,2021-12-01,12,2021,12
QNX,202201,9527,4328,8666,2437,24958,0.3817212917701739,0.1734113310361407,0.3472233352031413,0.09764404199054412,11103,0.4448673771936854,17.282889154965808,1659921,15.035655311306984,10.1249496910678,2.710424401211114,2022-01-01,1,2022,13
QNX,202202,8953,4044,8308,2321,23626,0.37894692288157117,0.17116735799542876,0.3516464911538136,0.0982392279691865,10629,0.44988571912300007,17.282889154965808,1659921,14.233207483970624,10.070103079508465,2.655577789651779,2022-02-01,2,2022,14
QNX,202203,10491,4726,9474,2588,27279,0.3845815462443638,0.1732468198980901,0.3473001209721764,0.0948715128853697,12062,0.4421716338575461,17.282889154965808,1659921,16.433914626057504,10.213872454394023,2.7993471645373367,2022-03-01,3,2022,15
QNX,202204,9084,4260,8541,2326,24211,0.3752013547561026,0.17595307917888564,0.35277353269175166,0.09607203337326009,10867,0.44884556606501175,17.282889154965808,1659921,14.585633894625106,10.094562354324832,2.6800370644681464,2022-04-01,4,2022,16
QNX,202205,9339,4284,8724,2370,24717,0.37783711615487314,0.17332200509770604,0.35295545575919407,0.09588542298822672,11094,0.4488408787474208,17.282889154965808,1659921,14.890467678883512,10.1152465449837,2.700721255127014,2022-05-01,5,2022,17
QNX,202206,8891,3962,8266,2300,23419,0.37964900294632564,0.16917887185618516,0.3529612707630556,0.09821085443443357,10566,0.4511721251974892,17.282889154965808,1659921,14.108502754046729,10.06130293769185,2.646777647835164,2022-06-01,6,2022,18
QNX,202207,8872,4131,8561,2345,23909,0.3710736542724497,0.17278012463925718,0.35806600025095153,0.09808022083734158,10906,0.4561462210882931,17.282889154965808,1659921,14.403697525364159,10.082010236072934,2.6674849462162475,2022-07-01,7,2022,19
QNX,202208,8489,3699,8414,2299,22901,0.3706825029474695,0.16152133094624688,0.3674075367887865,0.10038862931749705,10713,0.46779616610628355,17.282889154965808,1659921,13.79643971008259,10.038935856711177,2.624410566854491,2022-08-01,8,2022,20
QNX,202209,8382,3518,8028,2260,22188,0.37777176852352623,0.1585541734270777,0.3618171984856679,0.10185685956372814,10288,0.46367405804939604,17.282889154965808,1659921,13.366901195900287,10.007306881175126,2.592781591318439,2022-09-01,9,2022,21
QNX,202210,8465,4102,7917,2281,22765,0.37184274104985726,0.1801888864484955,0.34777070063694265,0.10019767186470459,10198,0.4479683725016473,17.282889154965808,1659921,13.71450810008428,10.032979547768882,2.6184542579121963,2022-10-01,10,2022,22
QNX,202211,9254,4210,8722,2296,24482,0.3779919941181276,0.17196307491218038,0.356261743321624,0.09378318764806796,11018,0.450044930969692,17.282889154965808,1659921,14.748894676312908,10.105693432635459,2.6911681427787717,2022-11-01,11,2022,23
QNX,202212,8413,3839,8040,2236,22528,0.3734463778409091,0.17041015625,0.35688920454545453,0.09925426136363637,10276,0.4561434659090909,17.282889154965808,1659921,13.571730220896056,10.022514258957768,2.607988969101083,2022-12-01,12,2022,24
QNX,202301,9618,4302,8531,2399,24850,0.38704225352112676,0.17311871227364184,0.3432997987927565,0.09653923541247485,10930,0.4398390342052314,17.282889154965808,1659921,14.970591973955386,10.120613031524774,2.706087741668089,2023-01-01,1,2023,25
QNX,202302,9167,3951,8323,2276,23717,0.38651600118058776,0.1665893662773538,0.3509297128641902,0.0959649196778682,10599,0.4468946325420584,17.282889154965808,1659921,14.288029370072431,10.073947369564895,2.6594220797082087,2023-02-01,2,2023,26
QNX,202303,10222,4480,9234,2579,26515,0.385517631529323,0.16896096549123138,0.3482557043183104,0.0972656986611352,11813,0.4455214029794456,17.282889154965808,1659921,15.973651758125838,10.18546588957123,2.770940599714544,2023-03-01,3,2023,27
QNX,202304,8862,3527,8221,2298,22908,0.38685175484546885,0.15396368081019732,0.35887026366334907,0.1003143006809848,10519,0.45918456434433386,17.282889154965808,1659921,13.800656778244266,10.039241473513748,2.624716183657062,2023-04-01,4,2023,28
QNX,202305,9886,3984,9244,2574,25688,0.38484895671130487,0.15509187169106198,0.35985674244783555,0.10020242914979757,11818,0.46005917159763315,17.282889154965808,1659921,15.475435276739073,10.153779235769349,2.739253945912664,2023-05-01,5,2023,29
QNX,202306,10158,4082,9755,2564,26559,0.3824692194736248,0.15369554576603034,0.36729545540118225,0.09653977935916262,12319,0.4638352347603449,17.282889154965808,1659921,16.000159043713527,10.187123952279158,2.7725986624224728,2023-06-01,6,2023,30
QNX,202307,8963,3645,8395,2394,23397,0.3830833012779416,0.15578920374406977,0.35880668461768606,0.1023208103603026,10789,0.4611274949779886,17.282889154965808,1659921,14.095249111252885,10.060363087998608,2.6458377981419217,2023-07-01,7,2023,31
QNX,202308,9225,4001,8335,2499,24060,0.38341645885286785,0.16629260182876143,0.34642560266001665,0.10386533665835411,10834,0.4502909393183707,17.282889154965808,1659921,14.494665709994633,10.08830598952867,2.673780699671984,2023-08-01,8,2023,32
QNX,202309,9084,4114,8450,2558,24206,0.375278856481864,0.169957861687185,0.34908700322234154,0.10567627860860944,11008,0.454763281830951,17.282889154965808,1659921,14.58262170308105,10.094355815298549,2.6798305254418633,2023-09-01,9,2023,33
QNX,202310,8977,4066,8137,2436,23616,0.38012364498644985,0.17217140921409213,0.344554539295393,0.10315040650406504,10573,0.447704945799458,17.282889154965808,1659921,14.227183100882511,10.0696797274002,2.655154437543513,2023-10-01,10,2023,34
QNX,202311,9333,4315,8520,2519,24687,0.3780532263944586,0.17478835014380037,0.345120913841293,0.10203750962044801,11039,0.447158423461741,17.282889154965808,1659921,14.87239452961918,10.114032068273822,2.6995067784171365,2023-11-01,11,2023,35
QNX,202312,8574,3995,7947,2398,22914,0.3741817229641267,0.17434756044339705,0.34681853888452474,0.10465217770795147,10345,0.45147071659247623,17.282889154965808,1659921,13.804271408097133,10.03950335645357,2.6249780665968854,2023-12-01,12,2023,36
QNX,202401,10335,4883,9104,2686,27008,0.38266439573459715,0.18079828199052134,0.33708530805687204,0.09945201421800948,11790,0.4365373222748815,17.282889154965808,1659921,16.2706538443697,10.203888397395684,2.7893631075389975,2024-01-01,1,2024,37
QNX,202402,9480,4391,8191,2518,24580,0.3856794141578519,0.17864117168429616,0.33323840520748577,0.10244100895036615,10709,0.4356794141578519,17.282889154965808,1659921,14.807933630576395,10.109688383120027,2.6951630932633397,2024-02-01,2,2024,38
QNX,202403,9640,4470,8720,2604,25434,0.3790202091688291,0.17574899740504837,0.342848156011638,0.10238263741448454,11324,0.44523079342612254,17.282889154965808,1659921,15.322415946301058,10.143842140580691,2.729316850724006,2024-03-01,3,2024,39
QNX,202404,10056,4769,9183,2492,26500,0.3794716981132075,0.1799622641509434,0.34652830188679246,0.0940377358490566,11675,0.44056603773584907,17.282889154965808,1659921,15.964615183493674,10.184900011974314,2.770374722117628,2024-04-01,4,2024,40
QNX,202405,9626,4767,8971,2541,25905,0.3715884964292608,0.18401852924145917,0.3463038023547578,0.0980891719745223,11512,0.44439297432928004,17.282889154965808,1659921,15.60616438975108,10.162191279248889,2.747665989392203,2024-05-01,5,2024,41
QNX,202406,9060,4295,8424,2563,24342,0.37219620409169335,0.17644400624435133,0.34606852353956125,0.10529126612439405,10987,0.4513597896639553,17.282889154965808,1659921,14.664553313079358,10.099958532434503,2.6854332425778162,2024-06-01,6,2024,42
QNX,202407,8933,4438,8679,2622,24672,0.36207036316472113,0.17988002594033722,0.3517752918287938,0.10627431906614786,11301,0.4580496108949416,17.282889154965808,1659921,14.863357954987015,10.113424276363055,2.69889898650637,2024-07-01,7,2024,43
QNX,202408,8540,4335,8461,2563,23899,0.3573371270764467,0.18138834260847733,0.35403154943721493,0.107242980877861,11024,0.4612745303150759,17.282889154965808,1659921,14.397673142276048,10.08159189604006,2.6670666061833725,2024-08-01,8,2024,44
QNX,202409,8093,4219,8341,2488,23141,0.34972559526381747,0.18231709952033187,0.36044250464543454,0.10751480057041614,10829,0.46795730521585066,17.282889154965808,1659921,13.941024904197247,10.049361215025671,2.6348359251689857,2024-09-01,9,2024,45
QNX,202410,8329,4533,8540,2534,23936,0.3479695855614973,0.18938001336898397,0.3567847593582888,0.10586564171122995,11074,0.4626504010695187,17.282889154965808,1659921,14.419963359702058,10.083138880774204,2.6686135909175177,2024-10-01,10,2024,46
QNX,202411,8572,4707,8634,2533,24446,0.3506504131555265,0.19254683792849545,0.353186615397202,0.10361613351877608,11167,0.45680274891597805,17.282889154965808,1659921,14.72720689719571,10.104221882337209,2.689696592480522,2024-11-01,11,2024,47
QNX,202412,8074,4381,8149,2410,23014,0.35082992960806464,0.19036238811158426,0.3540888155036065,0.10471886677674459,10559,0.45880768228035107,17.282889154965808,1659921,13.86451523897824,10.043858005383404,2.629332715526718,2024-12-01,12,2024,48
QNX,202501,9113,5029,9219,2481,25842,0.3526429842891417,0.19460568067487036,0.3567448339911772,0.09600650104481077,11700,0.4527513350359879,17.282889154965808,1659921,15.56821077629598,10.159756354282166,2.7452310644254796,2025-01-01,1,2025,49
QNX,202502,8129,4758,8304,2314,23505,0.345841310359498,0.20242501595405232,0.35328653477983407,0.09844713890661562,10618,0.4517336736864497,17.282889154965808,1659921,14.160312448604481,10.06496844345823,2.650443153601545,2025-02-01,2,2025,50
QNX,202503,8688,5243,8961,2506,25398,0.34207417906921805,0.20643357744704308,0.3528230569336168,0.09866918655012205,11467,0.4514922434837389,17.282889154965808,1659921,15.30072816718386,10.142425709748979,2.727900419892293,2025-03-01,3,2025,51
QNX,202504,8298,4842,8309,2336,23785,0.3488753416018499,0.20357368089131805,0.3493378179524911,0.09821315955434097,10645,0.44755097750683204,17.282889154965808,1659921,14.328995175071585,10.076810408866383,2.662285119009696,2025-04-01,4,2025,52
QNX,202505,8536,5219,8753,2623,25131,0.33966018065337633,0.20767179976920935,0.3482949345429947,0.10437308503441964,11376,0.45266801957741437,17.282889154965808,1659921,15.1398771387313,10.13185742282192,2.7173321329652333,2025-05-01,5,2025,53
QNX,202506,8665,4924,8427,2412,24428,0.35471589978712953,0.20157196659570983,0.3449729818241362,0.0987391517930244,10839,0.4437121336171606,17.282889154965808,1659921,14.716363007637112,10.103485294343026,2.6889600044863395,2025-06-01,6,2025,54
QNX,202507,8639,5203,9071,2650,25563,0.3379493799632281,0.20353636114697024,0.3548488049133513,0.10366545397645034,11721,0.4585142588898017,17.282889154965808,1659921,15.400130488137687,10.148901272496065,2.7343759826393796,2025-07-01,7,2025,55
QNX,202508,7802,4436,7959,2273,22470,0.34721851357365374,0.19741878059635068,0.3542056074766355,0.10115709835336004,10232,0.45536270582999555,17.282889154965808,1659921,13.536788798985011,10.019936365179374,2.6054110753226887,2025-08-01,8,2025,56
QNX,202509,7995,4777,8216,2472,23460,0.3407928388746803,0.2036231884057971,0.3502131287297528,0.10537084398976983,10688,0.4555839727195226,17.282889154965808,1659921,14.133202724707983,10.063052122207466,2.6485268323507807,2025-09-01,9,2025,57
QNX,202510,8241,4816,8609,2462,24128,0.3415533819628647,0.19960212201591512,0.3568053713527852,0.10203912466843501,11071,0.4588444960212202,17.282889154965808,1659921,14.535631514993785,10.091128270807683,2.676602980950997,2025-10-01,10,2025,58
QNX,202511,8139,4600,7983,2363,23085,0.35256660168940873,0.19926359107645658,0.34580896686159845,0.10236084037253627,10346,0.44816980723413474,17.282889154965808,1659921,13.907288358903827,10.046938334941089,2.6324130450844034,2025-11-01,11,2025,59
QNX,202512,8227,4866,8662,2543,24298,0.33858753806897685,0.20026339616429337,0.356490246110791,0.10465881965593876,11205,0.46114906576672976,17.282889154965808,1659921,14.63804602749167,10.098149321414688,2.6836240315580016,2025-12-01,12,2025,60
QOC,202101,2491,980,2942,512,6925,0.3597111913357401,0.14151624548736463,0.4248375451263538,0.07393501805054152,3454,0.49877256317689533,19.936624796169227,483244,14.330234829609887,8.842893331055539,2.662371628977959,2021-01-01,1,2021,1
QOC,202102,2328,958,2734,494,6514,0.35738409579367514,0.14706785385323917,0.4197113908504759,0.07583665950260976,3228,0.49554805035308563,19.936624796169227,483244,13.479732805787553,8.781708985836179,2.6011872837585988,2021-02-01,2,2021,2
QOC,202103,2788,1117,3105,544,7554,0.36907598623245963,0.1478686788456447,0.41104050833995237,0.07201482658194334,3649,0.4830553349218957,19.936624796169227,483244,15.631854715216331,8.929832503272403,2.749310801194822,2021-03-01,3,2021,3
QOC,202104,2723,1137,3057,504,7421,0.3669316803665274,0.15321385258051476,0.41193909176660826,0.06791537528634956,3561,0.4798544670529578,19.936624796169227,483244,15.356631432568227,8.912069097970134,2.7315473958925534,2021-04-01,4,2021,4
QOC,202105,2421,923,2751,517,6612,0.3661524500907441,0.1395946763460375,0.4160617059891107,0.07819116757410768,3268,0.4942528735632184,19.936624796169227,483244,13.682528908791419,8.796641458940915,2.6161197568633345,2021-05-01,5,2021,5
QOC,202106,2475,1035,2868,556,6934,0.3569368329968272,0.1492644937986732,0.41361407556965674,0.0801845976348428,3424,0.49379867320449955,19.936624796169227,483244,14.348858961518406,8.844192126244968,2.6636704241673885,2021-06-01,6,2021,6
QOC,202107,2435,911,2957,542,6845,0.3557341124908692,0.13308984660336012,0.43199415631848065,0.07918188458728999,3499,0.5111760409057706,19.936624796169227,483244,14.164686990423057,8.83127373772255,2.650752035644969,2021-07-01,7,2021,7
QOC,202108,2267,886,2614,467,6234,0.36365094642284246,0.1421238370227783,0.4193134424125762,0.07491177414180301,3081,0.49422521655437923,19.936624796169227,483244,12.90031536863365,8.737773460327283,2.557251758249702,2021-08-01,8,2021,8
QOC,202109,2333,966,2772,564,6635,0.3516201959306707,0.14559155990957046,0.4177844762622457,0.08500376789751318,3336,0.5027882441597589,19.936624796169227,483244,13.73012391255763,8.800113946766308,2.6195922446887274,2021-09-01,9,2021,9
QOC,202110,2374,945,2692,502,6513,0.3645017656993705,0.14509442653155227,0.4133271917703055,0.07707661599877169,3194,0.4904038077690772,19.936624796169227,483244,13.477663457797718,8.781555458546402,2.6010337564688215,2021-10-01,10,2021,10
QOC,202111,2480,868,2833,574,6755,0.3671354552183568,0.12849740932642487,0.4193930421909697,0.0849740932642487,3407,0.5043671354552184,19.936624796169227,483244,13.978445671337875,8.818038250394299,2.637516548316719,2021-11-01,11,2021,11
QOC,202112,2374,973,2936,517,6800,0.34911764705882353,0.14308823529411765,0.43176470588235294,0.07602941176470589,3453,0.5077941176470588,19.936624796169227,483244,14.071566330880467,8.824677891164198,2.6441561890866176,2021-12-01,12,2021,12
QOC,202201,2562,1095,2816,542,7015,0.3652173913043478,0.15609408410548825,0.4014255167498218,0.07726300784034212,3358,0.4786885245901639,19.936624796169227,483244,14.51647614869507,8.855805992536562,2.6752842904589813,2022-01-01,1,2022,13
QOC,202202,2381,1015,2825,486,6707,0.35500223646936035,0.15133442671835395,0.42120172953630536,0.07246160727598032,3311,0.4936633368122857,19.936624796169227,483244,13.879116967825778,8.810907036099737,2.630385334022157,2022-02-01,2,2022,14
QOC,202203,2861,1208,3165,583,7817,0.36599718562108224,0.15453498784700012,0.40488678521171806,0.07458104132019956,3748,0.4794678265319176,19.936624796169227,483244,16.176093236543032,8.96405612822033,2.7835344261427504,2022-03-01,3,2022,15
QOC,202204,2406,1016,2841,522,6785,0.3546057479734709,0.14974207811348564,0.4187177597641857,0.07693441414885778,3363,0.4956521739130435,19.936624796169227,483244,14.040526111032936,8.82246957226897,2.641947870191389,2022-04-01,4,2022,16
QOC,202205,2577,1097,2913,504,7091,0.3634184177125934,0.1547031448314765,0.4108024256099281,0.07107601184600197,3417,0.48187843745593006,19.936624796169227,483244,14.673746595922557,8.866581653303996,2.6860599512264165,2022-05-01,5,2022,17
QOC,202206,2400,995,2814,495,6704,0.35799522673031026,0.14841885441527447,0.4197494033412888,0.07383651551312649,3309,0.4935859188544153,19.936624796169227,483244,13.87290892385627,8.810459642161918,2.629937940084339,2022-06-01,6,2022,18
QOC,202207,2432,984,2831,528,6775,0.3589667896678967,0.145239852398524,0.417859778597786,0.07793357933579335,3359,0.4957933579335793,19.936624796169227,483244,14.019832631134582,8.820994645747902,2.6404729436703214,2022-07-01,7,2022,19
QOC,202208,2465,980,2961,542,6948,0.3547783534830167,0.14104778353483016,0.4261658031088083,0.07800805987334485,3503,0.5041738629821532,19.936624796169227,483244,14.3778298333761,8.846209127360996,2.6656874252834153,2022-08-01,8,2022,20
QOC,202209,2224,819,2653,490,6186,0.35952150016165535,0.13239573229873908,0.42887164565147107,0.07921112188813449,3143,0.5080827675396056,19.936624796169227,483244,12.800986665121554,8.730043953245016,2.549522251167435,2022-09-01,9,2022,21
QOC,202210,2361,1011,2768,516,6656,0.3547175480769231,0.15189302884615385,0.41586538461538464,0.07752403846153846,3284,0.4933894230769231,19.936624796169227,483244,13.773580220344174,8.803273982501045,2.622752280423464,2022-10-01,10,2022,22
QOC,202211,2374,1026,2793,521,6714,0.3535895144474233,0.15281501340482573,0.4159964253798034,0.07759904676794757,3314,0.49359547214775096,19.936624796169227,483244,13.893602403754626,8.81195017753998,2.6314284754624,2022-11-01,11,2022,23
QOC,202212,2324,960,2780,517,6581,0.35313782099984803,0.1458744871600061,0.42242820240085094,0.07855948943929494,3297,0.5009876918401459,19.936624796169227,483244,13.618379121106523,8.791941988456118,2.611420286378539,2022-12-01,12,2022,24
QOC,202301,2583,1064,2947,552,7146,0.3614609571788413,0.14889448642597258,0.41239854464035824,0.07724601175482787,3499,0.4896445563951861,19.936624796169227,483244,14.7875607353635,8.874308038583354,2.6937863365057746,2023-01-01,1,2023,25
QOC,202302,2481,1037,2805,564,6887,0.36024393785392766,0.15057354435893713,0.40728909539712504,0.08189342239001017,3369,0.4891825177871352,19.936624796169227,483244,14.251599605996143,8.837390855544697,2.656869153467118,2023-02-01,2,2023,26
QOC,202303,2819,1052,3009,577,7457,0.3780340619552099,0.14107549953064236,0.4035134772696795,0.07737696124446829,3586,0.48089043851414776,19.936624796169227,483244,15.431127960202298,8.916908467543795,2.7363867654662144,2023-03-01,3,2023,27
QOC,202304,2365,795,2776,555,6491,0.36435063934678785,0.12247727622862425,0.4276690802649823,0.08550300415960561,3331,0.5131720844245878,19.936624796169227,483244,13.43213780202134,8.778171881033469,2.597650178955888,2023-04-01,4,2023,28
QOC,202305,2632,854,3051,575,7112,0.3700787401574803,0.12007874015748031,0.42899325084364454,0.08084926884139483,3626,0.5098425196850394,19.936624796169227,483244,14.717202903709099,8.86953877719374,2.68901707511616,2023-05-01,5,2023,29
QOC,202306,2864,935,3205,602,7606,0.376544833026558,0.12292926636865632,0.42137785958453855,0.07914804102024717,3807,0.5005259006047857,19.936624796169227,483244,15.739460810687767,8.936692688488204,2.7561709864106247,2023-06-01,6,2023,30
QOC,202307,2469,852,2879,585,6785,0.3638909358879882,0.12557111274871038,0.4243183492999263,0.08621960206337509,3464,0.5105379513633014,19.936624796169227,483244,14.040526111032936,8.82246957226897,2.641947870191389,2023-07-01,7,2023,31
QOC,202308,2438,968,2771,572,6749,0.36123870202993036,0.1434286560971996,0.4105793450881612,0.08475329678470885,3343,0.49533264187287007,19.936624796169227,483244,13.966029583398864,8.817149624743406,2.6366279226658262,2023-08-01,8,2023,32
QOC,202309,2523,1030,2743,615,6911,0.3650701779771379,0.1490377658804804,0.3969034871943279,0.08898856894805383,3358,0.48589205614238173,19.936624796169227,483244,14.301263957752191,8.840869624091395,2.660347922013814,2023-09-01,9,2023,33
QOC,202310,2413,934,2749,584,6680,0.36122754491017967,0.13982035928143713,0.41152694610778445,0.08742514970059881,3333,0.49895209580838323,19.936624796169227,483244,13.823244572100224,8.806873266530692,2.6263515644531115,2023-10-01,10,2023,34
QOC,202311,2619,1085,2830,624,7158,0.36588432523051134,0.1515786532550992,0.39536183291422183,0.08717518860016764,3454,0.4825370215143895,19.936624796169227,483244,14.812392911241526,8.875985891325971,2.695464189248391,2023-11-01,11,2023,35
QOC,202312,2360,1060,2683,545,6648,0.35499398315282793,0.15944645006016847,0.4035800240673887,0.08197954271961493,3228,0.4855595667870036,19.936624796169227,483244,13.75702543642549,8.802071336535285,2.6215496344577036,2023-12-01,12,2023,36
QOC,202401,2883,1260,2856,609,7608,0.3789432176656151,0.16561514195583596,0.3753943217665615,0.08004731861198738,3465,0.4554416403785489,19.936624796169227,483244,15.743599506667438,8.936955604225226,2.756433902147646,2024-01-01,1,2024,37
QOC,202402,2637,1146,2754,578,7115,0.37062543921293045,0.16106816584680253,0.38706957132817993,0.08123682361208714,3332,0.46830639494026705,19.936624796169227,483244,14.723410947678605,8.869960510523953,2.6894388084463725,2024-02-01,2,2024,38
QOC,202403,2633,1092,2808,600,7133,0.36912939857002663,0.15309126594700687,0.3936632552923034,0.08411608019066312,3408,0.47777933548296647,19.936624796169227,483244,14.760659211495643,8.872487182278038,2.691965480200458,2024-03-01,3,2024,39
QOC,202404,2907,1188,2933,630,7658,0.37960302951162184,0.15513188822146776,0.3829981718464351,0.08226691042047532,3563,0.46526508226691043,19.936624796169227,483244,15.847066906159206,8.943506132037239,2.7629844299596593,2024-04-01,4,2024,40
QOC,202405,2776,1163,2853,582,7374,0.376457824789802,0.15771630051532412,0.38689991863303497,0.07892595606183889,3435,0.46582587469487385,19.936624796169227,483244,15.259372077045963,8.90571557879409,2.7251938767165096,2024-05-01,5,2024,41
QOC,202406,2515,1065,2704,563,6847,0.367314152183438,0.15554257338980576,0.39491748210895283,0.08222579231780341,3267,0.47714327442675625,19.936624796169227,483244,14.168825686402727,8.831565879121063,2.6510441770434827,2024-06-01,6,2024,42
QOC,202407,2641,1026,2931,589,7187,0.3674690413246139,0.1427577570613608,0.407819674412133,0.0819535272018923,3520,0.4897732016140253,19.936624796169227,483244,14.872404002946752,8.880029117468442,2.6995074153908623,2024-07-01,7,2024,43
QOC,202408,2463,1080,2911,547,7001,0.3518068847307527,0.15426367661762605,0.41579774317954576,0.07813169547207542,3458,0.4939294386516212,19.936624796169227,483244,14.487505276837373,8.853808274977197,2.673286572899617,2024-08-01,8,2024,44
QOC,202409,2333,956,2658,576,6523,0.35765751954622105,0.14655833205580254,0.4074812202974092,0.08830292810056722,3234,0.4957841483979764,19.936624796169227,483244,13.498356937696071,8.783089671796096,2.602567969718516,2024-09-01,9,2024,45
QOC,202410,2471,1100,2843,617,7031,0.35144360688380033,0.15645000711136395,0.40435215474327973,0.08775423126155597,3460,0.49210638600483575,19.936624796169227,483244,14.549585716532434,8.858084222199162,2.677562520121581,2024-10-01,10,2024,46
QOC,202411,2323,1110,2949,583,6965,0.33352476669059583,0.15936826992103373,0.423402727925341,0.08370423546302944,3532,0.5071069633883705,19.936624796169227,483244,14.413008749203302,8.848652886213905,2.668131184136326,2024-11-01,11,2024,47
QOC,202412,2311,1116,2751,548,6726,0.34359203092476953,0.16592328278322926,0.4090098126672614,0.08147487362473982,3299,0.4904846862920012,19.936624796169227,483244,13.918434579632649,8.813735892300215,2.6332141902226347,2024-12-01,12,2024,48
QOC,202501,2604,1242,3084,608,7538,0.345449721411515,0.16476518970549217,0.40912708941363757,0.08065799946935527,3692,0.4897850888829928,19.936624796169227,483244,15.598745147378963,8.92771217382708,2.7471904717495006,2025-01-01,1,2025,49
QOC,202502,2301,1105,2830,548,6784,0.3391804245283019,0.16288325471698112,0.41715801886792453,0.08077830188679246,3378,0.497936320754717,19.936624796169227,483244,14.0384567630431,8.822322177471738,2.6418004753941586,2025-02-01,2,2025,50
QOC,202503,2393,1253,2984,571,7201,0.33231495625607554,0.17400361060963754,0.41438689070962365,0.07929454242466324,3555,0.4936814331342869,19.936624796169227,483244,14.901374874804446,8.881975184248867,2.7014534821712863,2025-03-01,3,2025,51
QOC,202504,2271,1186,2951,607,7015,0.32373485388453316,0.1690662865288667,0.42066999287241624,0.08652886671418389,3558,0.5071988595866002,19.936624796169227,483244,14.51647614869507,8.855805992536562,2.6752842904589813,2025-04-01,4,2025,52
QOC,202505,2432,1251,2961,617,7261,0.33494009089657073,0.17229031813799753,0.4077950695496488,0.08497452141578295,3578,0.49276959096543177,19.936624796169227,483244,15.02553575419457,8.890272839380247,2.7097511373026664,2025-05-01,5,2025,53
QOC,202506,2405,1232,2894,590,7121,0.3377334644010673,0.17300940879090015,0.40640359500070217,0.08285353180733043,3484,0.48925712680803257,19.936624796169227,483244,14.735827035617618,8.870803443982124,2.6902817419045446,2025-06-01,6,2025,54
QOC,202507,2456,1259,3140,668,7523,0.32646550578226774,0.16735344942177321,0.4173866808454074,0.08879436395055164,3808,0.506181044795959,19.936624796169227,483244,15.567704927531434,8.925720273560222,2.7451985714826415,2025-07-01,7,2025,55
QOC,202508,2245,1180,2774,627,6826,0.32888953999414006,0.17286844418400235,0.4063873425139174,0.09185467330794023,3401,0.4982420158218576,19.936624796169227,483244,14.125369378616186,8.828494129466652,2.6479724273890723,2025-08-01,8,2025,56
QOC,202509,2260,1099,2698,610,6667,0.3389830508474576,0.1648417579121044,0.4046797660116994,0.09149542522873856,3308,0.49617519124043796,19.936624796169227,483244,13.796343048232364,8.80492526261806,2.62440356054048,2025-09-01,9,2025,57
QOC,202510,2429,1148,3023,670,7270,0.33411279229711144,0.1579092159559835,0.415818431911967,0.0921595598349381,3693,0.507977991746905,19.936624796169227,483244,15.044159886103087,8.891511570527564,2.710989868449985,2025-10-01,10,2025,58
QOC,202511,2301,1144,2843,611,6899,0.3335265980576895,0.16582113349760835,0.4120887085084795,0.08856355993622264,3454,0.5006522684447021,19.936624796169227,483244,14.276431781874168,8.839131752546109,2.6586100504685284,2025-11-01,11,2025,59
QOC,202512,2322,1142,2959,666,7089,0.3275497249259416,0.16109465368881365,0.4174072506700522,0.09394837071519255,3625,0.5113556213852447,19.936624796169227,483244,14.669607899942886,8.866299565855018,2.6857778637774374,2025-12-01,12,2025,60
QOP,202101,25267,9884,15816,3645,54612,0.4626638833955907,0.18098586391269317,0.2896066798505823,0.06674357284113382,19461,0.3563502526917161,30.015727922994607,2752015,19.844368580839856,10.908008917804642,2.987920268184867,2021-01-01,1,2021,1
QOP,202102,24962,9823,15163,3531,53479,0.4667626544998972,0.1836795751603433,0.2835318536247873,0.06602591671497224,18694,0.34955777033975954,30.015727922994607,2752015,19.432670243439805,10.887044332462152,2.9669556828423755,2021-02-01,2,2021,2
QOP,202103,28530,11309,17234,3943,61016,0.46758227350203224,0.1853448275862069,0.28245050478563,0.06462239412613086,21177,0.34707289891176085,30.015727922994607,2752015,22.17139078093688,11.018891403844075,3.0988027542242995,2021-03-01,3,2021,3
QOP,202104,27815,11026,16896,3737,59474,0.46768335743350037,0.1853919359720214,0.2840905269529542,0.06283417964152403,20633,0.34692470659447827,30.015727922994607,2752015,21.611074067546873,10.9932945212425,3.0732058716227244,2021-04-01,4,2021,4
QOP,202105,22978,9400,14618,3353,50349,0.4563745059484796,0.1866968559455004,0.2903334723629069,0.06659516574311307,17971,0.35692863810602,30.015727922994607,2752015,18.29532179148733,10.826734036976289,2.9066453873565137,2021-05-01,5,2021,5
QOP,202106,25372,10392,15939,3881,55584,0.4564622913068509,0.18696027633851467,0.2867551813471503,0.06982225100748417,19820,0.3565774323546344,30.015727922994607,2752015,20.19756433013628,10.92565066904083,3.005562019421056,2021-06-01,6,2021,6
QOP,202107,24170,9762,15561,3466,52959,0.456390792877509,0.1843312751373704,0.29383107687078686,0.06544685511433374,19027,0.3592779319851206,30.015727922994607,2752015,19.24371778496847,10.877273308257394,2.9571846586376176,2021-07-01,7,2021,7
QOP,202108,22106,8730,14678,3443,48957,0.4515391057458586,0.17831974998468042,0.2998141225973814,0.07032702167207958,18121,0.37014114426946093,30.015727922994607,2752015,17.789510594964057,10.798697640799045,2.878608991179269,2021-08-01,8,2021,8
QOP,202109,23894,9699,15641,3839,53073,0.450210087992011,0.18274829009100674,0.29470728995911294,0.07233433195786935,19480,0.36704162191698225,30.015727922994607,2752015,19.285141977787188,10.879423603336724,2.959334953716948,2021-09-01,9,2021,9
QOP,202110,22836,9077,14536,3464,49913,0.45751607797567767,0.18185643018852804,0.2912267345180614,0.06940075731773286,18000,0.3606274918357943,30.015727922994607,2752015,18.136892422461358,10.81803676885198,2.897948119232205,2021-10-01,10,2021,10
QOP,202111,24363,9990,15693,3825,53871,0.452247034582614,0.18544300272874087,0.29130701119340646,0.07100295149523862,19518,0.36230996268864507,30.015727922994607,2752015,19.5751113275182,10.894347578710008,2.974258929090232,2021-11-01,11,2021,11
QOP,202112,23310,9705,15020,3556,51591,0.45182299238239226,0.18811420596615688,0.2911360508615844,0.06892675078986644,18576,0.3600628016514508,30.015727922994607,2752015,18.74662747114387,10.85110251765231,2.931013868032534,2021-12-01,12,2021,12
QOP,202201,24931,10467,15458,3672,54528,0.4572146420187793,0.19195642605633803,0.283487382629108,0.06734154929577464,19130,0.3508289319248826,30.015727922994607,2752015,19.81384549139449,10.906469610188987,2.986380960569212,2022-01-01,1,2022,13
QOP,202202,24125,9766,14750,3476,52117,0.4629007809352035,0.1873860736419978,0.283017057773855,0.06669608764894372,18226,0.3497131454227987,30.015727922994607,2752015,18.93776015028988,10.861246470104044,2.9411578204842685,2022-02-01,2,2022,14
QOP,202203,28554,11812,17201,4111,61678,0.462952754628879,0.1915107493757904,0.27888388080028537,0.06665261519504523,21312,0.3455364959953306,30.015727922994607,2752015,22.411941795375387,11.029682582289965,3.10959393267019,2022-03-01,3,2022,15
QOP,202204,24064,10143,14776,3761,52744,0.4562414682238738,0.19230623388442286,0.28014560897922036,0.07130668891248293,18537,0.35145229789170335,30.015727922994607,2752015,19.165593210792817,10.873205300793135,2.95311665117336,2022-04-01,4,2022,16
QOP,202205,25345,10825,15921,3914,56005,0.4525488795643246,0.1932863137219891,0.28427818944737077,0.06988661726631551,19835,0.3541648067136863,30.015727922994607,2752015,20.350543147475577,10.93319625144584,3.0131076018260647,2022-05-01,5,2022,17
QOP,202206,25387,10566,15739,3719,55411,0.4581581274476187,0.19068416018480086,0.2840410748768295,0.06711663749075093,19458,0.3511577123675804,30.015727922994607,2752015,20.134701300683318,10.922533408982428,3.0024447593626538,2022-06-01,6,2022,18
QOP,202207,24107,10080,15283,3593,53063,0.45430902889018715,0.18996287431920547,0.28801613176789853,0.06771196502270886,18876,0.3557280967906074,30.015727922994607,2752015,19.281508276662738,10.87923516585972,2.9591465162399455,2022-07-01,7,2022,19
QOP,202208,23918,9703,15251,3853,52725,0.45363679468942625,0.18403034613560929,0.2892555713608345,0.07307728781412992,19104,0.36233285917496444,30.015727922994607,2752015,19.158689178656367,10.872845005346976,2.9527563557272,2022-08-01,8,2022,20
QOP,202209,23063,8942,14718,3570,50293,0.4585727636052731,0.17779810311574176,0.2926450997156662,0.07098403356331895,18288,0.36362913327898516,30.015727922994607,2752015,18.274973065190416,10.825621181393542,2.9055325317737664,2022-09-01,9,2022,21
QOP,202210,23236,9609,14839,3627,51311,0.4528463682251369,0.18726978620568688,0.2891972481534174,0.0706865974157588,18466,0.3598838455691762,30.015727922994607,2752015,18.644883839659304,10.845660433124383,2.9255717835046084,2022-10-01,10,2022,22
QOP,202211,24981,10261,15323,3658,54223,0.46070855541006583,0.18923703963262822,0.28259225789794,0.06746214705936596,18981,0.35005440495730594,30.015727922994607,2752015,19.703017607098797,10.900860451658483,2.980771802038707,2022-11-01,11,2022,23
QOP,202212,23988,9904,14707,3706,52305,0.45861772297103526,0.18935092247395086,0.2811777076761304,0.07085364687888347,18413,0.3520313545550139,30.015727922994607,2752015,19.006073731429517,10.864847247777861,2.944758598158086,2022-12-01,12,2022,24
QOP,202301,26545,10720,15785,3842,56892,0.46658581171342195,0.18842719538775224,0.2774555297757154,0.06753146312311045,19627,0.34498699289882584,30.015727922994607,2752015,20.672852437214186,10.948910012690119,3.0288213630703433,2023-01-01,1,2023,25
QOP,202302,24770,10533,14788,3556,53647,0.46172199750219023,0.19633903107349898,0.2756538110239156,0.06628516040039517,18344,0.3419389714243108,30.015727922994607,2752015,19.493716422330547,10.890180828508424,2.970092178888648,2023-02-01,2,2023,26
QOP,202303,28752,11699,17011,4152,61614,0.46664719057357096,0.18987567760573895,0.27608984970948164,0.0673872821112085,21163,0.3434771318206901,30.015727922994607,2752015,22.388686108178916,11.02864439642635,3.1085557468065748,2023-03-01,3,2023,27
QOP,202304,24498,8919,14695,3648,51760,0.4732998454404946,0.1723145285935085,0.2839064914992272,0.0704791344667697,18343,0.35438562596599693,30.015727922994607,2752015,18.808037020147058,10.854372929174783,2.934284279555007,2023-04-01,4,2023,28
QOP,202305,27339,9937,16569,4001,57846,0.472616948449331,0.17178370155239775,0.2864329426408049,0.06916640735746638,20570,0.35559934999827125,30.015727922994607,2752015,21.019507524486603,10.965539585892435,3.04545093627266,2023-05-01,5,2023,29
QOP,202306,27681,10384,17499,4145,59709,0.4635984524945988,0.17391013080105178,0.2930713962719188,0.06942002043243062,21644,0.3624914167043494,30.015727922994607,2752015,21.69646604397142,10.99723804178733,3.0771493921675552,2023-06-01,6,2023,30
QOP,202307,24945,9372,15854,3869,54040,0.4616025166543301,0.17342709104367135,0.29337527757216875,0.07159511472982975,19723,0.3649703923019985,30.015727922994607,2752015,19.636520876521384,10.897479792074135,2.9773911424543598,2023-07-01,7,2023,31
QOP,202308,25472,10241,15724,3783,55220,0.46128214415067004,0.1854581673306773,0.2847519014849692,0.06850778703368345,19507,0.35325968851865264,30.015727922994607,2752015,20.065297609206343,10.919080485484145,2.99899183586437,2023-08-01,8,2023,32
QOP,202309,25207,10211,15624,3908,54950,0.45872611464968155,0.18582347588717016,0.2843312101910828,0.07111919927206552,19532,0.3554504094631483,30.015727922994607,2752015,19.967187678846226,10.914178959831768,2.994090310211992,2023-09-01,9,2023,33
QOP,202310,25182,10232,15538,3955,54907,0.4586300471706704,0.18635146702606226,0.2829875972098275,0.07203088859343981,19493,0.35501848580326734,30.015727922994607,2752015,19.951562764011097,10.913396123923341,2.993307474303566,2023-10-01,10,2023,34
QOP,202311,25583,10935,15995,4006,56519,0.45264424352872484,0.1934747606999416,0.283002176259311,0.0708788195120225,20001,0.35388099577133353,30.015727922994607,2752015,20.537315385272244,10.942332143789855,3.0222434941700804,2023-11-01,11,2023,35
QOP,202312,22901,10150,14969,3775,51795,0.4421469253788976,0.19596486147311518,0.2890047301863114,0.07288348296167584,18744,0.36188821314798725,30.015727922994607,2752015,18.820754974082625,10.855048898492202,2.934960248872427,2023-12-01,12,2023,36
QOP,202401,27623,11682,16515,4127,59947,0.46079036482225966,0.19487213705439804,0.2754933524613408,0.06884414566200144,20642,0.3443374981233423,30.015727922994607,2752015,21.7829481307333,11.001216117502114,3.0811274678823395,2024-01-01,1,2024,37
QOP,202402,25478,10533,15152,3888,55051,0.4628072151277906,0.1913316742656809,0.2752356905414979,0.07062542006503061,19040,0.34586111060652847,30.015727922994607,2752015,20.00388806020316,10.916015307290108,2.9959266576703323,2024-02-01,2,2024,38
QOP,202403,26261,11052,16030,4034,57377,0.4576921065932342,0.19262073653205988,0.2793802394687767,0.0703069174059292,20064,0.3496871568747059,30.015727922994607,2752015,20.849086941749956,10.957398805143105,3.0373101555233313,2024-03-01,3,2024,39
QOP,202404,27642,11672,16606,4144,60064,0.4602091102823655,0.19432605221097496,0.27647176345231755,0.06899307405434203,20750,0.34546483750665957,30.015727922994607,2752015,21.825462433889353,11.003165939386236,3.08307728976646,2024-04-01,4,2024,40
QOP,202405,27089,11663,16537,4195,59484,0.4553997713670903,0.19606953130253513,0.27800753143702506,0.07052316589334948,20732,0.34853069733037456,30.015727922994607,2752015,21.61470776867132,10.993462647808574,3.073373998188799,2024-05-01,5,2024,41
QOP,202406,24400,10596,15171,4065,54232,0.4499188670895412,0.19538279982298273,0.2797425874022717,0.07495574568520431,19236,0.354698333087476,30.015727922994607,2752015,19.706287938110805,10.901026419110801,2.9809377694910264,2024-06-01,6,2024,42
QOP,202407,24877,11305,16574,4217,56973,0.4366454285363242,0.198427325224229,0.2909097291699577,0.07401751706948906,20791,0.3649272462394468,30.015727922994607,2752015,20.70228541632222,10.950332750382355,3.0302441007625793,2024-07-01,7,2024,43
QOP,202408,22975,10860,15582,4129,53546,0.42907033205094686,0.202816270122885,0.2910021290105704,0.07711126881559781,19711,0.36811339782616814,30.015727922994607,2752015,19.457016040973613,10.888296376540683,2.968207726920909,2024-08-01,8,2024,44
QOP,202409,21597,10512,15226,4034,51369,0.42042866320154176,0.20463703790223675,0.29640444626136386,0.0785298526348576,19260,0.37493429889622143,30.015727922994607,2752015,18.665959306181108,10.84679015665708,2.9267015070373055,2024-09-01,9,2024,45
QOP,202410,23610,11512,16499,4333,55954,0.42195374772134253,0.20574042963863173,0.2948672123530042,0.07743861028702148,20832,0.37230582264002576,30.015727922994607,2752015,20.33201127174089,10.932285203588544,3.012196553968768,2024-10-01,10,2024,46
QOP,202411,22962,11463,16173,3981,54579,0.42071126257351726,0.2100258341120211,0.29632276150167647,0.07294014181278513,20154,0.3692629033144616,30.015727922994607,2752015,19.832377367129176,10.907404472364913,2.987315822745138,2024-11-01,11,2024,47
QOP,202412,21719,10727,15232,3877,51555,0.421278246532829,0.20806905246823781,0.29545145960624575,0.07520124139268743,19109,0.37065270099893316,30.015727922994607,2752015,18.733546147095858,10.850404477952043,2.930315828332269,2024-12-01,12,2024,48
QOP,202501,24736,12665,17307,4288,58996,0.4192826632314055,0.2146755712251678,0.2933588717879178,0.07268289375550885,21595,0.36604176554342666,30.015727922994607,2752015,21.43738315379822,10.985224923979393,3.065136274359618,2025-01-01,1,2025,49
QOP,202502,21390,11130,15453,3829,51802,0.4129184201382186,0.21485656924443072,0.298308945600556,0.07391606501679472,19282,0.3722250106173507,30.015727922994607,2752015,18.82329856486974,10.855184037540836,2.935095387921061,2025-02-01,2,2025,50
QOP,202503,22971,12491,16700,4159,56321,0.4078585252392536,0.22178228369524688,0.29651462154436176,0.07384456952113777,20859,0.3703591910654995,30.015727922994607,2752015,20.46536810300816,10.938822746356111,3.0187340967363365,2025-03-01,3,2025,51
QOP,202504,21859,11789,16043,3981,53672,0.4072700849605008,0.21964897898345506,0.29890818303771055,0.07417275301833358,20024,0.37308093605604414,30.015727922994607,2752015,19.502800675141668,10.890646729242723,2.9705580796229487,2025-04-01,4,2025,52
QOP,202505,22123,11980,16480,4179,54762,0.40398451480953945,0.21876483693071838,0.30093860706329206,0.07631204119645009,20659,0.37725064825974214,30.015727922994607,2752015,19.89887409770659,10.910751801744933,2.990663152125157,2025-05-01,5,2025,53
QOP,202506,21097,11173,15753,4044,52067,0.405189467416982,0.21458889507749632,0.3025524804578716,0.07766915704765014,19797,0.38022163750552174,30.015727922994607,2752015,18.919591644667634,10.860286629747776,2.940197980128,2025-06-01,6,2025,54
QOP,202507,22321,12324,16926,4517,56088,0.3979639138496648,0.21972614462986736,0.3017757809157039,0.08053416060476394,21443,0.3823099415204678,30.015727922994607,2752015,20.3807028668085,10.934677164886804,3.0145885152670284,2025-07-01,7,2025,55
QOP,202508,19816,10617,14754,3909,49096,0.40361740263972623,0.21624979631741895,0.30051328010428546,0.07961952093856933,18663,0.3801328010428548,30.015727922994607,2752015,17.84001904059389,10.801532844068934,2.881444194449158,2025-08-01,8,2025,56
QOP,202509,20826,11521,15804,4105,52256,0.3985379669320269,0.22047229026331905,0.30243417023882424,0.07855557256582976,19909,0.38098974280465403,30.015727922994607,2752015,18.988268595919717,10.863909995770191,2.9438213461504166,2025-09-01,9,2025,57
QOP,202510,21613,11630,16217,4281,53741,0.40216966561842915,0.21640832883645633,0.3017621555237156,0.07965985002139893,20498,0.3814220055451145,30.015727922994607,2752015,19.527873212900364,10.89193149010949,2.9718428404897153,2025-10-01,10,2025,58
QOP,202511,20453,10987,14751,3789,49980,0.4092236894757903,0.219827931172469,0.29513805522208886,0.07581032412965186,18540,0.3709483793517407,30.015727922994607,2752015,18.161238219995166,10.819378204388943,2.899289554769168,2025-11-01,11,2025,59
QOP,202512,20257,11301,15663,3961,51182,0.3957836739478723,0.22080028134891172,0.3060255558594818,0.07739048884373413,19624,0.383416044703216,30.015727922994607,2752015,18.598009095153916,10.843143186715016,2.9230545370952403,2025-12-01,12,2025,60
QOQ,202101,9585,4449,9847,2168,26049,0.36796038235632844,0.17079350454911896,0.3780183500326308,0.08322776306192177,12015,0.4612461130945526,20.909930537212865,1679446,15.510471905616495,10.167734658728754,2.741515402619625,2021-01-01,1,2021,1
QOQ,202102,9386,4078,9437,2064,24965,0.37596635289405167,0.1633486881634288,0.3780092128980573,0.08267574604446225,11501,0.46068495894251954,20.909930537212865,1679446,14.865020965246874,10.12523012293471,2.69901086682558,2021-02-01,2,2021,2
QOQ,202103,10690,4867,10593,2308,28458,0.37564129594490125,0.1710239651416122,0.3722327640733713,0.08110197484011526,12901,0.4533347389134865,20.909930537212865,1679446,16.94487348804308,10.256184595105637,2.829965338996507,2021-03-01,3,2021,3
QOQ,202104,10447,4902,10482,2244,28075,0.3721104185218166,0.17460373998219056,0.37335707925200357,0.07992876224398932,12726,0.4532858414959929,20.909930537212865,1679446,16.71682209490511,10.242634779606645,2.8164155234975143,2021-04-01,4,2021,4
QOQ,202105,8725,4063,9249,2102,24139,0.3614482787190853,0.16831683168316833,0.3831558888106384,0.087079000787108,11351,0.4702348895977464,20.909930537212865,1679446,14.373192112160796,10.09158406877277,2.6653648126636402,2021-05-01,5,2021,5
QOQ,202106,9885,4449,9891,2338,26563,0.37213417159206413,0.16748861197906864,0.37236004969318226,0.08801716673568498,12229,0.4603772164288672,20.909930537212865,1679446,15.816525211289914,10.187274549019024,2.7610552929098944,2021-06-01,6,2021,6
QOQ,202107,8951,4053,9419,2066,24489,0.36551104577565435,0.1655028788435624,0.38462166687084,0.08436440850994324,11485,0.4689860753807832,20.909930537212865,1679446,14.5815941685532,10.105979316119466,2.6797600600103357,2021-07-01,7,2021,7
QOQ,202108,8472,3794,8886,2050,23202,0.365140936126196,0.16352038617360573,0.3829842254978019,0.08835445220239635,10936,0.47133867770019827,20.909930537212865,1679446,13.815270035475985,10.051993760835352,2.6257745047262224,2021-08-01,8,2021,8
QOQ,202109,8945,3975,9439,2207,24566,0.36412114304323046,0.16180900431490677,0.38423023691280633,0.08983961572905642,11646,0.47406985264186274,20.909930537212865,1679446,14.627442620959531,10.10911865209904,2.68289939598991,2021-09-01,9,2021,9
QOQ,202110,8516,3734,8961,2064,23275,0.36588614393125674,0.1604296455424275,0.38500537056928036,0.08867883995703545,11025,0.47368421052631576,20.909930537212865,1679446,13.858736750094971,10.055135102145268,2.628915846036138,2021-10-01,10,2021,10
QOQ,202111,9058,4285,9412,2259,25014,0.3621172143599584,0.17130406972095627,0.3762692891980491,0.09030942672103622,11671,0.4665787159190853,20.909930537212865,1679446,14.89419725314181,10.127190947108852,2.7009716909997223,2021-11-01,11,2021,11
QOQ,202112,8731,4092,9429,2286,24538,0.3558154698834461,0.1667617572744315,0.3842611459776673,0.09316162686445513,11715,0.4774227728421224,20.909930537212865,1679446,14.610770456448138,10.107978215351128,2.6817589592419986,2021-12-01,12,2021,12
QOQ,202201,9297,4331,9601,2209,25438,0.3654768456639673,0.17025709568362293,0.3774274707131064,0.08683858793930341,11810,0.4642660586524098,20.909930537212865,1679446,15.146661458600038,10.14399939801143,2.7177801419023,2022-01-01,1,2022,13
QOQ,202202,8962,4311,9147,2156,24576,0.3646647135416667,0.1754150390625,0.3721923828125,0.08772786458333333,11303,0.4599202473958333,20.909930537212865,1679446,14.633396965427885,10.1095256359474,2.683306379838269,2022-02-01,2,2022,14
QOQ,202203,10414,4947,10247,2390,27998,0.37195513965283233,0.1766911922280163,0.36599042788770625,0.0853632402314451,12637,0.45135366811915134,20.909930537212865,1679446,16.670973642498776,10.23988835803477,2.813669101925641,2022-03-01,3,2022,15
QOQ,202204,8882,4362,9284,2170,24698,0.35962426107377116,0.17661349097092882,0.3759008826625638,0.08786136529273625,11454,0.4637622479553,20.909930537212865,1679446,14.706039967941809,10.114477547677767,2.688258291568638,2022-04-01,4,2022,16
QOQ,202205,9525,4543,9550,2269,25887,0.3679453007300962,0.17549349094139916,0.3689110364275505,0.08765017190095414,11819,0.45656120832850466,20.909930537212865,1679446,15.414011525229153,10.161496191176417,2.7352769350672874,2022-05-01,5,2022,17
QOQ,202206,9212,4377,9431,2184,25204,0.3654975400730043,0.17366291064910333,0.37418663704173943,0.08665291223615298,11615,0.4608395492778924,20.909930537212865,1679446,15.007329798040544,10.134757991061946,2.7085387349528163,2022-06-01,6,2022,18
QOQ,202207,8961,4122,9186,2273,24542,0.36512916632711273,0.16795697172194604,0.37429712329883463,0.0926167386521066,11459,0.46691386195094126,20.909930537212865,1679446,14.613152194235479,10.108141214536493,2.6819219584273633,2022-07-01,7,2022,19
QOQ,202208,9098,3992,9534,2243,24867,0.3658664092974625,0.1605340410986448,0.3833996863312824,0.09019986327261029,11777,0.4735995496038927,20.909930537212865,1679446,14.806668389457,10.121296902259635,2.6950776461505064,2022-08-01,8,2022,20
QOQ,202209,8496,3463,8643,2128,22730,0.3737791465024197,0.15235371755389354,0.3802463704355477,0.09362076550813903,10771,0.47386713594368673,20.909930537212865,1679446,13.534224976569654,10.03144091684659,2.605221660737459,2022-09-01,9,2022,21
QOQ,202210,8634,4245,8709,2291,23879,0.36157293018970643,0.17777126345324343,0.36471376523304994,0.09594204112400016,11000,0.4606558063570501,20.909930537212865,1679446,14.21837915598358,10.080754690582811,2.6545354344736816,2022-10-01,10,2022,22
QOQ,202211,9279,4385,9319,2263,25246,0.36754337320763686,0.17369088172383743,0.36912778261902873,0.08963796244949696,11582,0.4587657450685257,20.909930537212865,1679446,15.032338044807632,10.136423006312807,2.7102037502036773,2022-11-01,11,2022,23
QOQ,202212,8950,4148,9173,2190,24461,0.36588855729528635,0.16957605985037408,0.37500511017538124,0.08953027267895834,11363,0.46453538285433954,20.909930537212865,1679446,14.56492200404181,10.10483529147988,2.6786160353707507,2022-12-01,12,2022,24
QOQ,202301,9564,4512,9630,2304,26010,0.3677047289504037,0.1734717416378316,0.370242214532872,0.08858131487889273,11934,0.4588235294117647,20.909930537212865,1679446,15.487249962189912,10.166236358442697,2.7400171023335673,2023-01-01,1,2023,25
QOQ,202302,9246,4210,8843,2164,24463,0.3779585496464048,0.1720966357356007,0.3614846911662511,0.08846012345174345,11007,0.4499448146179945,20.909930537212865,1679446,14.56611287293548,10.104917050943584,2.6786977948344544,2023-02-01,2,2023,26
QOQ,202303,10238,4558,10322,2544,27662,0.370110621068614,0.16477478128841008,0.37314727785409585,0.09196731978888005,12866,0.4651145976429759,20.909930537212865,1679446,16.470907668362067,10.227814909184653,2.8015956530755233,2023-03-01,3,2023,27
QOQ,202304,8777,3495,8841,2194,23307,0.3765821427039087,0.14995494915690566,0.3793280988544214,0.09413480928476424,11035,0.4734629081391857,20.909930537212865,1679446,13.877790652393706,10.056509023618531,2.630289767509401,2023-04-01,4,2023,28
QOQ,202305,9675,3761,9911,2298,25645,0.37726652368882824,0.14665626827841685,0.38646909728992007,0.08960811074283485,12209,0.47607720803275494,20.909930537212865,1679446,15.269916389094975,10.152103899823368,2.725884643714239,2023-05-01,5,2023,29
QOQ,202306,10123,4212,10496,2505,27336,0.37031752999707346,0.15408252853380158,0.3839625402399766,0.09163740122914837,13001,0.475599941469125,20.909930537212865,1679446,16.27679603869371,10.215959793795127,2.789740537685998,2023-06-01,6,2023,30
QOQ,202307,9773,3772,9786,2364,25695,0.3803463708892781,0.14679898812998637,0.38085230589608876,0.09200233508464682,12150,0.47285464098073554,20.909930537212865,1679446,15.299688111436748,10.15405169942633,2.7278324433172,2023-07-01,7,2023,31
QOQ,202308,9538,4138,9610,2481,25767,0.3701633872783017,0.16059300655877673,0.3729576590212287,0.09628594714169286,12091,0.46924360616292154,20.909930537212865,1679446,15.3425593916089,10.156849882434335,2.7306306263252047,2023-08-01,8,2023,32
QOQ,202309,9149,4267,9266,2298,24980,0.36625300240192155,0.17081665332265814,0.3709367493995196,0.09199359487590072,11564,0.46293034427542035,20.909930537212865,1679446,14.873952481949406,10.125830783679568,2.699611527570439,2023-09-01,9,2023,33
QOQ,202310,9091,4243,9239,2263,24836,0.36604123047189563,0.17084071509099694,0.37200032211306167,0.09111773232404574,11502,0.4631180544371074,20.909930537212865,1679446,14.788209921605102,10.120049492484783,2.693830236375654,2023-10-01,10,2023,34
QOQ,202311,9638,4466,9205,2306,25615,0.3762639078664845,0.17435096623072419,0.3593597501463986,0.09002537575639274,11511,0.44938512590279134,20.909930537212865,1679446,15.252053355689911,10.150933396373302,2.724714140264173,2023-11-01,11,2023,35
QOQ,202312,8767,4358,8905,2333,24363,0.3598489512785782,0.17887780650987153,0.36551327833189673,0.09575996387965358,11238,0.4612732422115503,20.909930537212865,1679446,14.506569428251936,10.10082086695052,2.674601610841391,2023-12-01,12,2023,36
QOQ,202401,10035,4945,9601,2481,27062,0.3708151651762619,0.1827285492572611,0.3547779173749169,0.09167836819156013,12082,0.446456285566477,20.909930537212865,1679446,16.1136470002608,10.20588580882359,2.7796665527144597,2024-01-01,1,2024,37
QOQ,202402,9452,4688,8907,2306,25353,0.3728158403344772,0.18490908373762474,0.35131937048869954,0.09095570543919852,11213,0.44227507592789805,20.909930537212865,1679446,15.096049530619027,10.140652345212592,2.7144330891034625,2024-02-01,2,2024,38
QOQ,202403,9917,4601,9398,2356,26272,0.3774741169305725,0.17512941534713763,0.35771924482338613,0.08967722289890377,11754,0.4473964677222899,20.909930537212865,1679446,15.643253787260798,10.176259012252155,2.750039756143025,2024-03-01,3,2024,39
QOQ,202404,10241,5044,10118,2531,27934,0.36661416195317537,0.1805684828524379,0.36221092575356195,0.0906064294408248,12649,0.45281735519438676,20.909930537212865,1679446,16.632865837901306,10.237599863865716,2.8113806077565866,2024-04-01,4,2024,40
QOQ,202405,9763,5029,9759,2455,27006,0.36151225653558466,0.18621787750870178,0.3613641413019329,0.09090572465378065,12214,0.45226986595571356,20.909930537212865,1679446,16.080302671238016,10.203814342520987,2.777595086411858,2024-05-01,5,2024,41
QOQ,202406,9268,4603,9331,2335,25537,0.36292438422680817,0.180248267220112,0.3653913928809179,0.09143595567216196,11666,0.4568273485530798,20.909930537212865,1679446,15.205609468836748,10.147883659883789,2.7216644037746596,2024-06-01,6,2024,42
QOQ,202407,9407,4920,9899,2447,26673,0.3526787387995351,0.18445619165448207,0.37112435796498333,0.09174071158099951,12346,0.46286506954598283,20.909930537212865,1679446,15.882023000441812,10.191407096789248,2.765187840680119,2024-07-01,7,2024,43
QOQ,202408,8849,4456,9547,2504,25356,0.34899037703107744,0.17573749802808014,0.3765183782931062,0.09875374664773623,12051,0.4752721249408424,20.909930537212865,1679446,15.097835833959532,10.140770667404057,2.714551411294927,2024-08-01,8,2024,44
QOQ,202409,8169,4196,8814,2382,23561,0.34671703238402446,0.17809091294936547,0.37409278044225625,0.1010992742243538,11196,0.4751920546666101,20.909930537212865,1679446,14.029031001889908,10.067348081686498,2.641128825577369,2024-09-01,9,2024,45
QOQ,202410,8772,4854,9326,2420,25372,0.34573545640863945,0.1913132587103894,0.367570550212833,0.09538073466813811,11746,0.46295128488097115,20.909930537212865,1679446,15.107362785108899,10.141401482753787,2.715182226644658,2024-10-01,10,2024,46
QOQ,202411,8619,4920,9320,2397,25256,0.341265441875198,0.19480519480519481,0.3690212226797593,0.09490814063984795,11717,0.4639293633196072,20.909930537212865,1679446,15.038292389275988,10.136819030237827,2.710599774128698,2024-11-01,11,2024,47
QOQ,202412,8259,4522,8813,2304,23898,0.3455937735375345,0.18922085530169888,0.36877562975981254,0.09640974140095405,11117,0.4651853711607666,20.909930537212865,1679446,14.229692410473454,10.0815500524097,2.6553307963005697,2024-12-01,12,2024,48
QOQ,202501,9150,5231,10139,2568,27088,0.33778795038393383,0.19311134081512107,0.37429858239810987,0.09480212640283521,12707,0.46910070880094507,20.909930537212865,1679446,16.129128295878523,10.206846104372916,2.780626848263787,2025-01-01,1,2025,49
QOQ,202502,8311,4743,9022,2295,24371,0.34102006483115177,0.19461655245989085,0.3701940831315908,0.09416929957736654,11317,0.4643633827089574,20.909930537212865,1679446,14.51133290382662,10.101149179835646,2.6749299237265167,2025-02-01,2,2025,50
QOQ,202503,9189,5454,9832,2476,26951,0.340952098252384,0.20236725909984787,0.3648102111238915,0.09187043152387667,12308,0.4566806426477682,20.909930537212865,1679446,16.047553776662067,10.201775681400134,2.7755564252910037,2025-03-01,3,2025,51
QOQ,202504,8618,5153,9234,2322,25327,0.3402692778457772,0.20345875942669878,0.36459114778694673,0.09168081494057725,11556,0.45627196272752396,20.909930537212865,1679446,15.080568235001303,10.13962629934515,2.7134070432360193,2025-04-01,4,2025,52
QOQ,202505,8679,5248,9561,2527,26015,0.333615221987315,0.20172977128579667,0.36751873918892947,0.09713626753795887,12088,0.4646550067268883,20.909930537212865,1679446,15.49022713442409,10.166428573724405,2.740209317615274,2025-05-01,5,2025,53
QOQ,202506,8930,5186,9471,2491,26078,0.3424342357542756,0.19886494363064652,0.3631796916941483,0.09552112892092952,11962,0.45870082061507783,20.909930537212865,1679446,15.527739504574722,10.168847325983418,2.742628069874288,2025-06-01,6,2025,54
QOQ,202507,9072,5199,9895,2589,26755,0.33907680807325735,0.19431881891235284,0.36983741356755745,0.09676695944683236,12484,0.46660437301438984,20.909930537212865,1679446,15.93084862508232,10.194476650745406,2.7682573946362754,2025-07-01,7,2025,55
QOQ,202508,8016,4615,8830,2355,23816,0.33658045011756804,0.1937772925764192,0.3707591535102452,0.09888310379576755,11185,0.4696422573060128,20.909930537212865,1679446,14.180866785832947,10.078112902695612,2.6518936465864824,2025-08-01,8,2025,56
QOQ,202509,8463,4777,8832,2408,24480,0.3457107843137255,0.1951388888888889,0.3607843137254902,0.09836601307189542,11240,0.4591503267973856,20.909930537212865,1679446,14.576235258531682,10.105611736626262,2.6793924805171327,2025-09-01,9,2025,57
QOQ,202510,8951,4935,9302,2520,25708,0.3481795550023339,0.19196359110004668,0.36183289248482964,0.0980239614127898,11822,0.45985685389761943,20.909930537212865,1679446,15.307428759245608,10.154557506491177,2.728338250382047,2025-10-01,10,2025,58
QOQ,202511,8217,4647,8560,2268,23692,0.3468259328043221,0.19614215769035961,0.36130339355056557,0.09572851595475267,10828,0.45703190950531825,20.909930537212865,1679446,14.107032914425352,10.072892717396856,2.646673461287726,2025-11-01,11,2025,59
QOQ,202512,8318,4795,9248,2527,24888,0.334217293474767,0.19266313082610093,0.37158469945355194,0.1015348762455802,11775,0.4731195756991321,20.909930537212865,1679446,14.819172512840545,10.122141038577473,2.6959217824683432,2025-12-01,12,2025,60
QOX,202101,5156,2357,4537,883,12933,0.3986700688162066,0.1822469651279672,0.35080801051573496,0.06827495554009123,5420,0.4190829660558262,14.2997731862178,895532,14.441694992473748,9.467537463415244,2.6701195083262412,2021-01-01,1,2021,1
QOX,202102,5384,2423,4465,860,13132,0.40999086201644835,0.1845111178799878,0.34000913798355165,0.06548888212001218,5325,0.40549802010356384,14.2997731862178,895532,14.663909274040458,9.482807278621483,2.68538932353248,2021-02-01,2,2021,2
QOX,202103,6066,2725,4849,973,14613,0.41510983370971055,0.18647779374529527,0.3318278245397933,0.06658454800520085,5822,0.3984123725449942,14.2997731862178,895532,16.317674856956533,9.589666822474653,2.792248867385649,2021-03-01,3,2021,3
QOX,202104,5710,2632,4703,937,13982,0.4083822056930339,0.1882420254613074,0.33636103561722214,0.06701473322843657,5640,0.4033757688456587,14.2997731862178,895532,15.61306575309425,9.54552606707193,2.748108111982927,2021-04-01,4,2021,4
QOX,202105,4990,2255,4124,934,12303,0.4055921320003251,0.18328862878972607,0.3352027960660002,0.07591644314394863,5058,0.4111192392099488,14.2997731862178,895532,13.738202543292703,9.41759841406017,2.620180458971166,2021-05-01,5,2021,5
QOX,202106,5350,2523,4527,932,13332,0.4012901290129013,0.18924392439243926,0.33955895589558954,0.0699069906990699,5459,0.40946594659465946,14.2997731862178,895532,14.88724021028841,9.497922439427631,2.700504484338627,2021-06-01,6,2021,6
QOX,202107,5162,2415,4438,912,12927,0.39931925427400017,0.18681828730563935,0.34331244681674017,0.07055001160362033,5350,0.4138624584203605,14.2997731862178,895532,14.43499506438631,9.467073426283948,2.6696554711949445,2021-07-01,7,2021,7
QOX,202108,4481,2108,4137,846,11572,0.38722779122018663,0.18216384376080194,0.35750086415485655,0.07310750086415485,4983,0.4306083650190114,14.2997731862178,895532,12.921927971306442,9.356343666096025,2.5589257110070225,2021-08-01,8,2021,8
QOX,202109,4869,2207,4298,946,12320,0.395211038961039,0.17913961038961038,0.3488636363636364,0.07678571428571429,5244,0.42564935064935067,14.2997731862178,895532,13.757185672873778,9.41897923708751,2.6215612819985075,2021-09-01,9,2021,9
QOX,202110,4552,1959,3986,872,11369,0.4003870173278213,0.17231066936406017,0.35060251561263084,0.07669979769548772,4858,0.4273023133081186,14.2997731862178,895532,12.695247071014771,9.338645632129106,2.541227677040103,2021-10-01,10,2021,10
QOX,202111,5000,2250,4269,931,12450,0.40160642570281124,0.18072289156626506,0.34289156626506023,0.07477911646586345,5200,0.41767068273092367,14.2997731862178,895532,13.902350781434945,9.429475901892854,2.6320579468038505,2021-11-01,11,2021,11
QOX,202112,4785,2392,4331,931,12439,0.38467722485730366,0.19229841627140445,0.3481791140766943,0.07484524479459764,5262,0.4230243588712919,14.2997731862178,895532,13.89006757994131,9.428591977209965,2.6311740221209616,2021-12-01,12,2021,12
QOX,202201,5131,2556,4344,934,12965,0.3957578094870806,0.19714616274585423,0.33505591978403393,0.07204010798303123,5278,0.40709602776706516,14.2997731862178,895532,14.47742794227342,9.470008697972764,2.6725907428837616,2022-01-01,1,2022,13
QOX,202202,5000,2270,4080,953,12303,0.4064049418840933,0.18450784361537836,0.33162643257742014,0.07746078192310818,5033,0.4090872145005283,14.2997731862178,895532,13.738202543292703,9.41759841406017,2.620180458971166,2022-02-01,2,2022,14
QOX,202203,5744,2668,4715,1038,14165,0.4055065301800212,0.18835157077303213,0.3328626897282033,0.07327920931874338,5753,0.4061418990469467,14.2997731862178,895532,15.817413559761125,9.558529412264617,2.761111457175614,2022-03-01,3,2022,15
QOX,202204,4896,2549,4297,981,12723,0.38481490214572034,0.20034583038591527,0.337734810972255,0.0771044564961094,5278,0.41483926746836436,14.2997731862178,895532,14.207197509413398,9.4511666581427,2.6537487030536973,2022-04-01,4,2022,16
QOX,202205,5088,2676,4410,984,13158,0.38668490652074783,0.20337437300501596,0.33515731874145005,0.07478340173278614,5394,0.4099407204742362,14.2997731862178,895532,14.692942295752692,9.484785217645943,2.68736726255694,2022-05-01,5,2022,17
QOX,202206,4841,2404,4196,954,12395,0.390560709963695,0.19394917305365067,0.33852359822509076,0.07696651875756354,5150,0.4154901169826543,14.2997731862178,895532,13.84093477396676,9.42504844446929,2.6276304893802878,2022-06-01,6,2022,18
QOX,202207,4643,2373,4216,995,12227,0.3797333769526458,0.19407867833483275,0.34481066492189416,0.0813772797906273,5211,0.42618794471252147,14.2997731862178,895532,13.653336787518482,9.41140190014419,2.613983945055187,2022-07-01,7,2022,19
QOX,202208,4745,2291,4313,1033,12382,0.38321757389759326,0.18502665159101922,0.34832821838152156,0.08342755612986594,5346,0.4317557745113875,14.2997731862178,895532,13.826418263110643,9.423999084079178,2.6265811289901744,2022-08-01,8,2022,20
QOX,202209,4514,1991,3916,885,11306,0.39925703166460286,0.17610118521139217,0.34636476207323547,0.0782770210507695,4801,0.42464178312400497,14.2997731862178,895532,12.624897826096666,9.333088837235236,2.535670882146233,2022-09-01,9,2022,21
QOX,202210,4635,2409,4067,1030,12141,0.38176426982950334,0.1984185816654312,0.3349806440985092,0.0848365044065563,5097,0.41981714850506546,14.2997731862178,895532,13.557304484931862,9.404343433543975,2.606925478454972,2022-10-01,10,2022,22
QOX,202211,5009,2531,4374,989,12903,0.3882042935751376,0.19615593272882276,0.338990932341316,0.0766488413547237,5363,0.41563977369603966,14.2997731862178,895532,14.408195352036556,9.465215121451847,2.667797166362843,2022-11-01,11,2022,23
QOX,202212,4580,2345,4106,947,11978,0.38236767406912675,0.1957755885790616,0.34279512439472365,0.079061612957088,5053,0.4218567373518117,14.2997731862178,895532,13.375289771889781,9.390826912824407,2.5934089577354045,2022-12-01,12,2022,24
QOX,202301,5223,2469,4321,1039,13052,0.40016855654305855,0.18916641127796507,0.3310603738890591,0.07960465828991725,5360,0.4106650321789764,14.2997731862178,895532,14.57457689954128,9.47669665771321,2.679278702624208,2023-01-01,1,2023,25
QOX,202302,5055,2476,4238,930,12699,0.3980628395936688,0.1949759823608158,0.3337270651232381,0.07323411292227734,5168,0.4069611780455154,14.2997731862178,895532,14.180397797063645,9.449278529189034,2.6518605741000303,2023-02-01,2,2023,26
QOX,202303,5545,2603,4695,1101,13944,0.39766207687894434,0.18667527251864602,0.3367039586919105,0.07895869191049915,5796,0.41566265060240964,14.2997731862178,895532,15.570632875207139,9.542804587199857,2.7453866321108538,2023-03-01,3,2023,27
QOX,202304,4901,2114,4260,1006,12281,0.39907173682924846,0.17213581955866786,0.34687729012295415,0.08191515348912955,5266,0.4287924436120837,14.2997731862178,895532,13.713636140305427,9.415808631610384,2.618390676521381,2023-04-01,4,2023,28
QOX,202305,5453,2393,4731,1092,13669,0.39893188967737214,0.1750676713731802,0.346111639476187,0.07988879947326066,5823,0.42600043894944767,14.2997731862178,895532,15.263552837866207,9.522885774152654,2.72546781906365,2023-05-01,5,2023,29
QOX,202306,5499,2558,4805,1178,14040,0.39166666666666666,0.1821937321937322,0.3422364672364672,0.0839031339031339,5983,0.42613960113960114,14.2997731862178,895532,15.677831724606156,9.549665677579801,2.752247722490799,2023-06-01,6,2023,30
QOX,202307,4928,2121,4188,1112,12349,0.39906065268442786,0.17175479795934895,0.339136772208276,0.0900477771479472,5300,0.4291845493562232,14.2997731862178,895532,13.789568658629731,9.421330367117822,2.6239124120288193,2023-07-01,7,2023,31
QOX,202308,4931,2422,4322,1088,12763,0.38635117135469715,0.1897672960902609,0.33863511713546973,0.0852464154195722,5410,0.4238815325550419,14.2997731862178,895532,14.251863696662989,9.45430563898269,2.6568876838936877,2023-08-01,8,2023,32
QOX,202309,4957,2303,4112,1049,12421,0.39908219950084534,0.18541180259238388,0.3310522502213992,0.08445374768537155,5161,0.4155059979067708,14.2997731862178,895532,13.869967795678994,9.427143867544194,2.6297259124551906,2023-09-01,9,2023,33
QOX,202310,4907,2401,4095,1026,12429,0.39480247807546864,0.19317724676160591,0.3294713975380159,0.08254887762490949,5121,0.41202027516292544,14.2997731862178,895532,13.878901033128912,9.42778773074551,2.6303697756565083,2023-10-01,10,2023,34
QOX,202311,5225,2638,4222,1073,13158,0.3970968232254142,0.20048639610883112,0.32086943304453563,0.08154734762121903,5295,0.40241678066575465,14.2997731862178,895532,14.692942295752692,9.484785217645943,2.68736726255694,2023-11-01,11,2023,35
QOX,202312,4654,2482,4274,1035,12445,0.37396544797107273,0.19943752511048615,0.34343109682603457,0.0831659300924066,5309,0.42659702691844115,14.2997731862178,895532,13.896767508028747,9.429074214801693,2.631656259712689,2023-12-01,12,2023,36
QOX,202401,5658,2869,4578,1093,14198,0.3985068319481617,0.2020707141850965,0.32243978025073955,0.07698267361600225,5671,0.3994224538667418,14.2997731862178,895532,15.854263164242036,9.560856388599332,2.763438433510328,2024-01-01,1,2024,37
QOX,202402,5247,2477,4468,1108,13300,0.3945112781954887,0.1862406015037594,0.33593984962406015,0.08330827067669173,5576,0.41924812030075187,14.2997731862178,895532,14.851507260488738,9.495519314209846,2.698101359120842,2024-02-01,2,2024,38
QOX,202403,5515,2626,4509,1079,13729,0.4017044212979824,0.1912739456624663,0.3284288731881419,0.07859275985140943,5588,0.4070216330395513,14.2997731862178,895532,15.330552118740593,9.527265662897605,2.729847707808602,2024-03-01,3,2024,39
QOX,202404,5512,2749,4759,1081,14101,0.39089426281823986,0.19495071271541026,0.3374937947663286,0.07666122970002127,5840,0.4141550244663499,14.2997731862178,895532,15.745947660161782,9.55400099583723,2.756583040748227,2024-04-01,4,2024,40
QOX,202405,5342,2625,4628,1146,13741,0.38876355432646825,0.19103413143148243,0.336802270577105,0.08340004366494433,5774,0.42020231424204935,14.2997731862178,895532,15.34395197491547,9.528139343331775,2.730721388242771,2024-05-01,5,2024,41
QOX,202406,4953,2511,4400,1048,12912,0.38359665427509293,0.19447026022304834,0.34076827757125155,0.0811648079306072,5448,0.42193308550185876,14.2997731862178,895532,14.418245244167712,9.46591239050973,2.668494435420727,2024-06-01,6,2024,42
QOX,202407,5170,2636,4579,1133,13518,0.3824530255955023,0.19499926024559847,0.3387335404645658,0.08381417369433349,5712,0.42254771415889925,14.2997731862178,895532,15.094937980999003,9.511777409660299,2.714359454571296,2024-07-01,7,2024,43
QOX,202408,4650,2635,4490,1036,12811,0.3629693232378425,0.20568261650144407,0.35048005620170164,0.08086800405901179,5526,0.43134806026071343,14.2997731862178,895532,14.305463121362497,9.458059455856434,2.6606415007674307,2024-08-01,8,2024,44
QOX,202409,4430,2365,4116,1089,12000,0.36916666666666664,0.19708333333333333,0.343,0.09075,5205,0.43375,14.2997731862178,895532,13.399856174877055,9.392661928770137,2.595243973681134,2024-09-01,9,2024,45
QOX,202410,4982,2603,4502,1116,13203,0.377338483677952,0.1971521623873362,0.34098310989926534,0.0845262440354465,5618,0.4255093539347118,14.2997731862178,895532,14.743191756408482,9.488199355479201,2.6907814003901978,2024-10-01,10,2024,46
QOX,202411,4969,2632,4453,1047,13101,0.37928402412029616,0.20090069460346538,0.33989771773147087,0.07991756354476758,5500,0.41981528127623846,14.2997731862178,895532,14.629292978922026,9.48044384215367,2.6830258870646673,2024-11-01,11,2024,47
QOX,202412,4565,2457,4231,1035,12288,0.3715006510416667,0.199951171875,0.3443196614583333,0.084228515625,5266,0.4285481770833333,14.2997731862178,895532,13.721452723074107,9.416378455387454,2.61896050029845,2024-12-01,12,2024,48
QOX,202501,5288,2912,4694,1158,14052,0.37631653857102193,0.2072302875035582,0.334044975804156,0.08240819812126388,5852,0.41645317392541986,14.2997731862178,895532,15.691231580781034,9.550520013385718,2.7531020582967147,2025-01-01,1,2025,49
QOX,202502,4711,2662,4293,983,12649,0.3724405091311566,0.21045141908451262,0.3393944185311092,0.0777136532532216,5276,0.4171080717843308,14.2997731862178,895532,14.124565063001656,9.445333439647541,2.6479154845585384,2025-02-01,2,2025,50
QOX,202503,5021,2919,4584,1072,13596,0.36929979405707564,0.2146954986760812,0.33715798764342453,0.07884671962341865,5656,0.4160047072668432,14.2997731862178,895532,15.182037046135706,9.517530910816006,2.7201129557270036,2025-03-01,3,2025,51
QOX,202504,4737,2878,4158,1002,12775,0.3708023483365949,0.22528375733855185,0.3254794520547945,0.0784344422700587,5160,0.40391389432485325,14.2997731862178,895532,14.265263552837865,9.455245415071905,2.6578274599829017,2025-04-01,4,2025,52
QOX,202505,4953,2847,4446,1084,13330,0.3715678919729932,0.21357839459864966,0.33353338334583643,0.08132033008252063,5530,0.4148537134283571,14.2997731862178,895532,14.88500690092593,9.497772413172754,2.7003544580837513,2025-05-01,5,2025,53
QOX,202506,4829,2767,4213,1103,12912,0.3739931846344486,0.21429677819083023,0.32628562577447334,0.08542441140024783,5316,0.4117100371747212,14.2997731862178,895532,14.418245244167712,9.46591239050973,2.668494435420727,2025-06-01,6,2025,54
QOX,202507,5226,2782,4574,1189,13771,0.3794931377532496,0.20201873502287415,0.332147265993755,0.08634086123012127,5763,0.41848812722387624,14.2997731862178,895532,15.377451615352662,9.530320210727126,2.732902255638123,2025-07-01,7,2025,55
QOX,202508,4405,2521,4096,1024,12046,0.3656815540428358,0.2092810891582268,0.3400298854391499,0.08500747135978748,5120,0.4250373567989374,14.2997731862178,895532,13.451222290214083,9.396487933603666,2.599069978514663,2025-08-01,8,2025,56
QOX,202509,4672,2488,4005,1030,12195,0.38310783107831076,0.20401804018040182,0.3284132841328413,0.08446084460844608,5035,0.4128741287412874,14.2997731862178,895532,13.617603837718809,9.40878131065002,2.6113633555610174,2025-09-01,9,2025,57
QOX,202510,4943,2625,4281,1087,12936,0.38211193568336427,0.20292207792207792,0.3309369202226345,0.08402906617192331,5368,0.41496598639455784,14.2997731862178,895532,14.445044956517467,9.467769401256943,2.6703514461679396,2025-10-01,10,2025,58
QOX,202511,4610,2465,4103,1048,12226,0.37706527073450025,0.2016194994274497,0.33559627024374283,0.08571895959430721,5151,0.42131522983805003,14.2997731862178,895532,13.652220132837241,9.41132011058867,2.6139021554996678,2025-11-01,11,2025,59
QOX,202512,4595,2579,4307,1103,12584,0.3651462174189447,0.20494278448823902,0.3422600127145582,0.0876509853782581,5410,0.4299109980928163,14.2997731862178,895532,14.051982508721073,9.440181444738114,2.6427634896491106,2025-12-01,12,2025,60
QPM,202101,4401,2020,4363,1078,11862,0.37101669195751136,0.1702916877423706,0.3678131849603777,0.09087843533974034,5441,0.458691620300118,18.604750410937243,720913,16.45413524239402,9.381095292398673,2.8005768281364443,2021-01-01,1,2021,1
QPM,202102,4233,1930,4221,1002,11386,0.37177235201124187,0.16950641138239944,0.37071842613736167,0.08800281046899701,5223,0.45872123660635866,18.604750410937243,720913,15.793861395203026,9.340139809511028,2.7596213452487994,2021-02-01,2,2021,2
QPM,202103,5052,2188,4728,1122,13090,0.38594346829640946,0.16715049656226127,0.3611917494270435,0.08571428571428572,5850,0.44690603514132926,18.604750410937243,720913,18.157530797752298,9.479603858903946,2.899085394641718,2021-03-01,3,2021,3
QPM,202104,5059,2148,4779,1089,13075,0.38692160611854687,0.16428298279158698,0.3655066921606119,0.0832887189292543,5868,0.44879541108986615,18.604750410937243,720913,18.13672384878619,9.478457288933123,2.897938824670896,2021-04-01,4,2021,4
QPM,202105,4080,1821,4162,1054,11117,0.36700548709184133,0.16380318431231447,0.37438157776378517,0.094809750832059,5216,0.4691913285958442,18.604750410937243,720913,15.420723443744253,9.316230747233615,2.735712282971387,2021-05-01,5,2021,5
QPM,202106,4450,1947,4495,1114,12006,0.370648009328669,0.1621689155422289,0.3743961352657005,0.09278693986340163,5609,0.4671830751291021,18.604750410937243,720913,16.653881952468605,9.393161803811788,2.8126433395495605,2021-06-01,6,2021,6
QPM,202107,4301,1865,4298,1071,11535,0.3728651928912007,0.16168183788469875,0.3726051148677937,0.0928478543563069,5369,0.46545296922410057,18.604750410937243,720913,16.00054375493298,9.353141170607854,2.772622706345626,2021-07-01,7,2021,7
QPM,202108,3881,1675,3949,912,10417,0.37256407794950563,0.16079485456465392,0.3790918690601901,0.08754919842565038,4861,0.46664106748584044,18.604750410937243,720913,14.449732491992792,9.251194365984448,2.670675901722221,2021-08-01,8,2021,8
QPM,202109,4245,1787,4299,1109,11440,0.37106643356643354,0.15620629370629371,0.3757867132867133,0.09694055944055945,5408,0.4727272727272727,18.604750410937243,720913,15.868766411480998,9.344871264933788,2.764352800671561,2021-09-01,9,2021,9
QPM,202110,4120,1620,3989,1000,10729,0.38400596514120605,0.15099263677882374,0.37179606673501725,0.09320533134495293,4989,0.46500139807997015,18.604750410937243,720913,14.882517030487728,9.280705634636746,2.7001871703745186,2021-10-01,10,2021,10
QPM,202111,4346,1863,4209,1220,11638,0.37343186114452653,0.1600790513833992,0.3616600790513834,0.10482900842069084,5429,0.46648908747207424,18.604750410937243,720913,16.143418137833553,9.362030885216615,2.7815124209543876,2021-11-01,11,2021,11
QPM,202112,4244,1826,4149,1106,11325,0.37474613686534214,0.16123620309050773,0.36635761589403976,0.09766004415011037,5255,0.4640176600441501,18.604750410937243,720913,15.709246469407544,9.334767950351235,2.754249486089007,2021-12-01,12,2021,12
QPM,202201,4486,1970,4261,1113,11830,0.37920540997464075,0.1665257819103973,0.36018596787827556,0.0940828402366864,5374,0.45426880811496195,18.604750410937243,720913,16.409747084599665,9.378393956972433,2.7978754927102045,2022-01-01,1,2022,13
QPM,202202,4201,1778,3983,1049,11011,0.38152756334574517,0.161474888747616,0.36172917991099807,0.09526836799564073,5032,0.4569975479066388,18.604750410937243,720913,15.273687671050459,9.306650052113591,2.7261315878513632,2022-02-01,2,2022,14
QPM,202203,5044,2204,4810,1251,13309,0.3789916597790969,0.1656022240589075,0.3614095724697573,0.09399654369223834,6061,0.45540611616199567,18.604750410937243,720913,18.461312252657397,9.496195777086555,2.9156773128243283,2022-03-01,3,2022,15
QPM,202204,4326,1987,4149,1129,11591,0.3732206021913554,0.17142610646191012,0.3579501337244414,0.09740315762229315,5278,0.4553532913467345,18.604750410937243,720913,16.078223031073097,9.357984213888745,2.777465749626517,2022-04-01,4,2022,16
QPM,202205,4823,2174,4652,1202,12851,0.37530153295463387,0.16916971441911136,0.36199517547272586,0.0935335771535289,5854,0.45552875262625475,18.604750410937243,720913,17.826006744225726,9.461176908307142,2.8806584440449137,2022-05-01,5,2022,17
QPM,202206,4439,1927,4392,1184,11942,0.3717132808574778,0.16136325573605761,0.36777759169318375,0.09914587171328086,5576,0.46692346340646457,18.604750410937243,720913,16.5651056368799,9.387816877106937,2.80729841284471,2022-06-01,6,2022,18
QPM,202207,4329,1928,4320,1165,11742,0.3686765457332652,0.16419690001703288,0.36791006642820645,0.09921648782149549,5485,0.4671265542497019,18.604750410937243,720913,16.287679650665197,9.37092743662413,2.790408972361903,2022-07-01,7,2022,19
QPM,202208,4273,1811,4249,1154,11487,0.37198572299120747,0.15765648123966222,0.36989640463132234,0.10046139113780796,5403,0.47035779576913034,18.604750410937243,720913,15.933961518241453,9.348971240145405,2.7684527758831763,2022-08-01,8,2022,20
QPM,202209,4192,1620,3978,1100,10890,0.3849403122130395,0.1487603305785124,0.3652892561983471,0.10101010101010101,5078,0.4662993572084481,18.604750410937243,720913,15.105844949390564,9.295600215927006,2.7150817516647785,2022-09-01,9,2022,21
QPM,202210,4038,1862,3875,1125,10900,0.37045871559633026,0.1708256880733945,0.3555045871559633,0.10321100917431193,5000,0.45871559633027525,18.604750410937243,720913,15.1197162487013,9.296518068217235,2.7159996039550074,2022-10-01,10,2022,22
QPM,202211,4531,1933,4349,1226,12039,0.37636016280421963,0.1605615084309328,0.3612426281252596,0.10183570063958801,5575,0.46307832876484756,18.604750410937243,720913,16.699657240194032,9.395906658935026,2.8153881946727988,2022-11-01,11,2022,23
QPM,202212,4182,1895,3990,1144,11211,0.37302649183837305,0.16903041655516904,0.3559004549103559,0.10204263669610204,5134,0.45794309160645796,18.604750410937243,720913,15.551113657265162,9.324650718153594,2.7441322538913657,2022-12-01,12,2022,24
QPM,202301,4718,1957,4356,1183,12214,0.38627804159161616,0.16022597019813328,0.3566399214016702,0.09685606680858032,5539,0.45349598821025056,18.604750410937243,720913,16.942404978131897,9.41033811378308,2.8298196495208523,2023-01-01,1,2023,25
QPM,202302,4496,1951,3939,1118,11504,0.3908205841446453,0.1695931849791377,0.34240264255910985,0.09718358831710709,5057,0.43958623087621695,18.604750410937243,720913,15.9575427270697,9.350450079960828,2.7699316156986002,2023-02-01,2,2023,26
QPM,202303,5016,2020,4497,1306,12839,0.3906846327595607,0.15733312563283744,0.3502609237479554,0.10172131785964639,5803,0.45198224160760186,18.604750410937243,720913,17.809361185052843,9.460242692591084,2.8797242283288558,2023-03-01,3,2023,27
QPM,202304,4228,1609,3922,1133,10892,0.38817480719794345,0.1477230995225854,0.36008079324274694,0.1040213000367242,5055,0.46410209327947116,18.604750410937243,720913,15.10861920925271,9.295783853793651,2.7152653895314223,2023-04-01,4,2023,28
QPM,202305,4805,1662,4419,1252,12138,0.39586422804415883,0.13692535837864558,0.36406327236777064,0.10314714120942495,5671,0.46721041357719556,18.604750410937243,720913,16.836983103370308,9.4040963063958,2.8235778421335724,2023-05-01,5,2023,29
QPM,202306,4891,1916,4627,1338,12772,0.38294707171938613,0.1500156592546195,0.3622768556216724,0.10476041340432195,5965,0.46703726902599435,18.604750410937243,720913,17.716423479670915,9.455010553834672,2.8744920895724446,2023-06-01,6,2023,30
QPM,202307,4540,1747,4343,1273,11903,0.3814164496345459,0.146769721918844,0.3648660001680249,0.10694782827858523,5616,0.4718138284466101,18.604750410937243,720913,16.511007569568033,9.384545748167879,2.804027283905652,2023-07-01,7,2023,31
QPM,202308,4450,1900,4304,1301,11955,0.3722291928063572,0.1589293182768716,0.36001672940192386,0.10882475951484734,5605,0.46884148891677124,18.604750410937243,720913,16.583138325983857,9.388904879892426,2.8083864156301974,2023-08-01,8,2023,32
QPM,202309,4394,1921,4096,1249,11660,0.37684391080617496,0.16475128644939965,0.3512864493996569,0.10711835334476844,5345,0.4584048027444254,18.604750410937243,720913,16.17393499631717,9.363919459904483,2.7834009956422556,2023-09-01,9,2023,33
QPM,202310,4259,1873,4107,1252,11491,0.370637890523018,0.162997128187277,0.3574101470716213,0.10895483421808372,5359,0.466364981289705,18.604750410937243,720913,15.939510037965746,9.349319399257634,2.768800934995406,2023-10-01,10,2023,34
QPM,202311,4475,1952,4136,1303,11866,0.37712792853531096,0.16450362379908984,0.3485589078038092,0.10980953986178998,5439,0.4583684476655992,18.604750410937243,720913,16.459683762118313,9.381432446818588,2.8009139825563607,2023-11-01,11,2023,35
QPM,202312,3990,1886,3886,1191,10953,0.3642837578745549,0.1721902675066192,0.3547886423810828,0.10873733223774308,5077,0.4635259746188259,18.604750410937243,720913,15.193234135048197,9.301368670323747,2.720850206061519,2023-12-01,12,2023,36
QPM,202401,4925,2181,4341,1261,12708,0.3875511488825936,0.17162417374881964,0.34159584513692165,0.09922883223166509,5602,0.4408246773685867,18.604750410937243,720913,17.627647164082212,9.449986995389407,2.869468531127179,2024-01-01,1,2024,37
QPM,202402,4507,2027,4128,1209,11871,0.3796647291719316,0.17075225339061578,0.34773818549406116,0.10184483194339146,5337,0.4495830174374526,18.604750410937243,720913,16.46661941177368,9.381853730053534,2.801335265791306,2024-02-01,2,2024,38
QPM,202403,4618,1946,4298,1201,12063,0.38282350990632513,0.16131973804194644,0.35629611207825584,0.0995606399734726,5499,0.45585675205172843,18.604750410937243,720913,16.732948358539797,9.397898195565384,2.817379731303156,2024-03-01,3,2024,39
QPM,202404,4911,2153,4628,1281,12973,0.3785554613427889,0.16596007091651893,0.35674092345640945,0.09874354428428274,5909,0.45548446774069223,18.604750410937243,720913,17.995236595816692,9.470625553571013,2.890107089308785,2024-04-01,4,2024,40
QPM,202405,4741,2106,4483,1323,12653,0.37469374851813797,0.16644274085197186,0.35430332727416425,0.10456018335572591,5806,0.45886351062989017,18.604750410937243,720913,17.55135501787317,9.445649620189263,2.865131155927036,2024-05-01,5,2024,41
QPM,202406,4274,1954,4189,1183,11600,0.36844827586206896,0.16844827586206895,0.3611206896551724,0.10198275862068966,5372,0.4631034482758621,18.604750410937243,720913,16.09070720045276,9.358760377094455,2.778241912832228,2024-06-01,6,2024,42
QPM,202407,4466,1954,4463,1375,12258,0.3643334964920868,0.15940610213737966,0.3640887583618861,0.11217164300864742,5838,0.47626040137053355,18.604750410937243,720913,17.00343869509913,9.413934064045677,2.833415599783449,2024-07-01,7,2024,43
QPM,202408,4165,1946,4322,1316,11749,0.3544982551706528,0.16563111754191845,0.3678610945612393,0.11200953272618946,5638,0.47987062728742874,18.604750410937243,720913,16.29738956018271,9.371523409567573,2.7910049453053447,2024-08-01,8,2024,44
QPM,202409,3903,1742,4036,1284,10965,0.35595075239398083,0.15886912904696762,0.36808025535795713,0.11709986320109439,5320,0.4851801185590515,18.604750410937243,720913,15.209879694221078,9.302463660851988,2.7219451965897608,2024-09-01,9,2024,45
QPM,202410,4044,1986,4212,1271,11513,0.35125510292712586,0.17250065143750543,0.36584730304872753,0.11039694258664119,5483,0.4762442456353687,18.604750410937243,720913,15.970026896449365,9.351232110673664,2.7707136464114366,2024-10-01,10,2024,46
QPM,202411,3980,1978,4316,1280,11554,0.34446944781028216,0.17119612255495933,0.3735502856153713,0.11078414401938723,5596,0.48433442963475853,18.604750410937243,720913,16.026899223623378,9.354786976341211,2.774268512078983,2024-11-01,11,2024,47
QPM,202412,3895,1926,4172,1220,11213,0.34736466601266386,0.17176491572282174,0.37206813520021403,0.10880228306430037,5392,0.4808704182645144,18.604750410937243,720913,15.553887917127309,9.324829098460881,2.7443106341986527,2024-12-01,12,2024,48
QPM,202501,4537,2382,4709,1305,12933,0.35080801051573496,0.18418000463929482,0.3641073223536689,0.10090466249130133,6014,0.46501198484497025,18.604750410937243,720913,17.939751398573755,9.467537463415244,2.8870189991530166,2025-01-01,1,2025,49
QPM,202502,3910,2078,4057,1192,11237,0.34795763993948564,0.1849248019934146,0.36103942333363,0.10607813473346979,5249,0.46711755806709976,18.604750410937243,720913,15.587179035473074,9.326967183907902,2.7464487196456746,2025-02-01,2,2025,50
QPM,202503,4277,2223,4571,1255,12326,0.34699010222294335,0.1803504786629888,0.3708421223430148,0.10181729677105306,5826,0.47265941911406784,18.604750410937243,720913,17.09776353041213,9.419466131522189,2.8389476672599607,2025-03-01,3,2025,51
QPM,202504,4144,2101,4247,1202,11694,0.3543697622712502,0.17966478536001368,0.36317769796476823,0.10278775440396784,5449,0.4659654523687361,18.604750410937243,720913,16.22109741397367,9.366831168735615,2.786312704473388,2025-04-01,4,2025,52
QPM,202505,4211,2218,4549,1295,12273,0.3431108938319889,0.18072190988348408,0.3706510225698688,0.1055161737146582,5844,0.47616719628452703,18.604750410937243,720913,17.024245644065235,9.415157006597509,2.8346385423352807,2025-05-01,5,2025,53
QPM,202506,4231,2174,4387,1313,12105,0.34952498967368856,0.1795952085914911,0.3624122263527468,0.10846757538207352,5700,0.4708798017348203,18.604750410937243,720913,16.791207815644885,9.40137386937216,2.8208554051099313,2025-06-01,6,2025,54
QPM,202507,4226,2199,4574,1379,12378,0.3414121829051543,0.1776539020843432,0.3695265794150913,0.11140733559541122,5953,0.4809339150105025,18.604750410937243,720913,17.16989428682795,9.423675982299306,2.8431575180370787,2025-07-01,7,2025,55
QPM,202508,3802,1841,4149,1211,11003,0.3455421248750341,0.167318004180678,0.3770789784604199,0.11006089248386804,5360,0.4871398709442879,18.604750410937243,720913,15.26259063160187,9.305923241869912,2.725404777607685,2025-08-01,8,2025,56
QPM,202509,4052,1960,4051,1280,11343,0.3572247200916865,0.17279379352904875,0.3571365599929472,0.11284492638631756,5331,0.46998148637926473,18.604750410937243,720913,15.734214808166866,9.336356092559043,2.7558376282968147,2025-09-01,9,2025,57
QPM,202510,4217,2013,4381,1318,11929,0.3535082571883645,0.16874842820018443,0.3672562662419314,0.11048704836951966,5699,0.4777433146114511,18.604750410937243,720913,16.547072947775945,9.386727689281946,2.806209225019718,2025-10-01,10,2025,58
QPM,202511,3905,1879,3989,1179,10952,0.35655588020452883,0.17156683710737763,0.36422571219868516,0.10765157048940832,5168,0.4718772826880935,18.604750410937243,720913,15.191847005117122,9.301277366968284,2.720758902706057,2025-11-01,11,2025,59
QPM,202512,4123,1952,4162,1259,11496,0.3586464857341684,0.1697981906750174,0.36203897007654834,0.10951635351426584,5421,0.4715553235908142,18.604750410937243,720913,15.946445687621113,9.34975442775886,2.769235963496633,2025-12-01,12,2025,60
QR1,202101,3304,1510,3059,1075,8948,0.36924452391595886,0.16875279392042913,0.34186410371032633,0.12013857845328565,4134,0.46200268216361196,14.932188948823288,617527,14.490054685867985,9.09918532261002,2.6734625303674284,2021-01-01,1,2021,1
QR1,202102,3298,1537,3055,1024,8914,0.3699798070450976,0.1724253982499439,0.3427193179268566,0.11487547677810186,4079,0.4575947947049585,14.932188948823288,617527,14.434996364531429,9.0953783535065,2.6696555612639092,2021-02-01,2,2021,2
QR1,202103,3831,1782,3428,1206,10247,0.3738655216160828,0.17390455743144334,0.33453693764028497,0.11769298331218893,4634,0.4522299209524739,14.932188948823288,617527,16.59360643340291,9.234740258799718,2.809017466557126,2021-03-01,3,2021,3
QR1,202104,3579,1782,3213,1007,9581,0.37355182131301534,0.1859931113662457,0.33535121594823086,0.10510385137250809,4220,0.44045506732073897,14.932188948823288,617527,15.515111080163296,9.167537249650874,2.7418144574082812,2021-04-01,4,2021,4
QR1,202105,3175,1504,2997,1068,8744,0.36310612991765784,0.17200365965233302,0.3427493138151876,0.1221408966148216,4065,0.46489021043000917,14.932188948823288,617527,14.159704757848646,9.076123029856374,2.6504002376137827,2021-05-01,5,2021,5
QR1,202106,3313,1543,3146,1146,9148,0.36215566243987757,0.16867074770441626,0.34390030607783123,0.12527328377787494,4292,0.4691735898557062,14.932188948823288,617527,14.813927164318322,9.121290555142672,2.69556776290008,2021-06-01,6,2021,6
QR1,202107,3208,1473,3089,1041,8811,0.3640903416184315,0.16717739189649303,0.3505844966519124,0.1181477698331631,4130,0.4687322664850755,14.932188948823288,617527,14.268202038129507,9.08375621986673,2.658033427624138,2021-07-01,7,2021,7
QR1,202108,2760,1310,2768,909,7747,0.3562669420420808,0.1690977152446108,0.35729959984510135,0.11733574286820705,3677,0.4746353427133084,14.932188948823288,617527,12.545200452773724,8.955060950631902,2.5293381583893106,2021-08-01,8,2021,8
QR1,202109,3028,1386,2999,1159,8572,0.353243117125525,0.16168922071861877,0.34986000933271116,0.13520765282314512,4158,0.4850676621558563,14.932188948823288,617527,13.881174426381357,9.056256356593467,2.6305335643508756,2021-09-01,9,2021,9
QR1,202110,2922,1309,2700,992,7923,0.3687996970844377,0.1652151962640414,0.34078000757288907,0.12520509907863184,3692,0.4659851066515209,14.932188948823288,617527,12.83020823381002,8.977525200965243,2.55180240872265,2021-10-01,10,2021,10
QR1,202111,3251,1530,3031,1130,8942,0.3635651979422948,0.17110266159695817,0.33896220084992174,0.12636993961082532,4161,0.46533214046074706,14.932188948823288,617527,14.480338511514475,9.098514556793926,2.672791764551334,2021-11-01,11,2021,11
QR1,202112,3109,1592,3012,1122,8835,0.3518958687040181,0.18019241652518392,0.3409168081494058,0.12699490662139218,4134,0.46791171477079796,14.932188948823288,617527,14.307066735543547,9.086476384753796,2.6607535925112047,2021-12-01,12,2021,12
QR1,202201,3250,1633,3010,1139,9032,0.35983170947741366,0.1808015943312666,0.33325952170062,0.12610717449069975,4149,0.45936669619131976,14.932188948823288,617527,14.626081126817127,9.108529105829499,2.682806313586906,2022-01-01,1,2022,13
QR1,202202,3082,1427,2930,1087,8526,0.3614825240441004,0.16737039643443585,0.3436547032606146,0.12749237626084917,4017,0.4711470795214638,14.932188948823288,617527,13.80668375633778,9.050875597325156,2.6251528050825637,2022-02-01,2,2022,14
QR1,202203,3654,1703,3277,1283,9917,0.36845820308561056,0.17172532015730563,0.33044267419582535,0.12937380256125844,4560,0.4598164767570838,14.932188948823288,617527,16.05921684395986,9.202005735186125,2.776282942943533,2022-03-01,3,2022,15
QR1,202204,3451,1738,3123,1148,9460,0.36479915433403803,0.18372093023255814,0.33012684989429175,0.12135306553911206,4271,0.4514799154334038,14.932188948823288,617527,15.319168230700843,9.154827662045925,2.729104869803332,2022-04-01,4,2022,16
QR1,202205,3285,1642,3126,1145,9198,0.35714285714285715,0.17851706892802782,0.33985649054142203,0.12448358338769297,4271,0.464340073929115,14.932188948823288,617527,14.894895283930905,9.12674134809987,2.7010185558572775,2022-05-01,5,2022,17
QR1,202206,3033,1624,3049,1179,8885,0.3413618458075408,0.1827799662352279,0.3431626336522228,0.13269555430500843,4228,0.4758581879572313,14.932188948823288,617527,14.38803485515613,9.092119740588751,2.6663969483461596,2022-06-01,6,2022,18
QR1,202207,3026,1521,3027,1190,8764,0.34527612962117754,0.1735508900045641,0.34539023277042447,0.13578274760383385,4217,0.4811729803742583,14.932188948823288,617527,14.192092005693677,9.078407700715356,2.6526849084727653,2022-07-01,7,2022,19
QR1,202208,2998,1406,2927,1167,8498,0.35278889150388326,0.16545069428100728,0.3444339844669334,0.13732642974817605,4094,0.48176041421510946,14.932188948823288,617527,13.761341609354734,9.047586120674756,2.6218633284321653,2022-08-01,8,2022,20
QR1,202209,2864,1296,2871,1100,8131,0.35223219776165293,0.15938998893125078,0.3530931004796458,0.1352847128274505,3971,0.4883778133070963,14.932188948823288,617527,13.167035611398369,9.003439196207838,2.577716403965246,2022-09-01,9,2022,21
QR1,202210,3012,1510,2772,1195,8489,0.3548121097891389,0.17787725291553774,0.32654022853104014,0.14077040876428318,3967,0.46731063729532335,14.932188948823288,617527,13.746767347824466,9.046526486737967,2.620803694495376,2022-10-01,10,2022,22
QR1,202211,3380,1655,3006,1209,9250,0.3654054054054054,0.17891891891891892,0.32497297297297295,0.1307027027027027,4215,0.4556756756756757,14.932188948823288,617527,14.979102128327991,9.132378830506472,2.706656038263879,2022-11-01,11,2022,23
QR1,202212,3063,1447,2888,1153,8551,0.35820371886329083,0.16921997427201496,0.3377382762250029,0.13483803063969127,4041,0.4725763068646942,14.932188948823288,617527,13.847167816144072,9.053803514155955,2.6280807219133635,2022-12-01,12,2022,24
QR1,202301,3350,1605,3128,1202,9285,0.3607969843834141,0.172859450726979,0.33688745288099087,0.12945611200861604,4330,0.4663435648896069,14.932188948823288,617527,15.0357798120568,9.136155473786806,2.7104326815442144,2023-01-01,1,2023,25
QR1,202302,3169,1479,2782,1132,8562,0.37012380284980145,0.17274001401541697,0.32492408315814064,0.13221209997664096,3914,0.4571361831347816,14.932188948823288,617527,13.86498080245884,9.055089086704891,2.6293662944622995,2023-02-01,2,2023,26
QR1,202303,3610,1668,3173,1201,9652,0.37401574803149606,0.17281392457521758,0.328740157480315,0.1244301699129714,4374,0.4531703273932864,14.932188948823288,617527,15.630085810013165,9.174920426744922,2.7491976345023303,2023-03-01,3,2023,27
QR1,202304,3092,1334,2764,1128,8318,0.37172397210867997,0.16037509016590526,0.3322914162058187,0.13560952151959604,3892,0.46790093772541475,14.932188948823288,617527,13.469856378749432,9.026177120302856,2.600454328060265,2023-04-01,4,2023,28
QR1,202305,3514,1399,3158,1253,9324,0.3768768768768769,0.15004290004290005,0.3386958386958387,0.13438438438438438,4411,0.4730802230802231,14.932188948823288,617527,15.098934945354616,9.140347000155648,2.714624207913056,2023-05-01,5,2023,29
QR1,202306,3558,1390,3354,1324,9626,0.3696239351755662,0.14440058175773945,0.3484313318096821,0.13754415125701225,4678,0.48597548306669436,14.932188948823288,617527,15.587982387814623,9.172223049863055,2.746500257620463,2023-06-01,6,2023,30
QR1,202307,3237,1337,2988,1265,8827,0.36671575846833576,0.1514670896114195,0.3385068539707715,0.1433102979494732,4253,0.4818171519202447,14.932188948823288,617527,14.294111836405534,9.085570485020233,2.659847692777641,2023-07-01,7,2023,31
QR1,202308,3270,1527,2864,1254,8915,0.3667975322490185,0.17128435221536736,0.32125630959057766,0.14066180594503647,4118,0.4619181155356141,14.932188948823288,617527,14.43661572692368,9.09549053029724,2.6697677380546487,2023-08-01,8,2023,32
QR1,202309,3300,1518,2922,1247,8987,0.3671970624235006,0.1689106487148103,0.3251363080004451,0.13875598086124402,4169,0.4638922888616891,14.932188948823288,617527,14.553209819165803,9.103534367658373,2.6778115754157814,2023-09-01,9,2023,33
QR1,202310,3341,1609,2905,1167,9022,0.3703170028818444,0.17834183107958324,0.3219906894258479,0.12935047661272445,4072,0.4513411660385724,14.932188948823288,617527,14.60988750289461,9.107421317968342,2.6816985257257495,2023-10-01,10,2023,34
QR1,202311,3473,1612,2972,1264,9321,0.3725995064907199,0.17294281729428174,0.3188499088080678,0.1356077674069306,4236,0.4544576762149984,14.932188948823288,617527,15.094076858177862,9.140025198061156,2.7143024058185654,2023-11-01,11,2023,35
QR1,202312,3025,1525,2852,1203,8605,0.3515398024404416,0.17722254503195817,0.3314352120859965,0.13980244044160373,4055,0.47123765252760025,14.932188948823288,617527,13.934613385325662,9.06009870864564,2.634375916403048,2023-12-01,12,2023,36
QR1,202401,3814,1752,3197,1301,10064,0.3789745627980922,0.1740858505564388,0.31766693163751986,0.12927265500794913,4498,0.446939586645469,14.932188948823288,617527,16.297263115620854,9.216719978940223,2.7909971866976298,2024-01-01,1,2024,37
QR1,202402,3518,1679,3041,1271,9509,0.36996529603533496,0.17656956567462403,0.3198022925649385,0.13366284572510254,4312,0.45346513829004104,14.932188948823288,617527,15.398516987921177,9.159993997539445,2.7342712052968525,2024-02-01,2,2024,38
QR1,202403,3586,1718,3084,1310,9698,0.36976696226025985,0.1771499278201691,0.31800371210558875,0.13507939781398226,4394,0.45308310991957107,14.932188948823288,617527,15.704576480056742,9.179674957665297,2.7539521654227057,2024-03-01,3,2024,39
QR1,202404,3767,1836,3097,1362,10062,0.37437885112303715,0.18246869409660108,0.30779169151262176,0.13536076326774002,4459,0.44315245478036175,14.932188948823288,617527,16.294024390836352,9.216521231051264,2.790798438808672,2024-04-01,4,2024,40
QR1,202405,3684,1711,3035,1375,9805,0.37572667006629273,0.17450280469148394,0.309535951045385,0.14023457419683835,4410,0.44977052524222333,14.932188948823288,617527,15.877848256027672,9.190647738630446,2.764924946387855,2024-05-01,5,2024,41
QR1,202406,3384,1555,2918,1342,9199,0.36786607239917385,0.16904011305576694,0.3172083922165453,0.14588542232851398,4260,0.46309381454505927,14.932188948823288,617527,14.896514646323157,9.126850061477157,2.7011272692345654,2024-06-01,6,2024,42
QR1,202407,3292,1648,3018,1348,9306,0.35375026864388565,0.17709004943047496,0.32430689877498386,0.1448527831506555,4366,0.4691596819256394,14.932188948823288,617527,15.069786422294085,9.138414632404594,2.7126918401620017,2024-07-01,7,2024,43
QR1,202408,3056,1614,2875,1249,8794,0.3475096656811462,0.18353422788264726,0.3269274505344553,0.1420286559017512,4124,0.4689561064362065,14.932188948823288,617527,14.240672877461227,9.081824949740755,2.6561021574981636,2024-08-01,8,2024,44
QR1,202409,2803,1468,2703,1302,8276,0.3386901884968584,0.17738037699371678,0.32660705654905753,0.15732237796036733,4005,0.4839294345094248,14.932188948823288,617527,13.401843158274861,9.021115038865434,2.5953922466228416,2024-09-01,9,2024,45
QR1,202410,3182,1663,2960,1342,9147,0.34787361976604353,0.18180824313982727,0.3236033672242265,0.1467147698699027,4302,0.47031813709412923,14.932188948823288,617527,14.81230780192607,9.121181235656364,2.6954584434137727,2024-10-01,10,2024,46
QR1,202411,3088,1735,2968,1323,9114,0.3388193987272328,0.19036646916831249,0.32565284178187404,0.14516129032258066,4291,0.47081413210445466,14.932188948823288,617527,14.758868842981764,9.117566971823829,2.691844179581236,2024-11-01,11,2024,47
QR1,202412,2943,1630,2787,1229,8589,0.34264757247642336,0.1897776225404587,0.32448480614739783,0.1430899988357201,4016,0.46757480498311793,14.932188948823288,617527,13.908703587049635,9.058237593766226,2.632514801523633,2024-12-01,12,2024,48
QR1,202501,3443,1896,3269,1389,9997,0.3444033209962989,0.18965689706912073,0.32699809942982894,0.13894168250475142,4658,0.46593978193458035,14.932188948823288,617527,16.188765835339993,9.210040326967182,2.7843175347245888,2025-01-01,1,2025,49
QR1,202502,3107,1748,3020,1285,9160,0.3391921397379913,0.19082969432314412,0.3296943231441048,0.14028384279475983,4305,0.46997816593886466,14.932188948823288,617527,14.833359513025341,9.122601457668177,2.696878665425584,2025-02-01,2,2025,50
QR1,202503,3240,1922,3193,1326,9681,0.33467616981716763,0.19853320937919636,0.3298212994525359,0.1369693213511001,4519,0.466790620803636,14.932188948823288,617527,15.677047319388462,9.177920480720072,2.7521976884774797,2025-03-01,3,2025,51
QR1,202504,3120,1761,2930,1288,9099,0.34289482360698975,0.19353775140125287,0.32201340806682055,0.1415540169249368,4218,0.46356742499175735,14.932188948823288,617527,14.734578407097988,9.11591979635669,2.690197004114099,2025-04-01,4,2025,52
QR1,202505,3109,1923,3054,1302,9388,0.3311674478057094,0.2048359608010226,0.32530890498508735,0.13868768640818066,4356,0.463996591393268,14.932188948823288,617527,15.202574138458724,9.147187556970914,2.721464764728322,2025-05-01,5,2025,53
QR1,202506,3081,1855,2934,1393,9263,0.33261362409586526,0.2002590953254885,0.3167440354096945,0.15038324516895174,4327,0.4671272805786462,14.932188948823288,617527,15.000153839427265,9.133783249254028,2.7080604570114355,2025-06-01,6,2025,54
QR1,202507,3189,1870,3073,1400,9532,0.33455728073856483,0.19618128409567773,0.32238774653797736,0.1468736886277801,4473,0.46926143516575747,14.932188948823288,617527,15.435762322942965,9.162409838218633,2.736687045976041,2025-07-01,7,2025,55
QR1,202508,2792,1541,2780,1251,8364,0.33381157340985174,0.1842419894787183,0.3323768531802965,0.14956958393113343,4031,0.4819464371114299,14.932188948823288,617527,13.544347048793007,9.031692060548524,2.605969268305932,2025-08-01,8,2025,56
QR1,202509,2984,1638,2831,1333,8786,0.3396312315046665,0.18643296152970634,0.32221716366947417,0.15171864329615298,4164,0.47393580696562715,14.932188948823288,617527,14.227717978323215,9.080914824535725,2.655192032293133,2025-09-01,9,2025,57
QR1,202510,2981,1730,2952,1350,9013,0.33074448019527347,0.1919449683790081,0.3275269055808277,0.1497836458448907,4302,0.47731055142571843,14.932188948823288,617527,14.595313241364346,9.10642325855641,2.680700466313818,2025-10-01,10,2025,58
QR1,202511,3014,1668,2670,1292,8644,0.3486811661267932,0.19296621934289682,0.30888477556686716,0.14946783896344285,3962,0.45835261453031007,14.932188948823288,617527,13.997768518623477,9.064620717626777,2.638897925384185,2025-11-01,11,2025,59
QR1,202512,2975,1684,3076,1275,9010,0.330188679245283,0.18690344062153164,0.3413984461709212,0.14150943396226415,4351,0.48290788013318536,14.932188948823288,617527,14.590455154187591,9.106090350602384,2.6803675583597917,2025-12-01,12,2025,60
QRL,202101,9677,4210,8856,2294,25037,0.3865079682070536,0.168151136318249,0.3537164995806207,0.09162439589407677,11150,0.44534089547469746,17.2791652151318,1785696,14.020863573642995,10.128110009729737,2.640546475547087,2021-01-01,1,2021,1
QRL,202102,9408,4299,8828,2146,24681,0.38118390664883917,0.17418256958794215,0.3576840484583283,0.0869494753048904,10974,0.4446335237632187,17.2791652151318,1785696,13.821501532175688,10.11378899583704,2.62622546165439,2021-02-01,2,2021,2
QRL,202103,11236,5020,9799,2405,28460,0.3947997189037245,0.1763879128601546,0.34430780042164444,0.08450456781447646,12204,0.42881236823612084,17.2791652151318,1785696,15.937763202695194,10.256254871643844,2.7686913374611932,2021-03-01,3,2021,3
QRL,202104,10651,4785,9330,2226,26992,0.3945983995257854,0.17727474807350327,0.3456579727326615,0.08246887966804979,11556,0.4281268524007113,17.2791652151318,1785696,15.115674784509793,10.20329580478575,2.7157322706030995,2021-04-01,4,2021,4
QRL,202105,9246,4295,8684,2090,24315,0.38025909932140656,0.17663993419699775,0.3571457947768867,0.08595517170470902,10774,0.44310096648159575,17.2791652151318,1785696,13.616539433363798,10.098848722837886,2.611285188655236,2021-05-01,5,2021,5
QRL,202106,9534,4420,8914,2316,25184,0.37857369758576875,0.17550825921219823,0.3539548919949174,0.09196315120711562,11230,0.44591804320203304,17.2791652151318,1785696,14.103184416608427,10.13396415121713,2.64640061703448,2021-06-01,6,2021,6
QRL,202107,9566,4187,8806,2249,24808,0.38560141889712995,0.16877620122541115,0.35496613995485327,0.09065623992260562,11055,0.4456223798774589,17.2791652151318,1785696,13.892622260451947,10.118921460780285,2.631357926597635,2021-07-01,7,2021,7
QRL,202108,8191,3850,7883,2044,21968,0.372860524399126,0.17525491624180625,0.3588401310997815,0.09304442825928623,9927,0.45188455935906774,17.2791652151318,1785696,12.30220597458918,9.997342128007752,2.5097785938251023,2021-08-01,8,2021,8
QRL,202109,8950,4152,8586,2393,24081,0.3716623063826253,0.17241808894979443,0.35654665503924254,0.09937294962833769,10979,0.45591960466758025,17.2791652151318,1785696,13.485498091500457,10.089178426799686,2.6016148926170364,2021-09-01,9,2021,9
QRL,202110,8528,3879,8101,2188,22696,0.3757490306661967,0.17091117377511456,0.35693514275643284,0.09640465280225591,10289,0.45333979555868875,17.2791652151318,1785696,12.709890149275129,10.029943976488687,2.542380442306037,2021-10-01,10,2021,10
QRL,202111,9206,4344,8420,2244,24214,0.3801932766168332,0.17940034690674816,0.3477327166102255,0.09267365986619311,10664,0.4404063764764186,17.2791652151318,1785696,13.559978854183468,10.094686257267686,2.607122723085036,2021-11-01,11,2021,11
QRL,202112,8811,4222,8714,2229,23976,0.3674924924924925,0.17609275942609276,0.3634467801134468,0.09296796796796797,10943,0.45641474808141475,17.2791652151318,1785696,13.426697489382292,10.084808608996498,2.5972450748138494,2021-12-01,12,2021,12
QRL,202201,9638,4518,8887,2297,25340,0.38034727703235993,0.17829518547750592,0.3507103393843725,0.09064719810576165,11184,0.4413575374901342,17.2791652151318,1785696,14.190545311183987,10.14013945387513,2.65257591969248,2022-01-01,1,2022,13
QRL,202202,9370,4341,8532,2197,24440,0.38338788870703766,0.17761865793780687,0.34909983633387887,0.0898936170212766,10729,0.4389934533551555,17.2791652151318,1785696,13.686540150171139,10.103976413285531,2.6164128791028816,2022-02-01,2,2022,14
QRL,202203,10803,5145,9845,2541,28334,0.3812733818027811,0.1815839627302887,0.34746241264911415,0.08968024281781606,12386,0.4371426554669302,17.2791652151318,1785696,15.867202480153397,10.251817775939296,2.764254241756646,2022-03-01,3,2022,15
QRL,202204,9175,4623,8367,2313,24478,0.3748263747038157,0.18886346923768282,0.34181714192335977,0.09449301413514176,10680,0.4363101560585015,17.2791652151318,1785696,13.707820368080569,10.105530033942284,2.6179664997596337,2022-04-01,4,2022,16
QRL,202205,9436,4677,8781,2405,25299,0.37297916913712004,0.1848689671528519,0.34708881773983163,0.09506304597019645,11186,0.44215186371002807,17.2791652151318,1785696,14.167585076071179,10.138520148242751,2.6509566140601013,2022-05-01,5,2022,17
QRL,202206,8946,4386,8762,2253,24347,0.36743746662833204,0.18014539779028216,0.3598800673594283,0.09253706822195754,11015,0.4524171355813858,17.2791652151318,1785696,13.634459616866476,10.100163917635166,2.6126003834525164,2022-06-01,6,2022,18
QRL,202207,9194,4398,8435,2312,24339,0.3777476478080447,0.1806976457537286,0.3465631291343112,0.09499157730391553,10747,0.4415547064382267,17.2791652151318,1785696,13.629979570990807,10.099835281063175,2.6122717468805248,2022-07-01,7,2022,19
QRL,202208,8829,4154,8307,2311,23601,0.3740943180373713,0.17600949112325748,0.351976611160544,0.09791957967882717,10618,0.4498961908393712,17.2791652151318,1785696,13.21669533896027,10.069044362997353,2.581480828814702,2022-08-01,8,2022,20
QRL,202209,8643,3627,8031,2292,22593,0.38255211791262783,0.16053644934271677,0.3554640817952463,0.10144735094940911,10323,0.4569114327446554,17.2791652151318,1785696,12.65220955862588,10.025395402769462,2.5378318685868115,2022-09-01,9,2022,21
QRL,202210,8608,4172,7940,2296,23016,0.37400069516857837,0.18126520681265207,0.34497740702120266,0.09975669099756691,10236,0.44473409801876956,17.2791652151318,1785696,12.889091984301919,10.043944905231385,2.556381371048734,2022-10-01,10,2022,22
QRL,202211,9490,4302,8518,2384,24694,0.38430387948489514,0.1742123592775573,0.34494209119624203,0.09654167004130558,10902,0.44148376123754757,17.2791652151318,1785696,13.828781606723652,10.11431557812769,2.626752043945039,2022-11-01,11,2022,23
QRL,202212,8843,4218,8212,2163,23436,0.3773254821641918,0.17997951868919612,0.3504010923365762,0.09229390681003584,10375,0.44269499914661203,17.2791652151318,1785696,13.124294392774582,10.062028580664679,2.5744650464820293,2022-12-01,12,2022,24
QRL,202301,9976,4431,8635,2420,25462,0.3917995444191344,0.17402403581808185,0.33913282538685097,0.09504359437593277,11055,0.43417641976278376,17.2791652151318,1785696,14.258866010787951,10.144942423621591,2.6573788894389407,2023-01-01,1,2023,25
QRL,202302,9286,4333,8230,2318,24167,0.3842429759589523,0.17929407870236272,0.3405470269375595,0.0959159184011255,10548,0.43646294533868496,17.2791652151318,1785696,13.533658584663906,10.092743345182981,2.6051798110003306,2023-02-01,2,2023,26
QRL,202303,10591,4729,9139,2617,27076,0.391158221302999,0.17465652238144483,0.33753139311567437,0.09665386319988181,11756,0.4341852563155562,17.2791652151318,1785696,15.162715266204327,10.206403005628498,2.718839471445848,2023-03-01,3,2023,27
QRL,202304,9202,3756,7933,2293,23184,0.39691166321601107,0.16200828157349897,0.34217563837129056,0.09890441683919944,10226,0.44108005521049,17.2791652151318,1785696,12.983172947690985,10.051217664560463,2.5636541303778135,2023-04-01,4,2023,28
QRL,202305,10057,4348,9076,2598,26079,0.38563595229878445,0.16672418420951723,0.34801947927451204,0.09962038421718625,11674,0.4476398634916983,17.2791652151318,1785696,14.60438954894898,10.168885671747175,2.681322137564524,2023-05-01,5,2023,29
QRL,202306,10526,4689,9532,2702,27449,0.3834748078254217,0.17082589529673212,0.3472621953440927,0.09843710153375351,12234,0.4456992968778462,17.2791652151318,1785696,15.371597405157429,10.220085016401597,2.732521482218947,2023-06-01,6,2023,30
QRL,202307,9380,4078,8504,2487,24449,0.3836557732422594,0.1667961879831486,0.34782608695652173,0.10172195181807027,10991,0.449548038774592,17.2791652151318,1785696,13.691580201781266,10.104344594271097,2.6167810600884476,2023-07-01,7,2023,31
QRL,202308,9186,4458,8255,2429,24328,0.3775896086813548,0.18324564288063136,0.3393209470568892,0.09984380138112463,10684,0.4391647484380138,17.2791652151318,1785696,13.623819507911762,10.099383229357201,2.6118196951745505,2023-08-01,8,2023,32
QRL,202309,9459,4666,8305,2525,24955,0.37904227609697455,0.1869765578040473,0.332799038268884,0.10118212783009417,10830,0.4339811660989782,17.2791652151318,1785696,13.97494310341738,10.12482948190371,2.6372659477210596,2023-09-01,9,2023,33
QRL,202310,9301,4592,8073,2487,24453,0.3803623277307488,0.18778881936776673,0.33014354066985646,0.10170531223162801,10560,0.4318488529014845,17.2791652151318,1785696,13.6938202247191,10.104508186762567,2.616944652579917,2023-10-01,10,2023,34
QRL,202311,9669,4735,8148,2559,25111,0.3850503763290988,0.18856278125124448,0.3244793118553622,0.10190753056429454,10707,0.42638684241965674,17.2791652151318,1785696,14.06230399799294,10.131061276129653,2.643497741947003,2023-11-01,11,2023,35
QRL,202312,8858,4552,8079,2457,23946,0.3699156435312787,0.19009437901946044,0.3373841142570784,0.10260586319218241,10536,0.4399899774492608,17.2791652151318,1785696,13.40989731734853,10.08355657427679,2.595993040094139,2023-12-01,12,2023,36
QRL,202401,11109,5543,9107,2707,28466,0.39025504110166515,0.19472352982505445,0.31992552518794354,0.0950959038853369,11814,0.4150214290732804,17.2791652151318,1785696,15.941123237101948,10.25646567163057,2.768902137447921,2024-01-01,1,2024,37
QRL,202402,9880,4799,8299,2418,25396,0.38903764372342103,0.18896676641990864,0.32678374547172784,0.09521184438494251,10717,0.42199558985667035,17.2791652151318,1785696,14.221905632313675,10.142346960290341,2.6547834261076906,2024-02-01,2,2024,38
QRL,202403,10151,5193,8736,2584,26664,0.3807005700570057,0.19475697569756975,0.3276327632763276,0.0969096909690969,11320,0.4245424542454245,17.2791652151318,1785696,14.931992903607332,10.191069619987575,2.7035060858049254,2024-03-01,3,2024,39
QRL,202404,10543,5313,9035,2620,27511,0.38322852677110975,0.19312275089964015,0.3284140889098906,0.09523463341935953,11655,0.4236487223292501,17.2791652151318,1785696,15.40631776069387,10.22234120367599,2.7347776694933397,2024-04-01,4,2024,40
QRL,202405,10405,5230,8858,2604,27097,0.38399084769531683,0.19301029634276856,0.32689965678857436,0.09609919917334023,11462,0.4229988559619146,17.2791652151318,1785696,15.17447538662796,10.207178299632961,2.7196147654503116,2024-05-01,5,2024,41
QRL,202406,9764,4955,8356,2547,25622,0.3810787604402467,0.19338849426274296,0.32612598548122707,0.09940675981578331,10903,0.4255327452970104,17.2791652151318,1785696,14.348466928301347,10.15120663641638,2.663643102233729,2024-06-01,6,2024,42
QRL,202407,9481,4972,8692,2691,25836,0.36696857098622077,0.1924446508747484,0.33642978789286265,0.10415699024616813,11383,0.4405867781390308,17.2791652151318,1785696,14.468308155475512,10.159524147152363,2.671960612969713,2024-07-01,7,2024,43
QRL,202408,9199,4738,8306,2580,24823,0.37058373282842527,0.1908713692946058,0.33460903194617897,0.10393586593078999,10886,0.43854489787696893,17.2791652151318,1785696,13.901022346468828,10.11952592172029,2.631962387537641,2024-08-01,8,2024,44
QRL,202409,8628,4698,8016,2572,23914,0.3607928410136322,0.19645396002341725,0.3352011374090491,0.10755206155390148,10588,0.44275319896295057,17.2791652151318,1785696,13.39197713384585,10.082219340479526,2.5946558062968754,2024-09-01,9,2024,45
QRL,202410,9068,5163,8383,2676,25290,0.358560695927244,0.20415183867141162,0.33147489126136814,0.10581257413997627,11059,0.4372874654013444,17.2791652151318,1785696,14.16254502446105,10.13816433966401,2.6506008054813606,2024-10-01,10,2024,46
QRL,202411,9090,5157,8401,2565,25213,0.36052829889342797,0.20453734184745964,0.33320112640304606,0.10173323285606632,10966,0.43493435925911234,17.2791652151318,1785696,14.11942458290773,10.135115013498648,2.647551479315998,2024-11-01,11,2024,47
QRL,202412,8659,4970,8159,2477,24265,0.3568514321038533,0.2048217597362456,0.3362456212651968,0.1020811868947043,10636,0.4383268081599011,17.2791652151318,1785696,13.58853914664086,10.096790261839317,2.6092267276566665,2024-12-01,12,2024,48
QRL,202501,9708,5777,9178,2763,27426,0.35397068475169546,0.21063953912345948,0.33464595639174505,0.10074381973309998,11941,0.43538977612484503,17.2791652151318,1785696,15.358717273264878,10.219246747559799,2.731683213377149,2025-01-01,1,2025,49
QRL,202502,8456,5042,8105,2519,24122,0.3505513639001741,0.20902081087803664,0.33600033164745874,0.10442749357433048,10624,0.44042782522178925,17.2791652151318,1785696,13.508458326613265,10.090879566143188,2.603316031960538,2025-02-01,2,2025,50
QRL,202503,9220,5606,8665,2631,26122,0.35295919148610366,0.2146083760814639,0.33171273256259093,0.10071969986984151,11296,0.43243243243243246,17.2791652151318,1785696,14.628469795530705,10.170533150137466,2.6829696159548164,2025-03-01,3,2025,51
QRL,202504,8605,5325,8115,2480,24525,0.3508664627930683,0.21712538226299694,0.3308868501529052,0.10112130479102956,10595,0.43200815494393474,17.2791652151318,1785696,13.73414063760013,10.107448284433564,2.6198847502509137,2025-04-01,4,2025,52
QRL,202505,8863,5559,8406,2596,25424,0.3486076148521082,0.21865166771554437,0.3306324732536186,0.10210824417872875,11002,0.4327407174323474,17.2791652151318,1785696,14.23758579287852,10.143448888776497,2.6558853545938472,2025-05-01,5,2025,53
QRL,202506,8932,5322,8274,2595,25123,0.35553078852047926,0.21183775822951081,0.3293396489272778,0.10329180432273216,10869,0.43263145325000996,17.2791652151318,1785696,14.069024066806444,10.13153904020292,2.6439755060202703,2025-06-01,6,2025,54
QRL,202507,9232,5584,8581,2741,26138,0.35320223429489633,0.2136353202234295,0.32829596755681384,0.10486647792486035,11322,0.4331624454816742,17.2791652151318,1785696,14.637429887282044,10.171145473156981,2.683581938974331,2025-07-01,7,2025,55
QRL,202508,8013,4942,7857,2484,23296,0.3439646291208791,0.21213942307692307,0.33726820054945056,0.10662774725274725,10341,0.4438959478021978,17.2791652151318,1785696,13.04589358995036,10.056036950996413,2.5684734168137626,2025-08-01,8,2025,56
QRL,202509,8643,5199,7843,2661,24346,0.3550069826665571,0.2135463731208412,0.3221473753388647,0.10929926887373696,10504,0.43144664421260165,17.2791652151318,1785696,13.633899611132017,10.100122843969542,2.6125593097868918,2025-09-01,9,2025,57
QRL,202510,8620,5337,8518,2728,25203,0.34202277506646034,0.2117605047018212,0.33797563782089435,0.10824108241082411,11246,0.44621672023171843,17.2791652151318,1785696,14.113824525563142,10.134718314032957,2.647154779850307,2025-10-01,10,2025,58
QRL,202511,8459,5163,7715,2560,23897,0.35397748671381346,0.2160522241285517,0.32284387161568395,0.10712641754195087,10275,0.42997028915763486,17.2791652151318,1785696,13.382457036360053,10.081508207028378,2.593944672845727,2025-11-01,11,2025,59
QRL,202512,8442,5433,8307,2692,24874,0.3393905282624427,0.21842084103883574,0.33396317439897083,0.10822545629975075,10999,0.44218863069872155,17.2791652151318,1785696,13.929582638926222,10.121578360213686,2.634014826031036,2025-12-01,12,2025,60
QRV,202101,13381,5966,13246,2775,35368,0.3783363492422529,0.16868355575661614,0.3745193395159466,0.07846075548518434,16021,0.45298009500113096,21.02623704714081,2054971,17.21094847567192,10.473562735506079,2.8455457205974595,2021-01-01,1,2021,1
QRV,202102,13473,6032,12995,2722,35222,0.3825166089375958,0.17125660098801884,0.36894554539776275,0.07728124467662256,15717,0.4462267900743853,21.02623704714081,2054971,17.13990124434846,10.469426166355031,2.841409151446411,2021-02-01,2,2021,2
QRV,202103,16626,7158,15638,3288,42710,0.3892765160383985,0.16759541091079372,0.3661437602435027,0.07698431280730508,18926,0.44312807305080776,21.02623704714081,2054971,20.78374828647217,10.662188363835511,3.0341713489268924,2021-03-01,3,2021,3
QRV,202104,16055,7351,15291,3061,41758,0.38447722592078165,0.1760381244312467,0.3661813305234925,0.07330331912447914,18352,0.4394846496479716,21.02623704714081,2054971,20.32048140825345,10.63964632868932,3.011629313780701,2021-04-01,4,2021,4
QRV,202105,14307,6538,13815,2960,37620,0.3803030303030303,0.1737905369484317,0.3672248803827751,0.0786815523657629,16775,0.44590643274853803,21.02623704714081,2054971,18.306827687592673,10.535291102855021,2.907274087946402,2021-05-01,5,2021,5
QRV,202106,15830,7114,15301,3310,41555,0.3809409216700758,0.17119480206954638,0.36821080495728553,0.07965347130309229,18611,0.44786427626037784,21.02623704714081,2054971,20.221696559221517,10.634773129987126,3.006756115078507,2021-06-01,6,2021,6
QRV,202107,14788,6957,14702,3013,39460,0.3747592498732894,0.17630511910795743,0.3725798276735935,0.07635580334515965,17715,0.44893563101875317,21.02623704714081,2054971,19.202217452217088,10.583042779576607,2.9550257646679867,2021-07-01,7,2021,7
QRV,202108,13238,5968,13388,2909,35503,0.37286989831845196,0.16809847055178437,0.37709489338929103,0.08193673774047264,16297,0.4590316311297637,21.02623704714081,2054971,17.276642833402516,10.477372478935242,2.849355464026622,2021-08-01,8,2021,8
QRV,202109,14982,6675,14637,3136,39430,0.379964494040071,0.1692873446614253,0.37121481105757037,0.0795333502409333,17773,0.4507481612985037,21.02623704714081,2054971,19.18761870605473,10.582282226871673,2.9542652119630533,2021-09-01,9,2021,9
QRV,202110,13490,6050,13748,3032,36320,0.37142070484581496,0.1665748898678414,0.37852422907488986,0.08348017621145375,16780,0.4620044052863436,21.02623704714081,2054971,17.674215353890638,10.50012383271523,2.8721068178066096,2021-10-01,10,2021,10
QRV,202111,14857,6781,14942,3268,39848,0.37284179883557517,0.1701716522786589,0.37497490463762295,0.08201164424814295,18210,0.4569865488857659,21.02623704714081,2054971,19.39102790258354,10.59282749475312,2.9648104798444996,2021-11-01,11,2021,11
QRV,202112,13627,6498,14402,3298,37825,0.3602643754130866,0.1717911434236616,0.38075346992729675,0.08719101123595506,17700,0.4679444811632518,21.02623704714081,2054971,18.406585786368762,10.540725538656556,2.912708523747937,2021-12-01,12,2021,12
QRV,202201,15166,7419,15199,3428,41212,0.367999611763564,0.18002038241288945,0.3688003494127924,0.08317965641075414,18627,0.4519800058235465,21.02623704714081,2054971,20.054784228098594,10.62648475506496,2.9984677401563387,2022-01-01,1,2022,13
QRV,202202,14574,6822,14101,3168,38665,0.37693004008793485,0.17643863959653433,0.3646967541704384,0.08193456614509247,17269,0.4466313203155308,21.02623704714081,2054971,18.81535067891469,10.562690077043136,2.9346730621345163,2022-02-01,2,2022,14
QRV,202203,17254,8212,16189,3576,45231,0.381464040149455,0.18155689681855364,0.3579182419137317,0.0790608211182596,19765,0.43697906303199135,21.02623704714081,2054971,22.010529588982035,10.719537971447028,3.0915209565384085,2022-03-01,3,2022,15
QRV,202204,15153,7109,15259,3344,40865,0.3708063134711856,0.17396304906399118,0.37340022023736696,0.08183041722745626,18603,0.4552306374648232,21.02623704714081,2054971,19.885925397487362,10.61802922995023,2.9900122150416104,2022-04-01,4,2022,16
QRV,202205,16053,7406,15768,3546,42773,0.37530685245365064,0.17314661117994998,0.36864377060295045,0.0829027657634489,19314,0.45154653636639935,21.02623704714081,2054971,20.814405653413115,10.66366234138441,3.03564532647579,2022-05-01,5,2022,17
QRV,202206,16009,7200,15811,3320,42340,0.3781058101086443,0.17005196032120926,0.37342938119981106,0.07841284837033538,19131,0.4518422295701464,21.02623704714081,2054971,20.603697083803127,10.653487544688856,3.0254705297802365,2022-06-01,6,2022,18
QRV,202207,15345,6763,15334,3378,40820,0.3759186673199412,0.16567858892699658,0.37564919157275845,0.08275355218030377,18712,0.4584027437530622,21.02623704714081,2054971,19.86402727824383,10.616927436363836,2.9889104214552162,2022-07-01,7,2022,19
QRV,202208,14667,6055,14656,3374,38752,0.378483691164327,0.15625,0.3781998348472337,0.08706647398843931,18030,0.465266308835673,21.02623704714081,2054971,18.85768704278552,10.564937646352819,2.9369206314441993,2022-08-01,8,2022,20
QRV,202209,14061,5383,13756,3052,36252,0.3878682555445217,0.14848835926293721,0.37945492662473795,0.08418845856780316,16808,0.4636433851925411,21.02623704714081,2054971,17.641124862589304,10.498249831174672,2.8702328162660526,2022-09-01,9,2022,21
QRV,202210,13665,6711,13374,3293,37043,0.36889560780714303,0.18116783197905137,0.36103987258051456,0.08889668763329105,16667,0.44993656021380557,21.02623704714081,2054971,18.026045136403386,10.519834679000835,2.8918176640922164,2022-10-01,10,2022,22
QRV,202211,14744,6446,15123,3161,39474,0.3735116785732381,0.16329736028778435,0.3831129350965192,0.08007802604245833,18284,0.46319096113897756,21.02623704714081,2054971,19.209030200426184,10.583397506314054,2.955380491405433,2022-11-01,11,2022,23
QRV,202212,13848,6131,14168,3202,37349,0.37077297919623015,0.16415432809446037,0.37934081233767974,0.08573188037162977,17370,0.4650726927093095,21.02623704714081,2054971,18.174952347259403,10.528061416440826,2.9000444015322064,2022-12-01,12,2022,24
QRV,202301,15728,6453,14449,3325,39955,0.39364284820422973,0.1615066950319109,0.3616318358152922,0.08321862094856713,17774,0.4448504567638593,21.02623704714081,2054971,19.44309676389594,10.595509099808563,2.9674920848999435,2023-01-01,1,2023,25
QRV,202302,14458,6297,13499,3178,37432,0.3862470613378927,0.16822504808719813,0.36062727078435564,0.08490061979055354,16677,0.44552789057490916,21.02623704714081,2054971,18.215342211641914,10.530281232546052,2.9022642176374323,2023-02-01,2,2023,26
QRV,202303,16507,6652,15511,3644,42314,0.3901072930944841,0.1572056529753746,0.3665689842605284,0.0861180696696129,19155,0.4526870539301413,21.02623704714081,2054971,20.591044837129086,10.652873279543263,3.024856264634643,2023-03-01,3,2023,27
QRV,202304,14630,5392,13880,3195,37097,0.39437151252122815,0.14534868048629268,0.37415424427851307,0.08612556271396608,17075,0.46027980699247917,21.02623704714081,2054971,18.052322879495623,10.521291382792283,2.893274367883663,2023-04-01,4,2023,28
QRV,202305,16649,5984,15584,3581,41798,0.3983204938035313,0.14316474472462798,0.37284080578018086,0.08567395569165989,19165,0.4585147614718408,21.02623704714081,2054971,20.339946403136587,10.640603770478197,3.012586755569577,2023-05-01,5,2023,29
QRV,202306,17985,6461,17364,3898,45708,0.3934759779469677,0.141353811149033,0.37988973483854027,0.08528047606545901,21262,0.4651702109039993,21.02623704714081,2054971,22.242649652963472,10.730028616266605,3.1020116013579844,2023-06-01,6,2023,30
QRV,202307,16723,5742,15757,3694,41916,0.39896459585838345,0.13698826223876323,0.3759185036740147,0.08812863822883862,19451,0.46404714190285334,21.02623704714081,2054971,20.397368138041852,10.643422894594833,3.0154058796862127,2023-07-01,7,2023,31
QRV,202308,15515,7297,15021,3504,41337,0.37532960785736746,0.17652466313472193,0.36337905508382323,0.08476667392408738,18525,0.4481457290079106,21.02623704714081,2054971,20.115612337108406,10.629513261662012,3.001496246753393,2023-08-01,8,2023,32
QRV,202309,15798,7686,15262,3722,42468,0.3719977394744278,0.18098332862390507,0.3593764716963361,0.08764246020533108,18984,0.44701893190166714,21.02623704714081,2054971,20.665985067429176,10.656506130133463,3.028489115224844,2023-09-01,9,2023,33
QRV,202310,15359,6554,14929,3531,40373,0.3804275134371981,0.16233621479701782,0.3697768310504545,0.08745944071532955,18460,0.4572362717657841,21.02623704714081,2054971,19.646505960424744,10.605916523694313,2.9778995087856943,2023-10-01,10,2023,34
QRV,202311,15026,7002,14557,3444,40029,0.37537785105798294,0.17492318069399684,0.36366134552449475,0.08603762272352544,18001,0.4496989682480202,21.02623704714081,2054971,19.479107004429746,10.597359470410531,2.9693424555019106,2023-11-01,11,2023,35
QRV,202312,14041,6688,14243,3379,38351,0.3661182237751297,0.1743891945451227,0.37138536152903445,0.08810722015071315,17622,0.4594925816797476,21.02623704714081,2054971,18.662550469082046,10.554535882074735,2.9265188671661155,2023-12-01,12,2023,36
QRV,202401,17014,8021,15875,3744,44654,0.3810184977829534,0.17962556545886146,0.35551126438840863,0.08384467236977651,19619,0.4393559367581852,21.02623704714081,2054971,21.729747037792748,10.706699167958382,3.078682153049763,2024-01-01,1,2024,37
QRV,202402,16043,7162,14987,3457,41649,0.38519532281687435,0.17196091142644482,0.35984057240269873,0.08300319335398208,18444,0.44284376575668083,21.02623704714081,2054971,20.267439297196894,10.637032637702912,3.0090156227942924,2024-02-01,2,2024,38
QRV,202403,16232,7079,15769,3545,42625,0.3808093841642229,0.16607624633431084,0.3699472140762463,0.08316715542521994,19314,0.4531143695014663,21.02623704714081,2054971,20.742385172345497,10.660196214585818,3.032179199677198,2024-03-01,3,2024,39
QRV,202404,16380,6670,14520,3345,40915,0.40034217279726264,0.16302089698154712,0.3548820725895149,0.08175485763167542,17865,0.43663693022119027,21.02623704714081,2054971,19.910256641091287,10.619252022961483,2.9912350080528625,2024-04-01,4,2024,40
QRV,202405,17262,7795,16767,3956,45780,0.37706422018348623,0.17027086063783312,0.3662516382699869,0.08641328090869375,20723,0.4526649191786806,21.02623704714081,2054971,22.277686643753125,10.731602593506558,3.103585578597938,2024-05-01,5,2024,41
QRV,202406,15581,6878,14848,3274,40581,0.38394815307656294,0.169488184125576,0.36588551292476773,0.08067814987309332,18122,0.4465636627978611,21.02623704714081,2054971,19.74772393381707,10.611055255757304,2.9830382408486837,2024-06-01,6,2024,42
QRV,202407,15583,7097,15707,3601,41988,0.3711298466228446,0.1690244831856721,0.3740830713537201,0.08576259883776317,19308,0.45984567019148326,21.02623704714081,2054971,20.4324051288315,10.645139142155688,3.0171221272470685,2024-07-01,7,2024,43
QRV,202408,14323,7088,14834,3253,39498,0.36262595574459466,0.17945212415818523,0.37556331966175505,0.08235860043546508,18087,0.4579219200972201,21.02623704714081,2054971,19.220709197356072,10.584005316695931,2.955988301787312,2024-08-01,8,2024,44
QRV,202409,13008,6175,13779,3157,36119,0.36014286109803706,0.17096265123619148,0.38148896702566515,0.08740552064010632,16936,0.46889448766577146,21.02623704714081,2054971,17.576403754602865,10.49457432165487,2.86655730674625,2024-09-01,9,2024,45
QRV,202410,13641,7469,14587,3361,39058,0.3492498335808285,0.19122842951508015,0.3734702237697783,0.08605151313431307,17948,0.45952173690409137,21.02623704714081,2054971,19.006594253641538,10.572802999842727,2.944785984934108,2024-10-01,10,2024,46
QRV,202411,13708,6782,14058,3127,37675,0.36384870603848707,0.1800132714001327,0.37313868613138684,0.08299933642999337,17185,0.45613802256138025,21.02623704714081,2054971,18.333592055556988,10.536752023494696,2.9087350085860764,2024-11-01,11,2024,47
QRV,202412,12476,6404,13223,3026,35129,0.35514816818013606,0.18229952460929716,0.37641265051666717,0.08613965669389963,16249,0.4625523072105668,21.02623704714081,2054971,17.094645131245162,10.466782279155884,2.8387652642472645,2024-12-01,12,2024,48
QRV,202501,14043,7262,14585,3231,39121,0.35896321668669,0.1856292017075228,0.3728176682600138,0.08258991334577337,17816,0.45540758160578715,21.02623704714081,2054971,19.03725162058248,10.57441468619423,2.9463976712856104,2025-01-01,1,2025,49
QRV,202502,12624,6721,13239,2996,35580,0.35480607082630694,0.1888982574480045,0.3720910623946037,0.08420460933108488,16235,0.4562956717256886,21.02623704714081,2054971,17.31411294855256,10.479538961219825,2.8515219463112063,2025-02-01,2,2025,50
QRV,202503,13551,7140,13909,3085,37685,0.3595860421918535,0.1894653044978108,0.36908584317367654,0.08186281013665915,16994,0.4509486533103357,21.02623704714081,2054971,18.338458304277772,10.53701741627757,2.9090004013689503,2025-03-01,3,2025,51
QRV,202504,13145,7027,13328,2990,36490,0.36023568100849546,0.19257330775554946,0.3652507536311318,0.08194025760482324,16318,0.44719101123595506,21.02623704714081,2054971,17.75694158214398,10.504793529430493,2.8767765145218736,2025-04-01,4,2025,52
QRV,202505,13092,7010,13229,3073,36404,0.3596308098011208,0.19256125700472476,0.3633941325129107,0.08441380068124382,16302,0.44780793319415446,21.02623704714081,2054971,17.715091843145235,10.502433937697246,2.874416922788627,2025-05-01,5,2025,53
QRV,202506,13129,6930,13068,2936,36063,0.36405734409228296,0.1921637135013726,0.3623658597454455,0.08141308266089899,16004,0.44377894240634447,21.02623704714081,2054971,17.549152761766468,10.493022687972363,2.8650056730637443,2025-06-01,6,2025,54
QRV,202507,13103,7047,13221,3069,36440,0.3595773874862788,0.19338638858397367,0.36281558726673985,0.08422063666300768,16290,0.4470362239297475,21.02623704714081,2054971,17.732610338540056,10.503422351373894,2.875405336465275,2025-07-01,7,2025,55
QRV,202508,11065,5905,11468,2703,31141,0.3553193539064256,0.1896213994412511,0.36826049259818244,0.08679875405414084,14171,0.4550592466523233,21.02623704714081,2054971,15.153985141396156,10.346280557910271,2.71826354300165,2025-08-01,8,2025,56
QRV,202509,11508,5963,11289,2823,31583,0.36437323876769145,0.18880410347338758,0.3574391286451572,0.08938352911376374,14112,0.44682265775892094,21.02623704714081,2054971,15.369073334854848,10.36037428013116,2.732357265222539,2025-09-01,9,2025,57
QRV,202510,11889,6213,11880,2889,32871,0.3616865930455417,0.18901159076389523,0.3614127954732135,0.08788902071734964,14769,0.4493018161905631,21.02623704714081,2054971,15.995846170091939,10.400346089073503,2.772329074164883,2025-10-01,10,2025,58
QRV,202511,11156,5740,10844,2714,30454,0.36632297891902543,0.18848098771918304,0.3560780193078085,0.08911801405398305,13558,0.44519603336179153,21.02623704714081,2054971,14.819673854278236,10.323972627400678,2.695955612492058,2025-11-01,11,2025,59
QRV,202512,10847,5831,11246,2795,30719,0.353103942185618,0.1898173768677366,0.36609264624499493,0.09098603470165044,14041,0.4570786809466454,21.02623704714081,2054971,14.948629445379034,10.332636634648445,2.704619619739825,2025-12-01,12,2025,60
QSL,202101,3228,1721,2853,632,8434,0.3827365425658051,0.20405501541380128,0.3382736542565805,0.07493478776381314,3485,0.41320844202039364,18.55301655363737,546466,15.433714082852363,9.040026434306505,2.73655434271495,2021-01-01,1,2021,1
QSL,202102,3258,1753,2677,582,8270,0.3939540507859734,0.21197097944377266,0.32370012091898426,0.07037484885126966,3259,0.3940749697702539,18.55301655363737,546466,15.133603920463488,9.020389788017736,2.716917696426182,2021-02-01,2,2021,2
QSL,202103,3755,2028,3112,655,9550,0.3931937172774869,0.21235602094240838,0.32586387434554975,0.06858638743455497,3767,0.3944502617801047,18.55301655363737,546466,17.47592713910838,9.164296433474776,2.860824341883221,2021-03-01,3,2021,3
QSL,202104,3491,1906,3000,619,9016,0.3872005323868678,0.2114019520851819,0.33274179236912155,0.06865572315882874,3619,0.40139751552795033,18.55301655363737,546466,16.498739171329962,9.106756055719613,2.803283964128057,2021-04-01,4,2021,4
QSL,202105,3017,1698,2583,578,7876,0.383062468257999,0.21559167089893347,0.32795835449466737,0.0733875063484002,3161,0.40134586084306756,18.55301655363737,546466,14.412607554724357,8.971575439759016,2.668103348167461,2021-05-01,5,2021,5
QSL,202106,3140,1797,2754,604,8295,0.378541289933695,0.2166365280289331,0.33200723327305603,0.07281494876431585,3358,0.4048221820373719,18.55301655363737,546466,15.179352420827646,9.023408202624545,2.71993611103299,2021-06-01,6,2021,6
QSL,202107,3092,1755,2733,619,8199,0.37711916087327724,0.21405049396267836,0.3333333333333333,0.07549701183071106,3352,0.4088303451640444,18.55301655363737,546466,15.003678179429278,9.011767474596178,2.708295383004623,2021-07-01,7,2021,7
QSL,202108,2752,1494,2454,541,7241,0.3800580030382544,0.20632509321916861,0.33890346637204805,0.07471343737052893,2995,0.413616903742577,18.55301655363737,546466,13.250595645474743,8.88751459738882,2.584042505797266,2021-08-01,8,2021,8
QSL,202109,2974,1593,2624,659,7850,0.3788535031847134,0.20292993630573247,0.3342675159235669,0.08394904458598726,3283,0.41821656050955414,18.55301655363737,546466,14.365029114345631,8.968268810776454,2.664796719184899,2021-09-01,9,2021,9
QSL,202110,2747,1533,2618,596,7494,0.36655991459834536,0.20456365092073658,0.3493461435815319,0.07953029089938618,3214,0.42887643448091806,18.55301655363737,546466,13.713570469160022,8.921857979353632,2.6183858877620776,2021-10-01,10,2021,10
QSL,202111,3020,1692,2679,626,8017,0.3766995135337408,0.2110515155294998,0.3341648995883747,0.07808407134838469,3305,0.4122489709367594,18.55301655363737,546466,14.670629096778208,8.989319566042951,2.6858474744513967,2021-11-01,11,2021,11
QSL,202112,2947,1610,2749,641,7947,0.37083176041273436,0.20259217314709954,0.34591669812507864,0.08065936831508745,3390,0.4265760664401661,18.55301655363737,546466,14.542533295758565,8.98054977794018,2.6770776863486243,2021-12-01,12,2021,12
QSL,202201,3157,1713,2725,622,8217,0.38420348058902276,0.20847024461482294,0.33162954849701837,0.07569672629913594,3347,0.4073262747961543,18.55301655363737,546466,15.036617099691473,9.013960457931187,2.7104883663396326,2022-01-01,1,2022,13
QSL,202202,2977,1698,2618,572,7865,0.3785123966942149,0.21589319771137952,0.3328671328671329,0.07272727272727272,3190,0.40559440559440557,18.55301655363737,546466,14.392478214564127,8.970177815492379,2.666705723900823,2022-02-01,2,2022,14
QSL,202203,3362,1962,2956,671,8951,0.37560049156518827,0.21919338621383086,0.3302424310132946,0.0749636912076863,3627,0.4052061222209809,18.55301655363737,546466,16.379793070383155,9.099520536870939,2.796048445279384,2022-03-01,3,2022,15
QSL,202204,2904,1664,2674,600,7842,0.3703136954858455,0.2121907676613109,0.3409844427441979,0.07651109410864575,3274,0.4174955368528437,18.55301655363737,546466,14.350389594229101,8.967249182852276,2.663777091260722,2022-04-01,4,2022,16
QSL,202205,2980,1743,2687,618,8028,0.37120079720976584,0.2171150971599402,0.3347035376183358,0.07698056801195814,3305,0.41168410563029395,18.55301655363737,546466,14.690758436938436,8.990690709916228,2.687218618324674,2022-05-01,5,2022,17
QSL,202206,2787,1589,2687,590,7653,0.36417091336730695,0.20763099438128838,0.3511041421664707,0.07709395008493401,3277,0.4281980922514047,18.55301655363737,546466,14.004530931476065,8.942853006809921,2.639380915218366,2022-06-01,6,2022,18
QSL,202207,2889,1574,2740,618,7821,0.3693901035673188,0.20125303669607467,0.3503388313514896,0.079018028385117,3358,0.4293568597366066,18.55301655363737,546466,14.311960853923209,8.964567702601611,2.6610956110100563,2022-07-01,7,2022,19
QSL,202208,2891,1493,2638,651,7673,0.3767757070246318,0.19457839176332595,0.34380294539293627,0.08484295581910596,3289,0.4286459012120422,18.55301655363737,546466,14.041129731767393,8.945462952177666,2.64199086058611,2022-08-01,8,2022,20
QSL,202209,2662,1232,2446,618,6958,0.3825812014946824,0.17706237424547283,0.3515377982178787,0.08881862604196608,3064,0.4403564242598448,18.55301655363737,546466,12.73272262135247,8.847647355711887,2.5441752641203323,2022-09-01,9,2022,21
QSL,202210,2841,1604,2570,674,7689,0.36948888021849396,0.20860970217193392,0.3342437248016647,0.0876576928079074,3244,0.4219014176095721,18.55301655363737,546466,14.070408772000455,8.94754601503218,2.644073923440626,2022-10-01,10,2022,22
QSL,202211,3055,1724,2654,624,8057,0.37917338959910635,0.21397542509618964,0.3294030035993546,0.07744818170534938,3278,0.406851185304704,18.55301655363737,546466,14.74382669736086,8.994296557777195,2.690824466185641,2022-11-01,11,2022,23
QSL,202212,2821,1484,2437,625,7367,0.38292384959956566,0.2014388489208633,0.3307995113343288,0.0848377901452423,3062,0.41563730147957106,18.55301655363737,546466,13.481168087310099,8.904765846682814,2.6012937550912585,2022-12-01,12,2022,24
QSL,202301,3313,1689,2737,647,8386,0.39506320057238253,0.20140710708323395,0.32637729549248745,0.07715239685189602,3384,0.4035296923443835,18.55301655363737,546466,15.34587696215318,9.034318927730707,2.730846836139153,2023-01-01,1,2023,25
QSL,202302,3039,1595,2491,639,7764,0.39142194744976816,0.20543534260690366,0.3208397733127254,0.08230293663060279,3130,0.4031427099433282,18.55301655363737,546466,14.20765427309293,8.957252944288902,2.653780852697346,2023-02-01,2,2023,26
QSL,202303,3427,1837,2864,691,8819,0.38859281097630116,0.20830026080054428,0.3247533733983445,0.07835355482481007,3555,0.4031069282231545,18.55301655363737,546466,16.1382409884604,9.08466376388818,2.7811916722966257,2023-03-01,3,2023,27
QSL,202304,2903,1337,2598,612,7450,0.38966442953020136,0.17946308724832213,0.3487248322147651,0.08214765100671141,3210,0.43087248322147653,18.55301655363737,546466,13.633053108519103,8.915969311373605,2.61249721978205,2023-04-01,4,2023,28
QSL,202305,3131,1486,2896,696,8209,0.38141064685101717,0.18102083079546838,0.35278353027165305,0.08478499208186137,3592,0.43756852235351446,18.55301655363737,546466,15.02197757957494,9.012986392348266,2.709514300756711,2023-05-01,5,2023,29
QSL,202306,3147,1576,3089,704,8516,0.36953968999530296,0.18506341005166746,0.36272898074213245,0.08266791921089714,3793,0.4453968999530296,18.55301655363737,546466,15.583769164046803,9.049702026013371,2.746229934421815,2023-06-01,6,2023,30
QSL,202307,2942,1396,2653,672,7663,0.3839227456609683,0.18217408325720996,0.34620905650528516,0.0876941145765366,3325,0.43390317108182175,18.55301655363737,546466,14.02283033162173,8.944158830970403,2.6406867393788493,2023-07-01,7,2023,31
QSL,202308,3000,1627,2524,639,7790,0.3851091142490372,0.20885750962772787,0.32400513478819,0.08202824133504492,3163,0.4060333761232349,18.55301655363737,546466,14.255232713471653,8.960596138864794,2.657124047273239,2023-08-01,8,2023,32
QSL,202309,3019,1597,2651,682,7949,0.37979620077997234,0.20090577431123413,0.3335010693168952,0.08579695559189836,3333,0.41929802490879353,18.55301655363737,546466,14.546193175787698,8.980801413573113,2.6773293219815577,2023-09-01,9,2023,33
QSL,202310,3003,1639,2490,689,7821,0.38396624472573837,0.20956399437412096,0.31837360951285004,0.08809615138729063,3179,0.40646976090014064,18.55301655363737,546466,14.311960853923209,8.964567702601611,2.6610956110100563,2023-10-01,10,2023,34
QSL,202311,3177,1784,2586,687,8234,0.38583920330337623,0.21666261841146467,0.31406363857177555,0.08343453971338353,3273,0.3974981782851591,18.55301655363737,546466,15.0677260799391,9.01602720232985,2.712555110738295,2023-11-01,11,2023,35
QSL,202312,2791,1696,2499,657,7643,0.36517074447206593,0.2219023943477692,0.3269658511055868,0.08596101007457804,3156,0.41292686118016486,18.55301655363737,546466,13.986231531330404,8.941545475242885,2.6380733836513293,2023-12-01,12,2023,36
QSL,202401,3445,1941,2778,681,8845,0.3894855850763143,0.21944601469756925,0.31407574901074053,0.07699265121537592,3459,0.39106840022611644,18.55301655363737,546466,16.18581942883912,9.087607606593886,2.7841355150023306,2024-01-01,1,2024,37
QSL,202402,3008,1806,2407,697,7918,0.379893912604193,0.22808790098509724,0.30399090679464513,0.08802727961606466,3104,0.3920181864107098,18.55301655363737,546466,14.489465035336142,8.976893927666076,2.673421836074521,2024-02-01,2,2024,38
QSL,202403,3291,1816,2646,711,8464,0.38882325141776936,0.21455576559546313,0.31261814744801514,0.08400283553875236,3357,0.3966209829867675,18.55301655363737,546466,15.488612283289354,9.043577154098081,2.7401050625065255,2024-03-01,3,2024,39
QSL,202404,3311,1949,2805,715,8780,0.37710706150341683,0.22198177676537587,0.3194760820045558,0.08143507972665148,3520,0.4009111617312073,18.55301655363737,546466,16.066873327892313,9.080231686629162,2.7767595950376074,2024-04-01,4,2024,40
QSL,202405,3193,1763,2683,731,8370,0.3814814814814815,0.2106332138590203,0.3205495818399044,0.08733572281959379,3414,0.4078853046594982,18.55301655363737,546466,15.31659792192012,9.032409163483521,2.728937071891966,2024-05-01,5,2024,41
QSL,202406,2947,1646,2473,689,7755,0.3800128949065119,0.2122501611863314,0.3188910380399742,0.08884590586718247,3162,0.40773694390715665,18.55301655363737,546466,14.191184812961831,8.956093075610639,2.652620984019084,2024-06-01,6,2024,42
QSL,202407,2698,1849,2540,724,7811,0.345410318781206,0.23671744975035205,0.3251824350275253,0.09268979644091666,3264,0.41787223146844193,18.55301655363737,546466,14.293661453777545,8.963288275610298,2.659816184018742,2024-07-01,7,2024,43
QSL,202408,2637,1648,2530,673,7488,0.35216346153846156,0.22008547008547008,0.33787393162393164,0.08987713675213675,3203,0.42775106837606836,18.55301655363737,546466,13.702590829072623,8.921057018157429,2.617584926565873,2024-08-01,8,2024,44
QSL,202409,2342,1674,2307,681,7004,0.3343803540833809,0.23900628212450029,0.32938320959451745,0.09723015419760137,2988,0.4266133637921188,18.55301655363737,546466,12.816899862022522,8.854236693405742,2.5507646018141874,2024-09-01,9,2024,45
QSL,202410,2696,1850,2624,664,7834,0.3441409241766658,0.23615011488383966,0.33495021700280825,0.08475874393668624,3288,0.4197089609394945,18.55301655363737,546466,14.33575007411257,8.966228514225776,2.6627564226342213,2024-10-01,10,2024,46
QSL,202411,2658,1838,2548,673,7717,0.3444343656861475,0.23817545678372423,0.33018012180899314,0.08721005572113516,3221,0.4173901775301283,18.55301655363737,546466,14.121647092408312,8.951180966457603,2.6477088748660482,2024-11-01,11,2024,47
QSL,202412,2498,1689,2509,671,7367,0.3390796796525044,0.22926564408850278,0.3405728247590607,0.09108185149993213,3180,0.4316546762589928,18.55301655363737,546466,13.481168087310099,8.904765846682814,2.6012937550912585,2024-12-01,12,2024,48
QSL,202501,2825,2005,2820,711,8361,0.3378782442291592,0.23980385121396963,0.3372802296376032,0.08503767491926803,3531,0.4223179045568712,18.55301655363737,546466,15.300128461789024,9.031333316150057,2.7278612245585028,2025-01-01,1,2025,49
QSL,202502,2473,1922,2537,668,7600,0.32539473684210524,0.2528947368421053,0.33381578947368423,0.08789473684210526,3205,0.4217105263157895,18.55301655363737,546466,13.907544110704052,8.935903526274423,2.6324314346828674,2025-02-01,2,2025,50
QSL,202503,2603,2077,2648,716,8044,0.3235952262555942,0.2582048731974142,0.32918945798110394,0.08901044256588762,3364,0.4181999005469915,18.55301655363737,546466,14.720037477171498,8.992681750892542,2.6892096593009875,2025-03-01,3,2025,51
QSL,202504,2336,1937,2461,646,7380,0.3165311653116531,0.26246612466124664,0.33346883468834687,0.08753387533875338,3107,0.42100271002710027,18.55301655363737,546466,13.50495730749946,8.906528917594517,2.603056826002963,2025-04-01,4,2025,52
QSL,202505,2493,2037,2562,678,7770,0.32084942084942086,0.26216216216216215,0.32972972972972975,0.08725868725868725,3240,0.416988416988417,18.55301655363737,546466,14.218633913180327,8.958025443361693,2.6545533517701383,2025-05-01,5,2025,53
QSL,202506,2441,1937,2615,683,7676,0.3180041688379364,0.25234497133923917,0.34067222511724854,0.08897863470557582,3298,0.42965085982282436,18.55301655363737,546466,14.04661955181109,8.94585385712759,2.6423817655360353,2025-06-01,6,2025,54
QSL,202507,2560,2087,2694,730,8071,0.31718498327344813,0.25858010159831496,0.33378763474166767,0.0904472803865692,3424,0.4242349151282369,18.55301655363737,546466,14.76944585756479,8.996032669324372,2.6925605777328174,2025-07-01,7,2025,55
QSL,202508,2292,1764,2335,651,7042,0.3254757171258165,0.2504970178926441,0.3315819369497302,0.09244532803180915,2986,0.4240272649815393,18.55301655363737,546466,12.886437582576043,8.859647499714997,2.5561754081234427,2025-08-01,8,2025,56
QSL,202509,2506,1779,2387,684,7356,0.3406742794997281,0.24184339314845024,0.3244970092441544,0.0929853181076672,3071,0.41748232735182167,18.55301655363737,546466,13.461038747149868,8.903271585724212,2.5997994941326565,2025-09-01,9,2025,57
QSL,202510,2566,1980,2481,698,7725,0.332168284789644,0.2563106796116505,0.3211650485436893,0.09035598705501618,3179,0.4115210355987055,18.55301655363737,546466,14.136286612524842,8.952217101765946,2.648745010174391,2025-10-01,10,2025,58
QSL,202511,2339,1806,2365,653,7163,0.32653915957001256,0.2521289962306296,0.33016892363534833,0.09116292056400949,3018,0.4213318441993578,18.55301655363737,546466,13.107860324338569,8.876684166614451,2.573212075022896,2025-11-01,11,2025,59
QSL,202512,2540,1918,2572,699,7729,0.328632423340665,0.24815629447535256,0.3327726743433821,0.09043860784060033,3271,0.4232112821839824,18.55301655363737,546466,14.143606372583106,8.952734767106872,2.649262675515316,2025-12-01,12,2025,60
QT1,202101,5519,2931,6821,1793,17064,0.3234294421003282,0.17176511954992968,0.3997304266291608,0.10507501172058134,8614,0.5048054383497421,23.51054178184119,1122210,15.205710161199775,9.744726260151186,2.7216710258064722,2021-01-01,1,2021,1
QT1,202102,5633,2789,6509,1702,16633,0.3386641014849997,0.16767871099621234,0.39133048758492156,0.10232669993386641,8211,0.49365718751878795,23.51054178184119,1122210,14.821646572388412,9.719143952790535,2.6960887184458207,2021-02-01,2,2021,2
QT1,202103,6236,3195,7323,1856,18610,0.33508866200967224,0.17168189145620635,0.39349811929070394,0.09973132724341752,9179,0.49322944653412143,23.51054178184119,1122210,16.583348927562575,9.831454349636296,2.808399115291582,2021-03-01,3,2021,3
QT1,202104,6304,3387,7330,1812,18833,0.3347315881697021,0.17984389104231932,0.38921042850315934,0.0962140922848192,9142,0.48542452078797854,23.51054178184119,1122210,16.782063963072865,9.843365929194746,2.820310694850033,2021-04-01,4,2021,4
QT1,202105,5327,2728,6334,1621,16010,0.3327295440349781,0.17039350405996254,0.39562773266708307,0.10124921923797627,7955,0.4968769519050593,23.51054178184119,1122210,14.266492011299132,9.68096880599076,2.6579135716460462,2021-05-01,5,2021,5
QT1,202106,5693,2964,6797,1820,17274,0.329570452703485,0.17158735672108372,0.39348153293967814,0.10536065763575315,8617,0.4988421905754313,23.51054178184119,1122210,15.392840912128746,9.756957759840232,2.7339025254955165,2021-06-01,6,2021,6
QT1,202107,5489,2817,6683,1674,16663,0.32941247074356356,0.16905719258236812,0.4010682350117026,0.10046210166236572,8357,0.5015303366740683,23.51054178184119,1122210,14.848379536806837,9.720945971538624,2.697890737193909,2021-07-01,7,2021,7
QT1,202108,4976,2522,6250,1614,15362,0.3239161567504231,0.164171331857831,0.40684806665798723,0.10506444473375863,7864,0.5119125113917459,23.51054178184119,1122210,13.689059979861167,9.639652206558628,2.616596972213913,2021-08-01,8,2021,8
QT1,202109,5399,2750,6652,1895,16696,0.3233708672735985,0.16471011020603737,0.39841878294202204,0.11350023957834211,8547,0.5119190225203641,23.51054178184119,1122210,14.877785797667103,9.722924448757036,2.6998692144123226,2021-09-01,9,2021,9
QT1,202110,5157,2577,6091,1696,15521,0.3322595193608659,0.16603311642291088,0.39243605437793955,0.10927130983828362,7787,0.5017073642162232,23.51054178184119,1122210,13.830744691278817,9.649949224651184,2.6268939903064705,2021-10-01,10,2021,10
QT1,202111,5518,2774,6578,1837,16707,0.33028072065601244,0.16603818758604177,0.3937271802238583,0.10995391153408751,8415,0.5036810917579457,23.51054178184119,1122210,14.887587884620524,9.723583072257778,2.700527837913064,2021-11-01,11,2021,11
QT1,202112,5108,2882,6716,1835,16541,0.3088084154525119,0.17423372226588477,0.40602140136630194,0.11093646091530138,8551,0.5169578622816033,23.51054178184119,1122210,14.739665481505245,9.713597426242222,2.690542191897507,2021-12-01,12,2021,12
QT1,202201,5581,3063,6816,1820,17280,0.32297453703703705,0.17725694444444445,0.39444444444444443,0.10532407407407407,8636,0.4997685185185185,23.51054178184119,1122210,15.39818750501243,9.757305042358047,2.7342498080133324,2022-01-01,1,2022,13
QT1,202202,5510,2930,6362,1771,16573,0.33246847281723285,0.1767935799191456,0.3838773909370663,0.10686055632655524,8133,0.4907379472636216,23.51054178184119,1122210,14.768180643551563,9.715530144123544,2.69247490977883,2022-02-01,2,2022,14
QT1,202203,6240,3410,7322,1981,18953,0.3292354772331557,0.1799187463726059,0.38632406479185355,0.10452171160238485,9303,0.4908457763942384,23.51054178184119,1122210,16.888995820746562,9.8497175093263,2.8266622749815857,2022-03-01,3,2022,15
QT1,202204,5304,2947,6438,1792,16481,0.32182513197014745,0.17881196529336812,0.3906316364298283,0.10873126630665615,8230,0.4993629027364844,23.51054178184119,1122210,14.686199552668397,9.70996348123418,2.686908246889466,2022-04-01,4,2022,16
QT1,202205,6368,3490,7564,2106,19528,0.3260958623514953,0.1787177386317083,0.3873412535845965,0.10784514543219992,9670,0.4951863990167964,23.51054178184119,1122210,17.401377638766363,9.879604612072796,2.856549377728082,2022-05-01,5,2022,17
QT1,202206,6162,3460,7576,2047,19245,0.32018706157443494,0.179786957651338,0.3936606910885944,0.10636528968563264,9623,0.5000259807742271,23.51054178184119,1122210,17.149196674419226,9.865006565717847,2.8419513313731324,2022-06-01,6,2022,18
QT1,202207,5887,3228,7394,2082,18591,0.31665859824646336,0.17363240277553654,0.39771932655586034,0.11198967242213974,9476,0.5097089989780001,23.51054178184119,1122210,16.566418050097575,9.830432871630217,2.807377637285503,2022-07-01,7,2022,19
QT1,202208,5715,2909,7160,2099,17883,0.31957725213890287,0.16266845607560254,0.40038024939887046,0.11737404238662417,9259,0.5177542917854946,23.51054178184119,1122210,15.935520089822761,9.791605819888035,2.768550585543322,2022-08-01,8,2022,20
QT1,202209,5516,2696,6732,2007,16951,0.32540853047017876,0.15904666391363342,0.3971447112264763,0.11840009438971152,8739,0.5155448056161879,23.51054178184119,1122210,15.10501599522371,9.738082108118487,2.715026873773772,2022-09-01,9,2022,21
QT1,202210,5632,3087,6644,2054,17417,0.32336223230177413,0.17724062697364643,0.38146638341849914,0.11793075730608027,8698,0.4993971407245794,23.51054178184119,1122210,15.520268042523234,9.765202019731785,2.742146785387071,2022-10-01,10,2022,22
QT1,202211,6281,3202,7399,2103,18985,0.33084013695022385,0.16865946800105347,0.3897287332104293,0.11077166183829339,9502,0.5005003950487227,23.51054178184119,1122210,16.917510982792884,9.851404472665903,2.828349238321189,2022-11-01,11,2022,23
QT1,202212,6002,3100,7004,2004,18110,0.33141910546659303,0.17117614577581447,0.3867476532302595,0.11065709552733297,9008,0.4974047487575925,23.51054178184119,1122210,16.13779952058884,9.804219550877459,2.781164316532745,2022-12-01,12,2022,24
QT1,202301,6516,3364,7429,2135,19444,0.3351162312281424,0.17300966879242954,0.3820715902077762,0.10980250977165193,9564,0.4918740999794281,23.51054178184119,1122210,17.326525338394774,9.875293818165346,2.8522385838206317,2023-01-01,1,2023,25
QT1,202302,6158,3118,6879,2023,18178,0.3387611398393663,0.1715260204642975,0.37842446913851907,0.11128837055781714,8902,0.4897128396963362,23.51054178184119,1122210,16.198394239937265,9.807967350678716,2.7849121163340014,2023-02-01,2,2023,26
QT1,202303,6903,3320,7634,2322,20179,0.34208830962882203,0.1645274790623916,0.37831408890430646,0.1150701224044799,9956,0.49338421130878635,23.51054178184119,1122210,17.981482966646173,9.912397738665884,2.88934250432117,2023-03-01,3,2023,27
QT1,202304,6040,2516,6831,2038,17425,0.3466284074605452,0.144390243902439,0.3920229555236729,0.1169583931133429,8869,0.5089813486370158,23.51054178184119,1122210,15.527396833034816,9.765661235628725,2.7426060012840106,2023-04-01,4,2023,28
QT1,202305,6660,2809,7747,2219,19435,0.34268073064059684,0.14453305891432983,0.3986107537947003,0.11417545665037304,9966,0.5127862104450733,23.51054178184119,1122210,17.31850544906925,9.874830843286324,2.8517756089416095,2023-05-01,5,2023,29
QT1,202306,6908,2894,8246,2266,20314,0.34006104164615536,0.1424633257851728,0.40592694693314957,0.1115486856355223,10512,0.5174756325686719,23.51054178184119,1122210,18.10178130652908,9.919065582499446,2.896010348154732,2023-06-01,6,2023,30
QT1,202307,6188,2647,7125,2078,18038,0.34305355360904755,0.14674575895332076,0.39499944561481315,0.11520124182281849,9203,0.5102006874376317,23.51054178184119,1122210,16.07364040598462,9.800235922725653,2.7771806883809393,2023-07-01,7,2023,31
QT1,202308,6444,3046,7294,2288,19072,0.3378775167785235,0.15971057046979867,0.38244546979865773,0.11996644295302013,9582,0.5024119127516778,23.51054178184119,1122210,16.995036579606314,9.855976569865076,2.8329213355203624,2023-08-01,8,2023,32
QT1,202309,5988,3083,7025,2098,18194,0.329119489941739,0.16945146751676377,0.386116302077608,0.11531274046388919,9123,0.5014290425414972,23.51054178184119,1122210,16.212651820960428,9.808847148382007,2.785791914037293,2023-09-01,9,2023,33
QT1,202310,5999,3096,6875,2136,18106,0.33132663205567214,0.17099304098089033,0.37970838396111783,0.11797194300231967,9011,0.49768032696343756,23.51054178184119,1122210,16.13423512533305,9.803998654035386,2.7809434196906717,2023-10-01,10,2023,34
QT1,202311,6659,3450,7190,2163,19462,0.3421539410132566,0.17726852327612783,0.3694378789435824,0.11113965676703319,9353,0.48057753571061557,23.51054178184119,1122210,17.34256511704583,9.876219125381935,2.8531638910372203,2023-11-01,11,2023,35
QT1,202312,5900,3152,6707,2123,17882,0.32994072251426015,0.1762666368415166,0.37506990269544793,0.1187227379487753,8830,0.49379264064422324,23.51054178184119,1122210,15.934628991008813,9.791549899295264,2.7684946649505493,2023-12-01,12,2023,36
QT1,202401,7062,3750,7523,2307,20642,0.34211801182056,0.18166844298033136,0.36445111907760874,0.11176242612149985,9830,0.47621354519910863,23.51054178184119,1122210,18.394061717503856,9.935083114125879,2.9120278797811645,2024-01-01,1,2024,37
QT1,202402,6408,3523,6889,2120,18940,0.33833157338965153,0.18600844772967265,0.363727560718057,0.1119324181626188,9009,0.4756599788806758,23.51054178184119,1122210,16.877411536165248,9.84903136674007,2.8259761323953554,2024-02-01,2,2024,38
QT1,202403,6767,3569,7274,2184,19794,0.34187127412347174,0.18030716378700617,0.36748509649388705,0.11033646559563504,9458,0.4778215620895221,23.51054178184119,1122210,17.638409923276395,9.893134140456636,2.8700789061119223,2024-03-01,3,2024,39
QT1,202404,6656,3649,7535,2205,20045,0.33205288101771013,0.18204040907957098,0.37590421551509107,0.11000249438762784,9740,0.4859067099027189,23.51054178184119,1122210,17.86207572557721,9.905735025076607,2.8826797907318933,2024-04-01,4,2024,40
QT1,202405,6650,3509,7689,2267,20115,0.3305990554312702,0.17444693015162813,0.38225205070842655,0.11270196370867512,9956,0.4949540144171017,23.51054178184119,1122210,17.924452642553533,9.909221084383889,2.8861658500391743,2024-05-01,5,2024,41
QT1,202406,6111,3237,7141,2177,18666,0.3273866923818708,0.17341690774670523,0.38256723454409086,0.11662916532733313,9318,0.499196399871424,23.51054178184119,1122210,16.633250461143636,9.834458966125691,2.811403731780978,2024-06-01,6,2024,42
QT1,202407,6306,3424,7420,2352,19502,0.3233514511332171,0.1755717362321813,0.38047379755922467,0.12060301507537688,9772,0.5010768126346016,23.51054178184119,1122210,17.378209069603727,9.878272303395065,2.85521706905035,2024-07-01,7,2024,43
QT1,202408,6007,3334,7340,2398,19079,0.3148487866240369,0.1747471041459196,0.3847161800932963,0.1256879291367472,9738,0.5104041092300435,23.51054178184119,1122210,17.001274271303945,9.85634353272731,2.8332882983825964,2024-08-01,8,2024,44
QT1,202409,5628,3104,6920,2096,17748,0.31710615280594995,0.17489294568402072,0.38990308767185033,0.11809781383817895,9016,0.5080009015100293,23.51054178184119,1122210,15.81522174993985,9.7840281124988,2.7609728781540857,2024-09-01,9,2024,45
QT1,202410,6012,3520,7477,2248,19257,0.3121981617074311,0.18279067352131692,0.38827439372695643,0.11673677104429558,9725,0.505011164771252,23.51054178184119,1122210,17.159889860186595,9.865629909979887,2.8425746756351735,2024-10-01,10,2024,46
QT1,202411,5793,3400,7485,2170,18848,0.30735356536502545,0.1803904923599321,0.39712436332767403,0.11513157894736842,9655,0.5122559422750425,23.51054178184119,1122210,16.79543044528208,9.844162086451313,2.8211068521065994,2024-11-01,11,2024,47
QT1,202412,5642,3406,7114,2143,18305,0.30822179732313576,0.1860693799508331,0.3886369844304835,0.11707183829554767,9257,0.5057088227260311,23.51054178184119,1122210,16.311563789308597,9.814929525554337,2.7918742912096226,2024-12-01,12,2024,48
QT1,202501,6553,3927,8164,2352,20996,0.31210706801295485,0.1870356258334921,0.3888359687559535,0.11202133739759955,10516,0.5008573061535531,23.51054178184119,1122210,18.709510697641264,9.95208722237219,2.9290319880274764,2025-01-01,1,2025,49
QT1,202502,5611,3426,7168,2039,18244,0.3075531681648761,0.18778776584082438,0.392896294672221,0.11176277132207849,9207,0.5046590659942995,23.51054178184119,1122210,16.257206761657798,9.81159153783159,2.7885363034868766,2025-02-01,2,2025,50
QT1,202503,6146,3901,7602,2202,19851,0.3096065689385925,0.19651402951992342,0.3829529998488741,0.11092640169260995,9804,0.4938794015414841,23.51054178184119,1122210,17.6892025556714,9.89600966268017,2.872954428335455,2025-03-01,3,2025,51
QT1,202504,5797,3688,7211,2160,18856,0.3074352991090369,0.19558761137038608,0.38242469240560034,0.11455239711497667,9371,0.496977089520577,23.51054178184119,1122210,16.80255923579366,9.844586444615967,2.821531210271253,2025-04-01,4,2025,52
QT1,202505,5874,3863,7437,2265,19439,0.30217603786202996,0.19872421420854983,0.3825814085086681,0.1165183394207521,9702,0.49909974792942025,23.51054178184119,1122210,17.322069844325036,9.875036636362113,2.8519814020173984,2025-05-01,5,2025,53
QT1,202506,5882,3668,7357,2166,19073,0.3083940649085094,0.19231374193886647,0.3857285167514287,0.11356367640119541,9523,0.49929219315262413,23.51054178184119,1122210,16.99592767842026,9.856029001376427,2.8329737670317123,2025-06-01,6,2025,54
QT1,202507,5997,3811,7551,2249,19608,0.30584455324357407,0.194359445124439,0.38509791921664627,0.11469808241534067,9800,0.49979600163198695,23.51054178184119,1122210,17.472665543882158,9.88369292520795,2.8606376908632343,2025-07-01,7,2025,55
QT1,202508,5119,3135,6754,2002,17010,0.30094062316284537,0.18430335097001763,0.3970605526161082,0.1176954732510288,8756,0.514756025867137,23.51054178184119,1122210,15.157590825246611,9.741556685389908,2.718501451045193,2025-08-01,8,2025,56
QT1,202509,5374,3344,6895,2175,17788,0.30211378457387,0.1879919046548235,0.3876208680008995,0.12227344277040701,9070,0.5098943107713065,23.51054178184119,1122210,15.85086570249775,9.786279351630586,2.7632241172858727,2025-09-01,9,2025,57
QT1,202510,5772,3511,7223,2174,18680,0.3089935760171306,0.18795503211991435,0.3866702355460385,0.11638115631691649,9397,0.503051391862955,23.51054178184119,1122210,16.6457258445389,9.835208711782833,2.8121534774381196,2025-10-01,10,2025,58
QT1,202511,5410,3331,6791,2016,17548,0.30829724185092316,0.18982220196033736,0.3869956690221108,0.11488488716662867,8807,0.5018805561887395,23.51054178184119,1122210,15.637001987150356,9.772695262286105,2.7496400279413904,2025-11-01,11,2025,59
QT1,202512,5446,3423,7160,2130,18159,0.29990638251005014,0.18850156946968447,0.39429484002423043,0.11729720799603502,9290,0.5115920480202655,23.51054178184119,1122210,16.181463362472265,9.806921584559797,2.783866350215083,2025-12-01,12,2025,60
QT6,202101,3274,1599,3657,825,9355,0.34997327632282205,0.1709246392303581,0.3909139497594869,0.08818813468733298,4482,0.4791020844468199,23.024917945126653,552618,16.928511195798905,9.14366623870819,2.8289992534594695,2021-01-01,1,2021,1
QT6,202102,3218,1639,3553,817,9227,0.34875907662295436,0.17763086593692423,0.38506556844044654,0.08854448899967486,4370,0.47361005744012136,23.024917945126653,552618,16.69688645682913,9.129889247578555,2.8152222623298355,2021-02-01,2,2021,2
QT6,202103,3803,1960,4096,908,10767,0.35320887898207487,0.1820377078109037,0.3804216587721742,0.08433175443484722,5004,0.46475341320702146,23.024917945126653,552618,19.483621597559257,9.284241179815718,2.969574194566997,2021-03-01,3,2021,3
QT6,202104,3593,1921,3833,890,10237,0.3509817329295692,0.18765263260720913,0.37442610139689364,0.08693953306632803,4723,0.46136563446322165,23.024917945126653,552618,18.524550412762522,9.233763886919771,2.9190969016710504,2021-04-01,4,2021,4
QT6,202105,3159,1592,3543,875,9169,0.3445304831497437,0.17362853091940234,0.38641073181372015,0.09543025411713382,4418,0.48184098593085395,23.024917945126653,552618,16.59193149698345,9.1235835080499,2.8089165228011805,2021-05-01,5,2021,5
QT6,202106,3297,1714,3600,908,9519,0.3463599117554365,0.18006093077003887,0.3781909864481563,0.09538817102636832,4508,0.4735791574745246,23.024917945126653,552618,17.22528039260393,9.161045080251306,2.846378095002585,2021-06-01,6,2021,6
QT6,202107,3348,1640,3520,770,9278,0.3608536322483294,0.1767622332399224,0.3793921103686139,0.0829920241431343,4290,0.4623841345117482,23.024917945126653,552618,16.789174438762398,9.135401285311689,2.8207343000629685,2021-07-01,7,2021,7
QT6,202108,3008,1454,3347,784,8593,0.35005236820667984,0.16920749447224484,0.3895030839055045,0.09123705341557081,4131,0.4807401373210753,23.024917945126653,552618,15.549620171619456,9.058703197313223,2.7440362120645028,2021-08-01,8,2021,8
QT6,202109,3090,1609,3550,872,9121,0.3387786426926872,0.17640609582282643,0.3892117092424076,0.09560355224207871,4422,0.48481526148448634,23.024917945126653,552618,16.505072219869785,9.118334726180159,2.8036677409314383,2021-09-01,9,2021,9
QT6,202110,3047,1459,3398,863,8767,0.3475533249686324,0.16641952777460933,0.38758982548192084,0.09843732177483745,4261,0.4860271472567583,23.024917945126653,552618,15.864485051156496,9.078749951588586,2.764082966339865,2021-10-01,10,2021,10
QT6,202111,3356,1621,3581,829,9387,0.3575157132204112,0.17268562906146798,0.3814850324917439,0.08831362522637691,4410,0.4697986577181208,23.024917945126653,552618,16.98641738054135,9.147081032336992,2.8324140470882715,2021-11-01,11,2021,11
QT6,202112,3244,1649,3620,837,9350,0.346951871657754,0.17636363636363636,0.3871657754010695,0.08951871657754011,4457,0.4766844919786096,23.024917945126653,552618,16.9194633544329,9.143131622282732,2.8284646370340125,2021-12-01,12,2021,12
QT6,202201,3314,1678,3583,797,9372,0.35360648740930434,0.1790439607341016,0.38230900554844216,0.08504054630815194,4380,0.4673495518565941,23.024917945126653,552618,16.95927385644333,9.145481799627687,2.8308148143789658,2022-01-01,1,2022,13
QT6,202202,3160,1747,3579,807,9293,0.3400408909932207,0.1879909609383407,0.3851285914128914,0.08683955665554718,4386,0.4719681480684386,23.024917945126653,552618,16.81631796286042,9.13701670755734,2.822349722308619,2022-02-01,2,2022,14
QT6,202203,3544,1995,3983,936,10458,0.3388793268311341,0.19076305220883535,0.3808567603748327,0.08950086058519793,4919,0.4703576209600306,23.024917945126653,552618,18.924465001140028,9.255122514748075,2.9404555294993555,2022-03-01,3,2022,15
QT6,202204,3086,1677,3423,789,8975,0.34384401114206126,0.1868523676880223,0.3813927576601671,0.0879108635097493,4212,0.4693036211699164,23.024917945126653,552618,16.24087525198238,9.10219821335648,2.7875312281077593,2022-04-01,4,2022,16
QT6,202205,3226,1795,3645,876,9542,0.3380842590651855,0.18811569901488157,0.38199538880737793,0.09180465311255502,4521,0.4738000419199329,23.024917945126653,552618,17.266900462887563,9.163458386076051,2.848791400827332,2022-05-01,5,2022,17
QT6,202206,3134,1624,3480,891,9129,0.3433015664366305,0.17789462153576516,0.38120276043378243,0.09760105159382189,4371,0.47880381202760436,23.024917945126653,552618,16.519548766055394,9.119211438565081,2.8045444533163604,2022-06-01,6,2022,18
QT6,202207,3147,1693,3568,861,9269,0.339518826194843,0.18265185025353328,0.3849390441255799,0.0928902794260438,4429,0.4778293235516237,23.024917945126653,552618,16.772888324303587,9.134430777875833,2.8197637926271124,2022-07-01,7,2022,19
QT6,202208,3018,1487,3528,902,8935,0.33777280358142137,0.1664241745942921,0.3948517067711248,0.10095131505316172,4430,0.49580302182428654,23.024917945126653,552618,16.16849252105433,9.097731427593528,2.7830644423448083,2022-08-01,8,2022,20
QT6,202209,3012,1426,3265,888,8591,0.3505994645559306,0.16598766150622746,0.3800488883715516,0.1033639855662903,4153,0.48341287393784194,23.024917945126653,552618,15.546001035073052,9.058470422638056,2.743803437389336,2022-09-01,9,2022,21
QT6,202210,2988,1640,3238,926,8792,0.3398544131028208,0.18653321201091902,0.3682893539581438,0.10532302092811648,4164,0.47361237488626023,23.024917945126653,552618,15.909724257986529,9.081597496083457,2.766930510834737,2022-10-01,10,2022,22
QT6,202211,3355,1775,3675,958,9763,0.343644371607088,0.1818088702243163,0.37642118201372526,0.09812557615487043,4633,0.4745467581685957,23.024917945126653,552618,17.66681505126507,9.186355009225672,2.871688023976951,2022-11-01,11,2022,23
QT6,202212,3115,1661,3391,890,9057,0.3439328696036215,0.1833940598432152,0.3744065363807,0.09826653417246328,4281,0.4726730705531633,23.024917945126653,552618,16.389259850384896,9.111293218374948,2.7966262331262284,2022-12-01,12,2022,24
QT6,202301,3485,1788,3652,962,9887,0.3524830585617478,0.18084353191058966,0.3693739253565288,0.09729948417113381,4614,0.46667340952766256,23.024917945126653,552618,17.89120151714204,9.198976041897133,2.8843090566484126,2023-01-01,1,2023,25
QT6,202302,3203,1636,3211,883,8933,0.3585581551550431,0.1831411619836561,0.3594537109593642,0.09884697190193664,4094,0.45830068286130077,23.024917945126653,552618,16.164873384507924,9.09750756370184,2.782840578453119,2023-02-01,2,2023,26
QT6,202303,3648,1943,3727,1008,10326,0.35328297501452643,0.18816579508037962,0.3609335657563432,0.09761766414875073,4735,0.45855122990509395,23.024917945126653,552618,18.685601989077444,9.242420265439595,2.927753280190874,2023-03-01,3,2023,27
QT6,202304,2964,1556,3319,900,8739,0.3391692413319602,0.17805240874241904,0.37979173818514705,0.10298661174047374,4219,0.4827783499256208,23.024917945126653,552618,15.813817139506854,9.075551045627543,2.7608840603788236,2023-04-01,4,2023,28
QT6,202305,3260,1605,3652,952,9469,0.3442813391065582,0.1695004752349773,0.3856795860175309,0.10053859964093358,4604,0.4862181856584645,23.024917945126653,552618,17.134801978943866,9.1557785839835,2.8411115987347797,2023-05-01,5,2023,29
QT6,202306,3399,1665,3683,963,9710,0.3500514933058702,0.17147270854788876,0.37929969104016475,0.09917610710607622,4646,0.47847579814624097,23.024917945126653,552618,17.5709079327854,9.18091156128537,2.8662445760366504,2023-06-01,6,2023,30
QT6,202307,3323,1565,3623,985,9496,0.3499368155012637,0.16480623420387533,0.3815290648694187,0.1037278854254423,4608,0.485256950294861,23.024917945126653,552618,17.183660322320303,9.158625936289503,2.8439589510407837,2023-07-01,7,2023,31
QT6,202308,3418,1793,3422,1002,9635,0.3547483134405812,0.1860923715620135,0.3551634665282823,0.10399584846912299,4424,0.4591593149974053,23.024917945126653,552618,17.435190312295294,9.173157580848466,2.8584905955997466,2023-08-01,8,2023,32
QT6,202309,3417,1849,3326,980,9572,0.35697868783953196,0.19316757208524865,0.3474717927287923,0.10238194734642708,4306,0.4498537400752194,23.024917945126653,552618,17.321187511083604,9.166597449028265,2.8519304637795435,2023-09-01,9,2023,33
QT6,202310,3415,1970,3437,975,9797,0.3485760947228744,0.20108196386648974,0.35082168010615494,0.09952026130448097,4412,0.4503419414106359,23.024917945126653,552618,17.728340372553916,9.189831495344642,2.8751645100959218,2023-10-01,10,2023,34
QT6,202311,3441,1982,3353,948,9724,0.35386672151378035,0.20382558617852736,0.3448169477581242,0.09749074454956808,4301,0.4423076923076923,23.024917945126653,552618,17.596241888610216,9.182352335436015,2.8676853501872936,2023-11-01,11,2023,35
QT6,202312,2979,1905,3159,902,8945,0.33303521520402457,0.21296813862493014,0.35315818893236445,0.10083845723868083,4061,0.4539966461710453,23.024917945126653,552618,16.18658820378634,9.09884999594282,2.784183010694099,2023-12-01,12,2023,36
QT6,202401,3656,2145,3701,1011,10513,0.34775991629411207,0.20403310187387044,0.3520403310187387,0.0961666508132788,4712,0.4482069818320175,23.024917945126653,552618,19.023991256166102,9.26036786557583,2.9457008803271103,2024-01-01,1,2024,37
QT6,202402,3217,1875,3069,903,9064,0.35492056487202117,0.20686231244483672,0.33859223300970875,0.09962488967343336,3972,0.4382171226831421,23.024917945126653,552618,16.401926828297306,9.112065802707843,2.797398817459122,2024-02-01,2,2024,38
QT6,202403,3589,2094,3617,970,10270,0.3494644595910419,0.2038948393378773,0.352190847127556,0.09444985394352483,4587,0.44664070107108084,23.024917945126653,552618,18.584266165778168,9.236982302922604,2.9223153176738834,2024-03-01,3,2024,39
QT6,202404,3375,2121,3608,1066,10170,0.33185840707964603,0.20855457227138643,0.35476892822025563,0.1048180924287119,4674,0.45958702064896756,23.024917945126653,552618,18.403309338458033,9.227197489042606,2.9125305037938856,2024-04-01,4,2024,40
QT6,202405,3260,1992,3495,932,9679,0.33681165409649755,0.20580638495712367,0.3610910217997727,0.09629093914660605,4427,0.4573819609463788,23.024917945126653,552618,17.514811316316152,9.17771386914909,2.863046883900368,2024-05-01,5,2024,41
QT6,202406,3134,1926,3311,979,9350,0.3351871657754011,0.20598930481283423,0.35411764705882354,0.10470588235294118,4290,0.4588235294117647,23.024917945126653,552618,16.9194633544329,9.143131622282732,2.8284646370340125,2024-06-01,6,2024,42
QT6,202407,3249,1978,3356,1030,9613,0.3379798189951108,0.20576302923124934,0.34911057942369705,0.10714657234994279,4386,0.45625715177363985,23.024917945126653,552618,17.39537981028486,9.170871628065816,2.856204642817096,2024-07-01,7,2024,43
QT6,202408,2970,1846,3298,1024,9138,0.325016414970453,0.20201356970890785,0.36091048369446266,0.1120595316261764,4322,0.4729700153206391,23.024917945126653,552618,16.535834880514205,9.120196822123217,2.8055298368744963,2024-08-01,8,2024,44
QT6,202409,2946,1880,3135,975,8936,0.32967770814682185,0.21038495971351837,0.3508281110116383,0.10910922112802149,4110,0.4599373321396598,23.024917945126653,552618,16.170302089327528,9.097843340749037,2.7831763555003164,2024-09-01,9,2024,45
QT6,202410,3155,2107,3588,1008,9858,0.3200446337999594,0.21373503753296816,0.3639683505782106,0.10225197808886184,4596,0.4662203286670724,23.024917945126653,552618,17.8387240372192,9.196038587265322,2.881371602016603,2024-10-01,10,2024,46
QT6,202411,2990,1997,3406,915,9308,0.32122905027932963,0.21454662655779974,0.3659217877094972,0.09830253545337345,4321,0.46422432316287066,23.024917945126653,552618,16.843461486958443,9.138629524422182,2.823962539173462,2024-11-01,11,2024,47
QT6,202412,2852,2003,3287,900,9042,0.3154169431541694,0.22152178721521787,0.3635257686352577,0.099535500995355,4187,0.46306126963061267,23.024917945126653,552618,16.362116326286877,9.109635667854551,2.7949686826058304,2024-12-01,12,2024,48
QT6,202501,3284,2275,3585,983,10127,0.32428162338303546,0.2246469833119384,0.35400414732892266,0.09706724597610349,4568,0.45107139330502616,23.024917945126653,552618,18.32549790271037,9.222960403332285,2.9082934180835647,2025-01-01,1,2025,49
QT6,202502,2731,2055,3256,844,8886,0.30733738465001126,0.2312626603646185,0.366419086203016,0.09498086878235426,4100,0.46139995498537023,23.024917945126653,552618,16.07982367566746,9.092232283495854,2.7775652982471333,2025-02-01,2,2025,50
QT6,202503,3014,2235,3576,968,9793,0.30777085673440213,0.22822424180537118,0.3651587868885939,0.0988461145716328,4544,0.4640049014602267,23.024917945126653,552618,17.721102099461113,9.189423123720795,2.8747561384720743,2025-03-01,3,2025,51
QT6,202504,2685,2160,3131,920,8896,0.30182104316546765,0.24280575539568344,0.3519559352517986,0.10341726618705036,4051,0.4553732014388489,23.024917945126653,552618,16.097919358399473,9.093357016490364,2.778690031241643,2025-04-01,4,2025,52
QT6,202505,2895,2184,3394,961,9434,0.3068687725249099,0.23150307398770406,0.3597625609497562,0.10186559253762985,4355,0.46162815348738606,23.024917945126653,552618,17.071467089381816,9.152075463844207,2.8374084785954867,2025-05-01,5,2025,53
QT6,202506,3017,2038,3264,887,9206,0.3277210514881599,0.22137736258961546,0.3545513795350858,0.09635020638713883,4151,0.4509015859222246,23.024917945126653,552618,16.6588855230919,9.127610724377186,2.812943739128466,2025-06-01,6,2025,54
QT6,202507,3046,2301,3480,1017,9844,0.30942706216984966,0.23374644453474197,0.35351483136936207,0.10331166192604632,4497,0.45682649329540836,23.024917945126653,552618,17.813390081394378,9.194617411510947,2.879950426262226,2025-07-01,7,2025,55
QT6,202508,2742,2067,2974,863,8646,0.31714087439278277,0.23907009021512837,0.3439740920656951,0.0998149433263937,3837,0.4437890353920888,23.024917945126653,552618,15.645527290099128,9.064852065227576,2.7501850799788565,2025-08-01,8,2025,56
QT6,202509,2971,2161,3241,968,9341,0.3180601648645755,0.23134568033401134,0.34696499304143025,0.10362916175998287,4209,0.4505941548014131,23.024917945126653,552618,16.903177239974088,9.14216859187285,2.8275016066241285,2025-09-01,9,2025,57
QT6,202510,2995,2163,3400,949,9507,0.3150310297675397,0.22751656674029663,0.3576312191017145,0.09982118439044914,4349,0.45745240349216365,23.024917945126653,552618,17.203565573325516,9.15978364835903,2.84511666311031,2025-10-01,10,2025,58
QT6,202511,2884,2086,3294,891,9155,0.3150191152375751,0.22785363189513927,0.359803386127799,0.09732386673948662,4185,0.4571272528672856,23.024917945126653,552618,16.566597541158632,9.122055457108612,2.8073884718598907,2025-11-01,11,2025,59
QT6,202512,2939,2103,3275,981,9298,0.3160894816089482,0.22617767261776725,0.3522262852226285,0.10550656055065606,4256,0.4577328457732846,23.024917945126653,552618,16.825365804226426,9.13755460225053,2.82288761700181,2025-12-01,12,2025,60
QU9,202101,8232,4261,9568,2337,24398,0.3374047053037134,0.17464546274284778,0.39216329207312073,0.09578653988031806,11905,0.48794983195343883,11.234651982796255,1667544,14.63109818991283,10.102256440708683,2.683149276460433,2021-01-01,1,2021,1
QU9,202102,8259,4369,9227,2263,24118,0.34244133012687616,0.18115100754623104,0.3825773281366614,0.09383033419023136,11490,0.4764076623268928,11.234651982796255,1667544,14.463186578585033,10.090713728663538,2.671606564415288,2021-02-01,2,2021,2
QU9,202103,9760,5030,10686,2637,28113,0.3471703482374702,0.17892078397894212,0.38010884644114823,0.09380002134243944,13323,0.47390886778358765,11.234651982796255,1667544,16.858925461636993,10.243987381791934,2.8248802175436833,2021-03-01,3,2021,3
QU9,202104,9383,4869,10166,2463,26881,0.34905695472638665,0.181131654328336,0.37818533536698784,0.0916260555782895,12629,0.46981139094527735,11.234651982796255,1667544,16.12011437179469,10.199174996326047,2.780067832077797,2021-04-01,4,2021,4
QU9,202105,8106,4307,9417,2321,24151,0.335638275847791,0.17833630077429505,0.3899217423709163,0.09610368100699763,11738,0.48602542337791393,11.234651982796255,1667544,14.482976161348667,10.092081066090932,2.6729739018426817,2021-05-01,5,2021,5
QU9,202106,8662,4638,9703,2366,25369,0.34144034057314043,0.1828215538649533,0.382474673814498,0.09326343174740825,12069,0.47573810556190627,11.234651982796255,1667544,15.213391670624583,10.141283235182652,2.7221760709344025,2021-06-01,6,2021,6
QU9,202107,8185,4388,9540,2412,24525,0.33374108053007134,0.17891946992864424,0.3889908256880734,0.09834862385321101,11952,0.4873394495412844,11.234651982796255,1667544,14.707258099336508,10.107448284433564,2.688341120185314,2021-07-01,7,2021,7
QU9,202108,7272,3923,8803,2201,22199,0.32758232352808686,0.17671967205729988,0.3965493941168521,0.09914861029776116,11004,0.49569800441461326,11.234651982796255,1667544,13.312392356663452,10.007802521800768,2.5886953575525173,2021-08-01,8,2021,8
QU9,202109,7888,4131,9346,2578,23943,0.3294491082988765,0.17253477007893747,0.39034373303261916,0.10767238858956689,11924,0.498016121622186,11.234651982796255,1667544,14.35824182150516,10.083431284544119,2.664324120295869,2021-09-01,9,2021,9
QU9,202110,7472,3810,8589,2350,22221,0.33625849421718196,0.17145943026866478,0.3865262589442419,0.10575581656991134,10939,0.49228207551415326,11.234651982796255,1667544,13.325585411839208,10.008793066681399,2.589685902433149,2021-10-01,10,2021,10
QU9,202111,7925,4299,9482,2395,24101,0.32882453010248536,0.17837434131363844,0.3934276586033775,0.09937346998049873,11877,0.4928011285838762,11.234651982796255,1667544,14.45299194504013,10.090008612393838,2.670901448145587,2021-11-01,11,2021,11
QU9,202112,7701,4277,9415,2386,23779,0.323857184911056,0.1798645863997645,0.39593759199293493,0.10034063669624459,11801,0.49627822868917953,11.234651982796255,1667544,14.259893592013166,10.076558117215898,2.6574509529676473,2021-12-01,12,2021,12
QU9,202201,8440,4748,9696,2451,25335,0.33313597789619104,0.1874087231103217,0.38271166370633514,0.09674363528715216,12147,0.47945529899348727,11.234651982796255,1667544,15.193002403534779,10.13994211791001,2.72083495366176,2022-01-01,1,2022,13
QU9,202202,8199,4539,9294,2467,24499,0.33466672109065676,0.18527286828033798,0.379362422956039,0.10069798767296624,11761,0.4800604106290053,11.234651982796255,1667544,14.691666306856071,10.106387579373278,2.687280415125029,2022-02-01,2,2022,14
QU9,202203,9261,5259,10288,2692,27500,0.3367636363636364,0.19123636363636365,0.3741090909090909,0.09789090909090908,12980,0.472,11.234651982796255,1667544,16.491318969694355,10.221941283654663,2.802834119406413,2022-03-01,3,2022,15
QU9,202204,8123,4627,9384,2409,24543,0.33097013405044207,0.18852626003341075,0.3823493460457157,0.09815425987043148,11793,0.48050360591614716,11.234651982796255,1667544,14.718052417207582,10.108181960181808,2.689074795933558,2022-04-01,4,2022,16
QU9,202205,8460,4913,9792,2619,25784,0.3281104560968042,0.19054452373565,0.37977040024821596,0.10157461991932981,12411,0.48134502016754577,11.234651982796255,1667544,15.462260665985426,10.157509423495274,2.738402259247024,2022-05-01,5,2022,17
QU9,202206,8247,4580,9546,2428,24801,0.33252691423732916,0.1846699729849603,0.3849038345228015,0.09789927825490907,11974,0.4828031127777106,11.234651982796255,1667544,14.872770973359625,10.118639253920785,2.6995320896725357,2022-06-01,6,2022,18
QU9,202207,7982,4517,9711,2535,24745,0.322570216205294,0.18254192766215396,0.39244291776116386,0.10244493837138816,12246,0.49488785613255204,11.234651982796255,1667544,14.839188651094064,10.116378727385987,2.6972715631377366,2022-07-01,7,2022,19
QU9,202208,7581,4313,9284,2641,23819,0.3182753264200848,0.18107393257483523,0.38977287039758174,0.11087787060749822,11925,0.50065074100508,11.234651982796255,1667544,14.283880965059993,10.078238860499914,2.6591316962516647,2022-08-01,8,2022,20
QU9,202209,7200,3857,8628,2354,22039,0.326693588638323,0.1750079404691683,0.39148781705159036,0.10681065384091837,10982,0.4982984708925087,11.234651982796255,1667544,13.21644286447614,10.000568890186692,2.581461725938442,2022-09-01,9,2022,21
QU9,202210,7435,4250,8637,2572,22894,0.3247575784048222,0.185638158469468,0.3772604175766576,0.11234384554905215,11209,0.4896042631257098,11.234651982796255,1667544,13.729172963352092,10.038630146478422,2.6195229822301718,2022-10-01,10,2022,22
QU9,202211,8136,4364,9051,2578,24129,0.3371876165609847,0.18086120435989889,0.3751087902523934,0.10684238882672303,11629,0.48195117907911644,11.234651982796255,1667544,14.46978310617291,10.091169715572178,2.6720625513239287,2022-11-01,11,2022,23
QU9,202212,7771,4208,9010,2473,23462,0.3312164350865229,0.17935384877674537,0.38402523229051233,0.10540448384621942,11483,0.48942971613673175,11.234651982796255,1667544,14.069793660617052,10.063137370065666,2.644030205817416,2022-12-01,12,2022,24
QU9,202301,8600,4607,9580,2699,25486,0.33744016322686965,0.18076591069606843,0.3758926469434199,0.105901279133642,12279,0.4817939260770619,11.234651982796255,1667544,15.283554736786554,10.145884560772224,2.7267773965239743,2023-01-01,1,2023,25
QU9,202302,8151,4485,8972,2390,23998,0.33965330444203684,0.18689057421451788,0.3738644887073923,0.099591632636053,11362,0.4734561213434453,11.234651982796255,1667544,14.391224459444548,10.085725772524334,2.6666186082760843,2023-02-01,2,2023,26
QU9,202303,9075,4740,10034,2806,26655,0.3404614518851998,0.1778277996623523,0.37643969236540986,0.10527105608703807,12840,0.48171074845244793,11.234651982796255,1667544,15.984585714080106,10.19073202925686,2.7716248650086115,2023-03-01,3,2023,27
QU9,202304,7991,3897,9085,2430,23403,0.34145195060462336,0.1665171131906166,0.3881980942614195,0.1038328419433406,11515,0.49203093620476007,11.234651982796255,1667544,14.03441228537298,10.060619498256424,2.641512334008173,2023-04-01,4,2023,28
QU9,202305,9021,4164,9937,2804,25926,0.3479518629946772,0.16061096968294375,0.38328319061945537,0.1081539767029237,12741,0.4914371673223791,11.234651982796255,1667544,15.547415840301666,10.163001605159987,2.7438944409117383,2023-05-01,5,2023,29
QU9,202306,9260,4550,10734,3000,27544,0.33618936973569563,0.16519024106883531,0.38970374673250074,0.10891664246296834,13734,0.4986203891954691,11.234651982796255,1667544,16.517705080045864,10.223540005018359,2.80443284077011,2023-06-01,6,2023,30
QU9,202307,8327,4123,9680,2798,24928,0.33404204107830554,0.16539634146341464,0.3883183568677792,0.11224326059050065,12478,0.5005616174582799,11.234651982796255,1667544,14.948930882783301,10.123746948670474,2.7046397844222247,2023-07-01,7,2023,31
QU9,202308,8231,4342,9398,2682,24653,0.3338741735285766,0.17612460958098405,0.3812112116172474,0.10879000527319191,12080,0.4900012168904393,11.234651982796255,1667544,14.784017693086358,10.112653875919479,2.6935467116712286,2023-08-01,8,2023,32
QU9,202309,8040,4531,9157,2776,24504,0.3281096963761019,0.18490858635324844,0.37369409076069215,0.11328762650995756,11933,0.4869817172706497,11.234651982796255,1667544,14.694664728486925,10.10659164851261,2.6874844842643615,2023-09-01,9,2023,33
QU9,202310,8257,4560,8948,2746,24511,0.3368691607849537,0.18603892130064054,0.3650605850434499,0.1120313328709559,11694,0.47709191791440575,11.234651982796255,1667544,14.698862518770119,10.106877275363477,2.687770111115227,2023-10-01,10,2023,34
QU9,202311,8595,4788,9406,2745,25534,0.33661001018250175,0.1875146863006188,0.36837158298738937,0.10750372052949009,12151,0.47587530351687946,11.234651982796255,1667544,15.312339584442748,10.147766176380296,2.7286590121320464,2023-11-01,11,2023,35
QU9,202312,7748,4672,9064,2692,24176,0.32048312375909993,0.19324950363997354,0.3749172733289212,0.1113500992720053,11756,0.48626737260092656,11.234651982796255,1667544,14.497968269502934,10.09311568451252,2.674008520264271,2023-12-01,12,2023,36
QU9,202401,9206,5252,10106,2771,27335,0.33678434241814525,0.19213462593744285,0.36970916407536125,0.10137186756905067,12877,0.47108103164441195,11.234651982796255,1667544,16.39237105587619,10.2159232113291,2.79681604708085,2024-01-01,1,2024,37
QU9,202402,8825,4870,9327,2637,25659,0.3439339023344635,0.18979695233641217,0.36349818777037296,0.10277095755875132,11964,0.4662691453291243,11.234651982796255,1667544,15.387300125214088,10.152649666248891,2.7335425020006414,2024-02-01,2,2024,38
QU9,202403,9020,5034,9673,2819,26546,0.3397875386122203,0.18963308973103293,0.3643863482257214,0.1061930234310254,12492,0.4705793716567468,11.234651982796255,1667544,15.9192201225275,10.186634356186147,2.767527191937898,2024-03-01,3,2024,39
QU9,202404,9360,5308,10340,2791,27799,0.33670275909205366,0.1909421202201518,0.37195582574912767,0.10039929493866685,13131,0.4723551206877945,11.234651982796255,1667544,16.670624583219396,10.232755327808727,2.8136481635604773,2024-04-01,4,2024,40
QU9,202405,9190,5350,10130,2912,27582,0.3331883112174607,0.1939670799796969,0.3672685084475382,0.10557610035530418,13042,0.47284460880284246,11.234651982796255,1667544,16.54049308444035,10.224918665034282,2.805811500786033,2024-05-01,5,2024,41
QU9,202406,8487,4920,9569,2735,25711,0.33009217844502353,0.19135778460581074,0.372175333514838,0.10637470343432771,12304,0.4785500369491657,11.234651982796255,1667544,15.418483710174964,10.15467419487498,2.735567030626731,2024-06-01,6,2024,42
QU9,202407,8177,5082,9883,2994,26136,0.31286348331802877,0.19444444444444445,0.37813743495561675,0.11455463728191001,12877,0.49269207223752676,11.234651982796255,1667544,15.673349548797514,10.171068953280907,2.751961789032656,2024-07-01,7,2024,43
QU9,202408,7606,4859,9806,2761,25032,0.3038510706295941,0.1941115372323426,0.39173857462448064,0.11029881751358261,12567,0.5020373921380633,11.234651982796255,1667544,15.011298052705056,10.127910285348719,2.7088031211004684,2024-08-01,8,2024,44
QU9,202409,7054,4615,8969,2598,23236,0.30358065071440865,0.19861421931485626,0.38599586847994494,0.11180926149079015,11567,0.49780512997073506,11.234651982796255,1667544,13.934265002902473,10.053458079112422,2.6343509148641733,2024-09-01,9,2024,45
QU9,202410,7645,5196,9517,2809,25167,0.303770810982636,0.20646084157825725,0.3781539317360035,0.11161441570310326,12326,0.48976834743910674,11.234651982796255,1667544,15.092255436738101,10.133288891514404,2.7141817272661544,2024-10-01,10,2024,46
QU9,202411,7699,5302,9430,2860,25291,0.30441659088213197,0.20963979281167214,0.3728599106401487,0.11308370566604721,12290,0.48594361630619587,11.234651982796255,1667544,15.166616293183269,10.138203880202953,2.719096715954704,2024-11-01,11,2024,47
QU9,202412,7104,5159,9425,2704,24392,0.2912430305018039,0.21150377172843554,0.386397179403083,0.1108560183666776,12129,0.49725319776976057,11.234651982796255,1667544,14.627500083955805,10.10201048866809,2.682903324419841,2024-12-01,12,2024,48
QU9,202501,8384,5871,10426,2874,27555,0.3042641988749773,0.2130647795318454,0.37837053166394485,0.10430048992923245,13300,0.48267102159317726,11.234651982796255,1667544,16.52430160763374,10.223939286317336,2.8048321220690857,2025-01-01,1,2025,49
QU9,202502,7384,5463,9590,2630,25067,0.29457055092352497,0.21793593170303585,0.38257469980452385,0.1049188175689153,12220,0.48749351737343916,11.234651982796255,1667544,15.03228700412103,10.129307519053746,2.710200354805496,2025-02-01,2,2025,50
QU9,202503,8032,5996,10413,2978,27419,0.29293555563660234,0.2186804770414676,0.3797731500054707,0.10861081731645938,13391,0.48838396732193007,11.234651982796255,1667544,16.442744539274525,10.218991482721144,2.7998843184728948,2025-03-01,3,2025,51
QU9,202504,7228,5623,9443,2583,24877,0.2905495035575029,0.22603207782288862,0.379587570848575,0.10383084777103349,12026,0.4834184186196085,11.234651982796255,1667544,14.918346982148597,10.121698960804775,2.7025917965565256,2025-04-01,4,2025,52
QU9,202505,7578,5913,10174,2949,26614,0.2847373562786503,0.22217629818892312,0.38228000300593673,0.11080634252648981,13123,0.49308634553242653,11.234651982796255,1667544,15.959998656707109,10.189192672103689,2.770085507855438,2025-05-01,5,2025,53
QU9,202506,7619,5781,9868,2817,26085,0.29208357293463677,0.22162162162162163,0.37830170596128043,0.10799309948246119,12685,0.4862948054437416,11.234651982796255,1667544,15.642765648162808,10.169115715456494,2.7500085512082433,2025-06-01,6,2025,54
QU9,202507,7761,5986,10435,3050,27232,0.2849955934195065,0.21981492361927144,0.3831888954171563,0.1120005875440658,13485,0.4951894829612221,11.234651982796255,1667544,16.3306035702806,10.2121480313731,2.7930408671248506,2025-07-01,7,2025,55
QU9,202508,6622,5058,9217,2758,23655,0.27994081589515957,0.21382371591629676,0.3896427816529275,0.11659268653561615,11975,0.5062354681885437,11.234651982796255,1667544,14.185532735567998,10.071329788065249,2.6522226238169986,2025-08-01,8,2025,56
QU9,202509,7039,5304,9077,2725,24145,0.291530337544005,0.21967281010561193,0.37593704700766206,0.11285980534272105,11802,0.4887968523503831,11.234651982796255,1667544,14.479378055391642,10.091832598307642,2.6727254340593927,2025-09-01,9,2025,57
QU9,202510,7181,5543,9610,2878,25212,0.2848246866571474,0.2198556243058861,0.38116769792162464,0.1141519911153419,12488,0.49531968903696655,11.234651982796255,1667544,15.119241231415783,10.135075350633,2.715968186384751,2025-10-01,10,2025,58
QU9,202511,7043,5313,8970,2794,24120,0.29199834162520727,0.220273631840796,0.3718905472636816,0.1158374792703151,11764,0.48772802653399666,11.234651982796255,1667544,14.464385947237375,10.090796650841122,2.671689486592872,2025-11-01,11,2025,59
QU9,202512,7014,5425,9461,2901,24801,0.28281117696867064,0.21874117979113744,0.3814765533647837,0.11697108987540825,12362,0.4984476432401919,11.234651982796255,1667544,14.872770973359625,10.118639253920785,2.6995320896725357,2025-12-01,12,2025,60
QUA,202101,10283,4710,8064,1637,24694,0.4164169433870576,0.19073459139872034,0.32655705839475174,0.06629140681947032,9701,0.39284846521422206,30.564210845511642,1166418,21.170798118684726,10.11431557812769,3.0526227848936034,2021-01-01,1,2021,1
QUA,202102,10593,4719,7965,1541,24818,0.42682730276412284,0.19014425014102668,0.3209364171166089,0.0620920299782416,9506,0.3830284470948505,30.564210845511642,1166418,21.277106491840833,10.119324475334565,3.0576316821004794,2021-02-01,2,2021,2
QUA,202103,11932,5285,8881,1782,27880,0.4279770444763271,0.18956241032998566,0.31854375896700143,0.0639167862266858,10663,0.3824605451936872,30.564210845511642,1166418,23.9022374483247,10.23566486487446,3.1739720716403745,2021-03-01,3,2021,3
QUA,202104,11799,5513,8812,1718,27842,0.42378421090438906,0.19801020041663672,0.3165002514187199,0.06170533726025429,10530,0.3782055886789742,30.564210845511642,1166418,23.869659075905894,10.234300950948512,3.172608157714427,2021-04-01,4,2021,4
QUA,202105,9938,4524,7490,1537,23489,0.4230916599259228,0.19260079186001958,0.3188726638000766,0.06543488441398101,9027,0.38430754821405766,30.564210845511642,1166418,20.137720782772558,10.064287505439836,3.00259471220575,2021-05-01,5,2021,5
QUA,202106,11015,5301,8509,1719,26544,0.4149713682941531,0.19970614828209765,0.32056208559373117,0.06476039783001808,10228,0.38532248342374925,30.564210845511642,1166418,22.756850460126643,10.186559012430227,3.1248662191961403,2021-06-01,6,2021,6
QUA,202107,10611,4820,8329,1603,25363,0.41836533533099396,0.1900406103378938,0.3283917517643812,0.06320230256673107,9932,0.3915940543311123,30.564210845511642,1166418,21.744348938373722,10.141046698084647,3.0793539048505623,2021-07-01,7,2021,7
QUA,202108,9674,4441,7580,1521,23216,0.4166953824948311,0.19129048931771192,0.3264989662301861,0.06551516195727085,9101,0.3920141281874569,30.564210845511642,1166418,19.903670896711127,10.052596975123969,2.9909041818898836,2021-08-01,8,2021,8
QUA,202109,10450,4768,8242,1757,25217,0.41440298211523974,0.18907879605028355,0.32684300273624933,0.06967521909822738,9999,0.39651822183447677,30.564210845511642,1166418,21.619179402238306,10.13527364923168,3.073580855997594,2021-09-01,9,2021,9
QUA,202110,9530,4365,7722,1684,23301,0.4089953220891807,0.1873310158362302,0.3314020857473928,0.07227157632719626,9406,0.40367366207458905,30.564210845511642,1166418,19.97654357185846,10.056251557087757,2.9945587638536715,2021-10-01,10,2021,10
QUA,202111,10289,4740,8177,1720,24926,0.4127818342293188,0.19016288213110807,0.3280510310519137,0.06900425258765948,9897,0.39705528363957315,30.564210845511642,1166418,21.36969765555744,10.123666714386323,3.0619739211522368,2021-11-01,11,2021,11
QUA,202112,9922,4639,8054,1654,24269,0.40883431538176274,0.19114920268655486,0.3318636944249866,0.06815278750669579,9708,0.4000164819316824,30.564210845511642,1166418,20.80643474294807,10.096955094740336,3.0352623015062514,2021-12-01,12,2021,12
QUA,202201,10655,5017,8351,1701,25724,0.414204633805007,0.19503187684652465,0.3246384699113668,0.06612501943710154,10052,0.39076348934846833,30.564210845511642,1166418,22.053843476352387,10.155179687254753,3.093486894020668,2022-01-01,1,2022,13
QUA,202202,10169,4602,7700,1597,24068,0.4225112182150573,0.19120824331061992,0.31992687385740404,0.06635366461691873,9297,0.38628053847432275,30.564210845511642,1166418,20.63411229936438,10.088638436340242,3.0269456431061568,2022-02-01,2,2022,14
QUA,202203,11731,5547,8992,1751,28021,0.4186502979907926,0.19795867385175403,0.32090218050747654,0.0624888476499768,10743,0.38339102815745335,30.564210845511642,1166418,24.023120356510276,10.240709508047887,3.1790167148138013,2022-03-01,3,2022,15
QUA,202204,9681,4568,7582,1562,23393,0.4138417475313128,0.19527208994143547,0.324114051211901,0.06677211131535074,9144,0.3908861625272517,30.564210845511642,1166418,20.05541752613557,10.060192111293768,2.9984993180596815,2022-04-01,4,2022,16
QUA,202205,9109,4190,7189,1492,21980,0.41442220200181984,0.19062784349408554,0.3270700636942675,0.06787989080982712,8681,0.39494995450409465,30.564210845511642,1166418,18.84401646750993,9.997888227957612,2.9361954347235266,2022-05-01,5,2022,17
QUA,202206,8902,3994,7051,1476,21423,0.4155347056901461,0.18643513980301546,0.32913224104933947,0.06889791345749895,8527,0.39803015450683843,30.564210845511642,1166418,18.36648611389742,9.97222039021722,2.910527596983134,2022-06-01,6,2022,18
QUA,202207,8603,3882,6922,1424,20831,0.41299025490854974,0.1863568719696606,0.3322932168402861,0.06835965628150353,8346,0.40065287312178965,30.564210845511642,1166418,17.858949364636004,9.944197540783914,2.882504747549829,2022-07-01,7,2022,19
QUA,202208,8605,3682,6923,1482,20692,0.41586120239706165,0.17794316644113667,0.33457374830852504,0.07162188285327663,8405,0.4061956311618017,30.564210845511642,1166418,17.73978110763037,9.937502431123406,2.8758096378893203,2022-08-01,8,2022,20
QUA,202209,8147,3385,6679,1377,19588,0.4159179089238309,0.17280988360220542,0.3409740657545436,0.07029814171942006,8056,0.41127220747396365,30.564210845511642,1166418,16.79329365630503,9.882672412822208,2.8209796195881225,2022-09-01,9,2022,21
QUA,202210,7987,3615,6403,1417,19422,0.41123468231901966,0.18612913191226443,0.32967768509937184,0.07295850066934405,7820,0.4026361857687159,30.564210845511642,1166418,16.65097760837024,9.8741617231543,2.8124689299202137,2022-10-01,10,2022,22
QUA,202211,8664,3932,6749,1414,20759,0.41736114456380363,0.18941182137867912,0.325111999614625,0.06811503444289224,8163,0.39322703405751724,30.564210845511642,1166418,17.797221922158265,9.940735166562794,2.879042373328709,2022-11-01,11,2022,23
QUA,202212,7978,3688,6337,1376,19379,0.4116827493678724,0.19030909747664998,0.3270034573507405,0.07100469580473709,7713,0.3980081531554776,30.564210845511642,1166418,16.61411260800159,9.87194528452625,2.810252491292164,2022-12-01,12,2022,24
QUA,202301,9100,3980,6964,1469,21513,0.4230000464835216,0.1850044159345512,0.323711244363873,0.0682842932180542,8433,0.39199553758192723,30.564210845511642,1166418,18.443645416994592,9.976412682550684,2.914719889316599,2023-01-01,1,2023,25
QUA,202302,8678,3683,6452,1366,20179,0.43005104316368503,0.18251647752614103,0.3197383418405273,0.06769413746964666,7818,0.38743247931017394,30.564210845511642,1166418,17.299973079976475,9.912397738665884,2.8507049454317985,2023-02-01,2,2023,26
QUA,202303,9854,4183,7174,1533,22744,0.4332571227576504,0.1839166373549068,0.3154238480478368,0.06740239183960604,8707,0.38282623988744285,30.564210845511642,1166418,19.499013218245945,10.032056653330836,2.97036386009675,2023-03-01,3,2023,27
QUA,202304,8457,3205,6355,1382,19399,0.4359503067168411,0.165214701788752,0.3275942058869014,0.07124078560750555,7737,0.39883499149440693,30.564210845511642,1166418,16.631259119800962,9.872976797331106,2.8112840040970206,2023-04-01,4,2023,28
QUA,202305,9805,3720,7391,1547,22463,0.43649557049370075,0.16560566264523885,0.3290299603792904,0.06886880648177002,8938,0.3978987668610604,30.564210845511642,1166418,19.25810472746477,10.019624790165171,2.9579319969310847,2023-05-01,5,2023,29
QUA,202306,10250,4001,7752,1681,23684,0.4327816247255531,0.1689326127343354,0.32730957608512073,0.07097618645499071,9433,0.39828576254011144,30.564210845511642,1166418,20.304899272816435,10.072554993651666,3.010862200417581,2023-06-01,6,2023,30
QUA,202307,9144,3610,7140,1512,21406,0.4271699523498085,0.1686443053349528,0.33355134074558535,0.07063440156965337,8652,0.40418574231523874,30.564210845511642,1166418,18.351911578867952,9.971426535544321,2.909733742310235,2023-07-01,7,2023,31
QUA,202308,9204,3755,7064,1594,21617,0.4257760096220567,0.17370587963177128,0.3267798491927649,0.07373826155340704,8658,0.400518110746172,30.564210845511642,1166418,18.53280727835133,9.981235321158053,2.9195425279239675,2023-08-01,8,2023,32
QUA,202309,9191,3796,6981,1532,21500,0.42748837209302326,0.17655813953488372,0.32469767441860464,0.07125581395348837,8513,0.39595348837209304,30.564210845511642,1166418,18.432500184325,9.975808214115753,2.9141154208816684,2023-09-01,9,2023,33
QUA,202310,8861,3735,6835,1501,20932,0.4233231416013759,0.17843493216128417,0.3265335371679725,0.07170838906936748,8336,0.39824192623733995,30.564210845511642,1166418,17.945539249222833,9.949034367492098,2.887341574258013,2023-10-01,10,2023,34
QUA,202311,9197,3916,6804,1501,21418,0.42940517321878796,0.18283686618731906,0.3176767205154543,0.0700812400784387,8305,0.387757960593893,30.564210845511642,1166418,18.362199485947578,9.97198696896082,2.910294175726735,2023-11-01,11,2023,35
QUA,202312,7765,3702,6411,1376,19254,0.403292822270697,0.19227173574322218,0.33296977251480214,0.07146566947127869,7787,0.40443544198608083,30.564210845511642,1166418,16.506946909255515,9.865474110337912,2.803781317103826,2023-12-01,12,2023,36
QUA,202401,9730,4303,7332,1603,22968,0.42363288052943227,0.18734761407175202,0.31922675026123304,0.06979275513758272,8935,0.38901950539881575,30.564210845511642,1166418,19.691054150398916,10.0418572218009,2.9801644285668143,2024-01-01,1,2024,37
QUA,202402,9165,4074,6693,1467,21399,0.4282910416374597,0.1903827281648675,0.3127716248422823,0.06855460535539044,8160,0.3813262301976728,30.564210845511642,1166418,18.345910299738172,9.971099470946148,2.909406677712062,2024-02-01,2,2024,38
QUA,202403,9138,3905,6786,1477,21306,0.4288932695015489,0.18328170468412655,0.31850183047029007,0.06932319534403454,8263,0.3878250258143246,30.564210845511642,1166418,18.266179019871092,9.966744002171144,2.9050512089370573,2024-03-01,3,2024,39
QUA,202404,9655,4251,7298,1538,22742,0.42454489490809955,0.18692287397766247,0.32090405417289597,0.06762817694134202,8836,0.38853223111423796,30.564210845511642,1166418,19.497298567066007,10.031968714184668,2.9702759209505825,2024-04-01,4,2024,40
QUA,202405,9711,4369,7301,1650,23031,0.42164908167252835,0.18970083800095525,0.3170075116147801,0.07164256871173635,8951,0.38865008032651643,30.564210845511642,1166418,19.745065662566933,10.044596413496008,2.9829036202619226,2024-05-01,5,2024,41
QUA,202406,8819,4014,6889,1470,21192,0.41614760286900715,0.18941109852774632,0.3250755001887505,0.06936579841449604,8359,0.3944412986032465,30.564210845511642,1166418,18.16844390261467,9.961379030951905,2.89968623771782,2024-06-01,6,2024,42
QUA,202407,8981,4349,7406,1625,22361,0.40163677831939537,0.19449040740575108,0.33120164572246324,0.07267116855239032,9031,0.40387281427485355,30.564210845511642,1166418,19.17065751728797,10.015073648988146,2.95338085575406,2024-07-01,7,2024,43
QUA,202408,8637,4108,7105,1569,21419,0.4032401139175498,0.19179233390914607,0.33171483262523926,0.0732527195480648,8674,0.4049675521733041,30.564210845511642,1166418,18.363056811537543,9.972033657571142,2.9103408643370567,2024-08-01,8,2024,44
QUA,202409,7944,3804,6672,1520,19940,0.39839518555667003,0.19077231695085256,0.3346038114343029,0.07622868605817452,8192,0.4108324974924774,30.564210845511642,1166418,17.09507226397398,9.900483043515829,2.8387902502817437,2024-09-01,9,2024,45
QUA,202410,8611,4180,7053,1645,21489,0.40071664572572013,0.1945181255526083,0.32821443529247524,0.07655079342919634,8698,0.40476522872167153,30.564210845511642,1166418,18.423069602835348,9.97529645528256,2.9136036620484753,2024-10-01,10,2024,46
QUA,202411,8058,4139,6646,1500,20343,0.3961067689131397,0.20346064985498696,0.32669714398073046,0.0737354372511429,8146,0.40043258123187336,30.564210845511642,1166418,17.440574476731324,9.920492151351953,2.8587993581178663,2024-11-01,11,2024,47
QUA,202412,7596,3749,6487,1516,19348,0.39259871821376885,0.1937667976018193,0.3352801323134174,0.07835435187099442,8003,0.41363448418441184,30.564210845511642,1166418,16.587535514712563,9.870344333942874,2.808651540708788,2024-12-01,12,2024,48
QUA,202501,8939,4699,7601,1630,22869,0.3908784817875727,0.20547466002011455,0.3323713323713324,0.07127552582098037,9231,0.4036468581923127,30.564210845511642,1166418,19.60617891699202,10.037537560656384,2.975844767422298,2025-01-01,1,2025,49
QUA,202502,7642,4128,6629,1472,19871,0.38458054451210305,0.20773992250012582,0.3336017311660208,0.07407780182175029,8101,0.4076795329877711,30.564210845511642,1166418,17.035916798266147,9.897016661405816,2.8353238681717308,2025-02-01,2,2025,50
QUA,202503,8266,4561,7091,1548,21466,0.3850740706233113,0.21247554271871796,0.33033634584925,0.07211404080872076,8639,0.4024503866579707,30.564210845511642,1166418,18.40335111426607,9.97422556704147,2.912532773807384,2025-03-01,3,2025,51
QUA,202504,8148,4432,6994,1459,21033,0.387391242333476,0.21071649312984359,0.33252507963676126,0.06936718489991918,8453,0.4018922645366805,30.564210845511642,1166418,18.03212913380966,9.953847911875078,2.8921551186409915,2025-04-01,4,2025,52
QUA,202505,8416,4523,7123,1632,21694,0.3879413662763898,0.20849082695676224,0.32833963307827047,0.07522817368857748,8755,0.403567806766848,30.564210845511642,1166418,18.59882134877891,9.984791003600163,2.9230982103660774,2025-05-01,5,2025,53
QUA,202506,7951,4461,6868,1513,20793,0.38238830375607175,0.21454335593709423,0.33030346751310535,0.07276487279372866,8381,0.403068340306834,30.564210845511642,1166418,17.8263709922172,9.942371670586095,2.880678877352009,2025-06-01,6,2025,54
QUA,202507,8586,4757,7309,1677,22329,0.3845223700120919,0.21304133637870035,0.3273321689282995,0.07510412468090824,8986,0.40243629360920774,30.564210845511642,1166418,19.143223098408978,10.01364156102802,2.951948767793935,2025-07-01,7,2025,55
QUA,202508,7877,4286,6676,1483,20322,0.3876094872551914,0.21090443853951382,0.3285109733293967,0.07297510087589804,8159,0.40148607420529475,30.564210845511642,1166418,17.422570639341984,9.919459322045826,2.8577665288117413,2025-08-01,8,2025,56
QUA,202509,7938,4317,6677,1593,20525,0.386747868453106,0.21032886723507918,0.32531059683313035,0.07761266747868453,8270,0.40292326431181485,30.564210845511642,1166418,17.596607734105614,9.929398934320629,2.8677061410865434,2025-09-01,9,2025,57
QUA,202510,7855,4185,6761,1595,20396,0.38512453422239656,0.20518729162580898,0.33148656599333204,0.07820160815846244,8356,0.4096881741517945,30.564210845511642,1166418,17.48601273299966,9.923094082175046,2.861401288940961,2025-10-01,10,2025,58
QUA,202511,7409,3804,6189,1436,18838,0.3933007750291963,0.20193226457161056,0.32853806136532543,0.07622889903386772,7625,0.40476696039919313,30.564210845511642,1166418,16.150299463828578,9.843631385382762,2.781938592148677,2025-11-01,11,2025,59
QUA,202512,7437,4155,6408,1570,19570,0.3800204394481349,0.21231476750127748,0.32743995912110374,0.0802248339294839,7978,0.4076647930505876,30.564210845511642,1166418,16.777861795685595,9.881753060390121,2.8200602671560366,2025-12-01,12,2025,60
QUE,202101,5389,2527,5135,894,13945,0.3864467551093582,0.18121190390821082,0.3682323413409824,0.06410899964144855,6029,0.432341340982431,16.88822534989723,851893,16.369426676824435,9.54287630006159,2.795415367973423,2021-01-01,1,2021,1
QUE,202102,5475,2548,4860,843,13726,0.3988780416727379,0.18563310505609792,0.35407256301908785,0.06141629025207635,5703,0.4154888532711642,16.88822534989723,851893,16.112352138120634,9.52704712346858,2.779586191380414,2021-02-01,2,2021,2
QUE,202103,6152,2816,5406,1015,15389,0.3997660666709988,0.182987848463188,0.3512898823835207,0.06595620248229254,6421,0.4172460848658132,16.88822534989723,851893,18.064475233391985,9.641408247463852,2.8939473153756854,2021-03-01,3,2021,3
QUE,202104,6303,3077,5553,973,15906,0.3962655601659751,0.19344901295108763,0.34911354205960016,0.0611718848233371,6526,0.41028542688293723,16.88822534989723,851893,18.671358961747544,9.67445167551708,2.9269907434289144,2021-04-01,4,2021,4
QUE,202105,5285,2422,4921,859,13487,0.3918588270186105,0.1795803366204493,0.36486987469414994,0.06369096166679024,5780,0.42856083636094017,16.88822534989723,851893,15.831800472594564,9.509481537516857,2.7620206054286913,2021-05-01,5,2021,5
QUE,202106,5612,2911,5230,1009,14762,0.38016528925619836,0.19719550196450344,0.35428803685137517,0.06835117192792305,6239,0.4226392087792982,16.88822534989723,851893,17.32846730751397,9.599811590329997,2.852350658241831,2021-06-01,6,2021,6
QUE,202107,5275,2508,5064,903,13750,0.3836363636363636,0.1824,0.3682909090909091,0.06567272727272727,5967,0.4339636363636364,16.88822534989723,851893,16.14052469030735,9.528794103094718,2.7813331710065508,2021-07-01,7,2021,7
QUE,202108,4970,2323,4724,805,12822,0.3876150366557479,0.18117298393386366,0.36842926220558414,0.06278271720480424,5529,0.4312119794103884,16.88822534989723,851893,15.051186005754243,9.458917724547202,2.7114567924590363,2021-08-01,8,2021,8
QUE,202109,5230,2494,4843,892,13459,0.38858756222601976,0.1853035143769968,0.35983356861579613,0.0662753547811873,5735,0.4261089233969834,16.88822534989723,851893,15.79893249504339,9.507403306233716,2.7599423741455493,2021-09-01,9,2021,9
QUE,202110,4972,2360,4629,847,12808,0.3881948782011243,0.18425983760149905,0.36141474078700814,0.06613054341036852,5476,0.42754528419737664,16.88822534989723,851893,15.034752016978658,9.45782525467655,2.7103643225883842,2021-10-01,10,2021,10
QUE,202111,5315,2563,4815,960,13653,0.3892917307551454,0.1877243096755292,0.35266974291364533,0.07031421665568006,5775,0.42298395956932544,16.88822534989723,851893,16.026660625219364,9.521714556684751,2.7742536245965854,2021-11-01,11,2021,11
QUE,202112,5046,2546,4888,937,13417,0.37609003503018557,0.18975926063948723,0.36431393008869345,0.06983677424163375,5825,0.4341507043303272,16.88822534989723,851893,15.749630528716633,9.504277838590472,2.7568169065023054,2021-12-01,12,2021,12
QUE,202201,5625,2720,5086,914,14345,0.39212269083304285,0.1896131056117114,0.3545486232136633,0.06371558034158244,6000,0.41826420355524574,16.88822534989723,851893,16.838969213269742,9.571156728415465,2.823695796327299,2022-01-01,1,2022,13
QUE,202202,5440,2675,4930,913,13958,0.38974065052299756,0.19164636767445192,0.35320246453646653,0.06541051726608396,5843,0.4186129818025505,16.88822534989723,851893,16.38468680925891,9.543808099577097,2.7963471674889306,2022-02-01,2,2022,14
QUE,202203,6210,3057,5428,957,15652,0.39675440838231535,0.19531050345003834,0.34679274214157935,0.061142346026066954,6385,0.4079350881676463,16.88822534989723,851893,18.373199451104774,9.658353983330302,2.910893051242137,2022-03-01,3,2022,15
QUE,202204,5265,2660,4942,951,13818,0.3810247503256622,0.19250253292806485,0.3576494427558257,0.06882327399044724,5893,0.42647271674627296,16.88822534989723,851893,16.22034692150305,9.53372736904874,2.786266436960574,2022-04-01,4,2022,16
QUE,202205,5408,2779,5014,956,14157,0.3820018365472911,0.1962986508441054,0.3541710814438087,0.0675284311647948,5970,0.4216995126086035,16.88822534989723,851893,16.618284221140446,9.557964480394498,2.8105035483063308,2022-05-01,5,2022,17
QUE,202206,5215,2568,4976,910,13669,0.3815202282537128,0.18787036359645914,0.36403540858877753,0.06657399956105055,5886,0.43060940814982807,16.88822534989723,851893,16.045442326677176,9.522885774152654,2.7754248420644867,2022-06-01,6,2022,18
QUE,202207,5065,2640,4811,960,13476,0.37585336895221133,0.19590382902938558,0.35700504600771743,0.07123775601068566,5771,0.4282428020184031,16.88822534989723,851893,15.818888052842317,9.508665604526444,2.7612046724382773,2022-07-01,7,2022,19
QUE,202208,4839,2497,4918,928,13182,0.36709148839326355,0.1894249734486421,0.37308450917918373,0.07039902897891064,5846,0.4434835381580944,16.88822534989723,851893,15.473774288555017,9.486607541612665,2.7391466095244987,2022-08-01,8,2022,20
QUE,202209,4699,2249,4536,911,12395,0.37910447761194027,0.18144413069786205,0.36595401371520775,0.07349737797498991,5447,0.43945139169019765,16.88822534989723,851893,14.549949348098881,9.42504844446929,2.6775875123811246,2022-09-01,9,2022,21
QUE,202210,4637,2470,4443,895,12445,0.3725994375251105,0.1984732824427481,0.35701084773001207,0.07191643230212937,5338,0.4289272800321414,16.88822534989723,851893,14.608642165154544,9.429074214801693,2.681613282713526,2022-10-01,10,2022,22
QUE,202211,5171,2609,4803,900,13483,0.38351998813320476,0.19350292961507082,0.35622635911889045,0.06675072313283394,5703,0.42297708225172437,16.88822534989723,851893,15.82710504723011,9.509184911634074,2.7617239795459083,2022-11-01,11,2022,23
QUE,202212,4906,2346,4739,911,12902,0.3802511238567664,0.18183227406603628,0.36730739420244923,0.0706092078747481,5650,0.43791660207719735,16.88822534989723,851893,15.145094513043306,9.465137617092187,2.7176766850040206,2022-12-01,12,2022,24
QUE,202301,5629,2730,4854,961,14174,0.3971356003950896,0.19260618033018204,0.34245802172992806,0.06780019754480034,5815,0.4102582192747284,16.88822534989723,851893,16.638239778939376,9.5591645793702,2.811703647282035,2023-01-01,1,2023,25
QUE,202302,5251,2496,4630,875,13252,0.3962420766676728,0.18834892846362813,0.34938122547539996,0.06602776939329913,5505,0.4154089948686991,16.88822534989723,851893,15.555944232432946,9.491903763419787,2.7444428313316203,2023-02-01,2,2023,26
QUE,202303,6136,2898,5268,955,15257,0.40217605033755,0.18994559874156125,0.34528413187389395,0.06259421904699482,6223,0.40787835092088875,16.88822534989723,851893,17.909526196365036,9.632793693113202,2.885332761025036,2023-03-01,3,2023,27
QUE,202304,5217,2284,4571,898,12970,0.4022359290670779,0.17609868928296069,0.35242868157286045,0.069236700077101,5469,0.4216653816499614,16.88822534989723,851893,15.224916744239007,9.47039427731049,2.7229333452223234,2023-04-01,4,2023,28
QUE,202305,5784,2462,5243,966,14455,0.4001383604289173,0.1703216879972328,0.36271186440677966,0.06682808716707021,6209,0.4295399515738499,16.88822534989723,851893,16.9680934107922,9.578795654450447,2.8313347223622802,2023-05-01,5,2023,29
QUE,202306,6132,2767,5720,1115,15734,0.38972924876064574,0.17586119232235922,0.3635439176306089,0.07086564128638617,6835,0.43440955891699506,16.88822534989723,851893,18.469455671076062,9.663579254889187,2.9161183228010215,2023-06-01,6,2023,30
QUE,202307,5554,2475,5197,994,14220,0.39057665260196905,0.17405063291139242,0.36547116736990154,0.06990154711673699,6191,0.43537271448663856,16.88822534989723,851893,16.692237170630584,9.562404703357231,2.8149437712690655,2023-07-01,7,2023,31
QUE,202308,5405,2457,4943,970,13775,0.39237749546279493,0.1783666061705989,0.35883847549909254,0.07041742286751361,5913,0.42925589836660616,16.88822534989723,851893,16.16987109883518,9.530610634021116,2.783149701932949,2023-08-01,8,2023,32
QUE,202309,5299,2566,4817,993,13675,0.38749542961608774,0.1876416819012797,0.35224862888482633,0.07261425959780622,5810,0.42486288848263254,16.88822534989723,851893,16.052485464723855,9.523324627290181,2.7758636952020157,2023-09-01,9,2023,33
QUE,202310,5368,2711,4599,983,13661,0.3929434155625503,0.19844813703242808,0.3366517824463802,0.07195666495864139,5582,0.4086084474050216,16.88822534989723,851893,16.03605147594827,9.522300336887486,2.774839404799321,2023-10-01,10,2023,34
QUE,202311,5642,2780,4797,954,14173,0.3980808579693784,0.19614760460029634,0.3384604529739646,0.06731108445636069,5751,0.4057715374303253,16.88822534989723,851893,16.63706592259826,9.559094025166905,2.811633093078739,2023-11-01,11,2023,35
QUE,202312,5351,2771,4566,940,13628,0.392647490460816,0.20333137657763428,0.33504549457000293,0.06897563839154681,5506,0.40402113296154973,16.88822534989723,851893,15.997314216691532,9.519881778780857,2.772420846692691,2023-12-01,12,2023,36
QUE,202401,6334,3162,5049,991,15536,0.4076982492276004,0.20352729145211124,0.32498712667353247,0.06378733264675591,6040,0.38877445932028837,16.88822534989723,851893,18.237032115535637,9.650915190531107,2.90345425844294,2024-01-01,1,2024,37
QUE,202402,5733,2872,4808,982,14395,0.3982632858631469,0.19951372004168114,0.3340048627995832,0.06821813129558875,5790,0.4022229940951719,16.88822534989723,851893,16.897662030325407,9.574636203046277,2.82717527095811,2024-02-01,2,2024,38
QUE,202403,5843,2979,5039,1007,14868,0.3929916599408125,0.200363196125908,0.3389157923056228,0.06772935162765671,6046,0.40664514393327955,16.88822534989723,851893,17.452896079671977,9.606966531417143,2.859505599328976,2024-03-01,3,2024,39
QUE,202404,6072,3091,5203,1060,15426,0.39362115908206924,0.20037598859069103,0.33728769609749776,0.06871515622974199,6263,0.4060028523272397,16.88822534989723,851893,18.10790791801318,9.643809676493944,2.896348744405778,2024-04-01,4,2024,40
QUE,202405,5737,2990,5204,1062,14993,0.38264523444273996,0.19942639898619355,0.3470953111452011,0.0708330554258654,6266,0.4179283665710665,16.88822534989723,851893,17.599628122311135,9.615338704494903,2.867877772406737,2024-05-01,5,2024,41
QUE,202406,5479,2842,4991,1000,14312,0.3828256008943544,0.1985746226942426,0.3487283398546674,0.06987143655673561,5991,0.418599776411403,16.88822534989723,851893,16.800231954013004,9.568853625188556,2.821392693100389,2024-06-01,6,2024,42
QUE,202407,5598,3079,5372,1140,15189,0.3685561919810389,0.20271248930146818,0.3536770030943446,0.07505431562314833,6512,0.4287313187174929,16.88822534989723,851893,17.829703965169337,9.62832676063802,2.8808658285498527,2024-07-01,7,2024,43
QUE,202408,5123,2907,5085,1075,14190,0.3610288935870331,0.20486257928118393,0.3583509513742072,0.07575757575757576,6160,0.43410852713178294,16.88822534989723,851893,16.657021480397184,9.560292770154089,2.812831838065922,2024-08-01,8,2024,44
QUE,202409,4776,2669,4621,1008,13074,0.3653051858650757,0.20414563255315893,0.3534495946152669,0.07709958696649839,5629,0.43054918158176536,16.88822534989723,851893,15.346997803714785,9.478380804172675,2.7309198720845087,2024-09-01,9,2024,45
QUE,202410,5250,2860,4999,1036,14145,0.3711558854718982,0.20219158713326263,0.3534110993283846,0.07324142806645458,6035,0.42665252739483916,16.88822534989723,851893,16.60419794504709,9.557116483735667,2.8096555516475012,2024-10-01,10,2024,46
QUE,202411,5222,3101,4984,1015,14322,0.364613880742913,0.21652003910068426,0.3479960899315738,0.07086999022482894,5999,0.41886608015640275,16.88822534989723,851893,16.811970517424136,9.569552095566886,2.822091163478719,2024-11-01,11,2024,47
QUE,202412,4936,2792,4818,928,13474,0.3663351640195933,0.20721389342437285,0.35757755677601305,0.06887338578002078,5746,0.42645094255603383,16.88822534989723,851893,15.816540340160092,9.508517181520606,2.761056249432439,2024-12-01,12,2024,48
QUE,202501,5787,3371,5363,1094,15615,0.37060518731988473,0.2158821645853346,0.34345180915786105,0.07006083893691963,6457,0.41351264809478067,16.88822534989723,851893,18.329766766483587,9.65598726971718,2.908526337629013,2025-01-01,1,2025,49
QUE,202502,5095,3077,4648,973,13793,0.3693902704270282,0.2230841731312985,0.3369825273689553,0.07054302907271805,5621,0.4075255564416733,16.88822534989723,851893,16.191000512975222,9.53191649607552,2.7844555639873536,2025-02-01,2,2025,50
QUE,202503,5568,3348,5079,978,14973,0.37186936485674216,0.2236024844720497,0.3392105790422761,0.06531757162893208,6057,0.4045281506712082,16.88822534989723,851893,17.57615099548887,9.61400385813772,2.8665429260495525,2025-03-01,3,2025,51
QUE,202504,5174,3213,4951,992,14330,0.36106071179344035,0.2242149337055129,0.3454989532449407,0.06922540125610607,5943,0.4147243545010468,16.88822534989723,851893,16.821361368153042,9.570110520822217,2.822649588734051,2025-04-01,4,2025,52
QUE,202505,5291,3440,5094,1068,14893,0.35526757537097964,0.23098099778419393,0.3420398845095011,0.07171154233532533,6162,0.4137514268448264,16.88822534989723,851893,17.48224248819981,9.608646582885868,2.8611856507977014,2025-05-01,5,2025,53
QUE,202506,5564,3293,5049,1055,14961,0.3719002740458526,0.22010560791390948,0.3374774413475035,0.07051667669273444,6104,0.40799411804023794,16.88822534989723,851893,17.56206471939551,9.613202094214232,2.8657411621260658,2025-06-01,6,2025,54
QUE,202507,5386,3503,5529,1087,15505,0.3473718155433731,0.22592712028377943,0.3565946468881006,0.07010641728474686,6616,0.4267010641728475,16.88822534989723,851893,18.200642568961126,9.648917831534549,2.901456899446383,2025-07-01,7,2025,55
QUE,202508,4691,2905,4639,1005,13240,0.35430513595166163,0.2194108761329305,0.3503776435045317,0.07590634441087614,5644,0.42628398791540784,16.88822534989723,851893,15.541857956339587,9.490997829490999,2.7435368974028327,2025-08-01,8,2025,56
QUE,202509,5038,3005,4727,1091,13861,0.3634658394055263,0.21679532501262536,0.3410287858018902,0.07871004977995816,5818,0.4197388355818483,16.88822534989723,851893,16.270822744170925,9.536834420213353,2.789373488125187,2025-09-01,9,2025,57
QUE,202510,5164,3176,4831,985,14156,0.3647923142130545,0.2243571630404069,0.3412687199773947,0.06958180276914383,5816,0.41085052274653855,16.88822534989723,851893,16.617110364799334,9.557893841465354,2.810432909377188,2025-10-01,10,2025,58
QUE,202511,5000,2976,4597,976,13549,0.3690309247914975,0.21964720643589933,0.3392870322533028,0.07203483651930032,5573,0.4113218687726031,16.88822534989723,851893,15.904579565743585,9.51406802284643,2.766607090758265,2025-11-01,11,2025,59
QUE,202512,5079,2983,4648,1018,13728,0.3699737762237762,0.21729312354312355,0.3385780885780886,0.07415501165501165,5666,0.4127331002331002,16.88822534989723,851893,16.114699850802857,9.527192821727743,2.779731889639577,2025-12-01,12,2025,60
QUY,202101,4835,3287,4566,926,13614,0.3551491112090495,0.2414426325841046,0.3353900396650507,0.06801821654179521,5492,0.4034082562068459,19.69287137443389,933337,14.586371267827163,9.518853954007897,2.6800876179489994,2021-01-01,1,2021,1
QUY,202102,4739,3239,4373,860,13211,0.35871622133070924,0.2451744758156082,0.3310120354250246,0.06509726742865794,5233,0.3961093028536825,19.69287137443389,933337,14.154587249835805,9.488805094878353,2.650038758819457,2021-02-01,2,2021,2
QUY,202103,5577,3551,4874,1008,15010,0.3715522984676882,0.23657561625582946,0.3247168554297135,0.06715522984676882,5882,0.3918720852764823,19.69287137443389,933337,16.082079677544122,9.616471924627508,2.7777055885686104,2021-03-01,3,2021,3
QUY,202104,5254,3502,4644,897,14297,0.3674896831503113,0.24494649227110582,0.3248233895222774,0.06274043505630551,5541,0.3875638245785829,19.69287137443389,933337,15.318154107251722,9.567805004029164,2.7290386679702667,2021-04-01,4,2021,4
QUY,202105,4643,3111,4275,848,12877,0.36056534907198884,0.2415935388677487,0.33198726411431234,0.06585384794595014,5123,0.39784111206026246,19.69287137443389,933337,13.796731512840484,9.463198053273784,2.6244317172148866,2021-05-01,5,2021,5
QUY,202106,4766,3352,4465,964,13547,0.3518122093452425,0.24743485642577692,0.32959326788218796,0.07115966634679265,5429,0.40075293422898056,19.69287137443389,933337,14.514585835555646,9.513920399580737,2.675154063521839,2021-06-01,6,2021,6
QUY,202107,4545,3148,4446,846,12985,0.35001925298421255,0.2424335772044667,0.34239507123604157,0.06515209857527916,5292,0.4075471698113208,19.69287137443389,933337,13.91244534396472,9.471550124096849,2.6327837880379517,2021-07-01,7,2021,7
QUY,202108,4095,2689,3947,800,11531,0.3551296505073281,0.2331974676957766,0.3422946838955858,0.06937819790130952,4747,0.4116728817968953,19.69287137443389,933337,12.354594321236595,9.352794339771116,2.5140280037122187,2021-08-01,8,2021,8
QUY,202109,4367,2982,4158,943,12450,0.35076305220883536,0.2395180722891566,0.33397590361445784,0.0757429718875502,5101,0.40971887550200803,19.69287137443389,933337,13.339233310154853,9.429475901892854,2.5907095658339565,2021-09-01,9,2021,9
QUY,202110,4094,2654,3929,845,11522,0.35532025689984376,0.2303419545217844,0.3409998264190245,0.07333796215934733,4774,0.41433778857837184,19.69287137443389,933337,12.344951501976242,9.352013530292329,2.513247194233431,2021-10-01,10,2021,10
QUY,202111,4743,3007,4387,968,13105,0.36192293017932087,0.22945440671499429,0.3347577260587562,0.07386493704692865,5355,0.40862266310568485,19.69287137443389,933337,14.041016267436092,9.480749115757506,2.6419827796986093,2021-11-01,11,2021,11
QUY,202112,4462,3004,4322,887,12675,0.3520315581854043,0.23700197238658777,0.3409861932938856,0.06998027613412229,5209,0.4109664694280079,19.69287137443389,933337,13.580303791663676,9.447386828459384,2.6086204924004868,2021-12-01,12,2021,12
QUY,202201,4795,3427,4475,987,13684,0.3504092370651856,0.25043846828412747,0.32702426191172174,0.07212803273896522,5462,0.3991522946506869,19.69287137443389,933337,14.661370973185463,9.523982546097495,2.685216210038598,2022-01-01,1,2022,13
QUY,202202,4525,3012,4314,906,12757,0.3547072195657286,0.23610566747667946,0.33816728070863056,0.07101983224896136,5220,0.4091871129575919,19.69287137443389,933337,13.668160589369112,9.45383541953829,2.6150690834793924,2022-02-01,2,2022,14
QUY,202203,5288,3623,4790,975,14676,0.3603161624420823,0.24686563096211503,0.32638321068411014,0.06643499591169257,5765,0.3928182065958027,19.69287137443389,933337,15.724223940548805,9.593968785475173,2.7552024494162755,2022-03-01,3,2022,15
QUY,202204,4501,3177,4130,900,12708,0.35418633931381804,0.25,0.32499213094113943,0.0708215297450425,5030,0.39581366068618196,19.69287137443389,933337,13.615660795618304,9.449986995389407,2.6112206593305096,2022-04-01,4,2022,16
QUY,202205,4805,3340,4480,998,13623,0.3527123247449167,0.24517360346472877,0.3288556118329296,0.07325845995742494,5478,0.4021140717903545,19.69287137443389,933337,14.596014087087514,9.51951481976606,2.6807484837071636,2022-05-01,5,2022,17
QUY,202206,4642,3136,4346,934,13058,0.35549088681268187,0.240159289324552,0.3328227906264359,0.07152703323633022,5280,0.40434982386276613,19.69287137443389,933337,13.990659322409805,9.477156251746578,2.6383899156876813,2022-06-01,6,2022,18
QUY,202207,4492,3141,4388,849,12870,0.34902874902874903,0.24405594405594405,0.34094794094794095,0.06596736596736597,5237,0.4069153069153069,19.69287137443389,933337,13.789231542304655,9.462654300590172,2.623887964531275,2022-07-01,7,2022,19
QUY,202208,4282,2811,4157,1015,12265,0.3491235222176926,0.2291887484712597,0.3389319200978394,0.08275580921320831,5172,0.4216877293110477,19.69287137443389,933337,13.141019803136489,9.41450495669259,2.5757386206336923,2022-08-01,8,2022,20
QUY,202209,4228,2465,4014,858,11565,0.3655858192823173,0.21314310419368784,0.3470817120622568,0.074189364461738,4872,0.4212710765239948,19.69287137443389,933337,12.391022749553484,9.355738574665539,2.516972238606642,2022-09-01,9,2022,21
QUY,202210,4288,2927,3968,923,12106,0.3542045266809846,0.24178093507351728,0.3277713530480753,0.07624318519742276,4891,0.4040145382454981,19.69287137443389,933337,12.970663329536919,9.401456476451633,2.562690140392735,2022-10-01,10,2022,22
QUY,202211,4706,3152,4289,945,13092,0.3594561564314085,0.24075771463489154,0.32760464405743966,0.07218148487626032,5234,0.39978612893369997,19.69287137443389,933337,14.027087750726693,9.47975663562107,2.6409902995621737,2022-11-01,11,2022,23
QUY,202212,4261,2975,4066,893,12195,0.34940549405494054,0.24395243952439524,0.3334153341533415,0.07322673226732267,4959,0.4066420664206642,19.69287137443389,933337,13.066020097778187,9.40878131065002,2.5700149745911234,2022-12-01,12,2022,24
QUY,202301,5244,3194,4325,1013,13776,0.3806620209059233,0.23185249709639955,0.313951800232288,0.07353368176538909,5338,0.38748548199767713,19.69287137443389,933337,14.759942014513515,9.530683226667511,2.691916890608615,2023-01-01,1,2023,25
QUY,202302,4745,3030,4071,918,12764,0.3717486681291131,0.23738639924788468,0.3189439047320589,0.07192102789094328,4989,0.3908649326230022,19.69287137443389,933337,13.675660559904943,9.454383987398135,2.6156176513392366,2023-02-01,2,2023,26
QUY,202303,5366,3336,4617,1024,14343,0.37411977968346927,0.23258732482744196,0.321899184271073,0.07139371121801576,5641,0.39329289548908875,19.69287137443389,933337,15.367439627915747,9.571017297294214,2.732250961235316,2023-03-01,3,2023,27
QUY,202304,4634,2760,4173,899,12466,0.37173110861543396,0.22140221402214022,0.3347505214182577,0.07211615594416813,5072,0.4068666773624258,19.69287137443389,933337,13.356376099951037,9.430760217368796,2.591993881309899,2023-04-01,4,2023,28
QUY,202305,4930,2910,4463,975,13278,0.37129085705678566,0.219159511974695,0.336119897574936,0.07342973339358337,5438,0.4095496309685194,19.69287137443389,933337,14.22637268210732,9.493863809279105,2.655097473220207,2023-05-01,5,2023,29
QUY,202306,5233,3209,4661,982,14085,0.37152999645012424,0.22783102591409302,0.33091941782037626,0.06971955981540646,5643,0.40063897763578277,19.69287137443389,933337,15.091012142452298,9.552865680310473,2.7140993442515757,2023-06-01,6,2023,30
QUY,202307,4740,2960,4390,980,13070,0.36266258607498086,0.22647283856159142,0.33588370313695487,0.07498087222647284,5370,0.4108645753634277,19.69287137443389,933337,14.003516414756941,9.478074806618269,2.6393084705593703,2023-07-01,7,2023,31
QUY,202308,4728,3240,4346,945,13259,0.356587977977223,0.24436231993362997,0.32777735877517156,0.07127234331397542,5291,0.399049702089147,19.69287137443389,933337,14.206015619224353,9.49243184611472,2.6536655100558213,2023-08-01,8,2023,32
QUY,202309,4626,3105,4223,966,12920,0.35804953560371516,0.2403250773993808,0.3268575851393189,0.07476780185758514,5189,0.40162538699690403,19.69287137443389,933337,13.842802760417726,9.466531777336593,2.6277654412776954,2023-09-01,9,2023,33
QUY,202310,4493,3147,4163,934,12737,0.35275182539059435,0.24707544947789903,0.3268430556645992,0.07332966946690743,5097,0.40017272513150665,19.69287137443389,933337,13.646732102123885,9.45226642258976,2.613500086530862,2023-10-01,10,2023,34
QUY,202311,5005,3308,4291,969,13573,0.36874677668901495,0.24371914830914315,0.31614234141309955,0.07139173358874236,5260,0.3875340750018419,19.69287137443389,933337,14.542442868974444,9.515837804297965,2.6770714682390677,2023-11-01,11,2023,35
QUY,202312,4428,3272,4225,953,12878,0.3438422115235285,0.2540767199875757,0.3280788942382358,0.07400217425066004,5178,0.4020810684888958,19.69287137443389,933337,13.797802937202748,9.463275708098129,2.6245093720392316,2023-12-01,12,2023,36
QUY,202401,5196,3805,4653,1040,14694,0.35361371988566764,0.2589492309786307,0.3166598611678236,0.07077718796787805,5693,0.38743704913570165,19.69287137443389,933337,15.74350957906951,9.595194526180222,2.7564281901213254,2024-01-01,1,2024,37
QUY,202402,4956,3307,4302,977,13542,0.3659725299069561,0.2442032196130557,0.3176783340717767,0.0721459164082115,5279,0.3898242504799882,19.69287137443389,933337,14.509228713744339,9.51355124604559,2.6747849099866934,2024-02-01,2,2024,38
QUY,202403,5027,3412,4462,1065,13966,0.3599455821280252,0.24430760418158384,0.3194901904625519,0.07625662322783903,5527,0.39574681369039094,19.69287137443389,933337,14.963512643343186,9.54438108340598,2.705614747347083,2024-03-01,3,2024,39
QUY,202404,5139,3667,4619,1089,14514,0.35407193054981395,0.25265261127187544,0.318244453630977,0.07503100454733361,5708,0.3932754581783106,19.69287137443389,933337,15.550653193862454,9.582868979838082,2.744102643779185,2024-04-01,4,2024,40
QUY,202405,5119,3366,4601,1033,14119,0.3625610878957433,0.238402153126992,0.3258729371768539,0.0731638218004108,5634,0.3990367589772647,19.69287137443389,933337,15.127440570769187,9.555276687009526,2.7165103509506277,2024-05-01,5,2024,41
QUY,202406,4703,3240,4311,1085,13339,0.35257515555888747,0.2428967688732289,0.32318764525076843,0.08134043031711523,5396,0.40452807556788367,19.69287137443389,933337,14.291729568205268,9.498447354141044,2.659681018082147,2024-06-01,6,2024,42
QUY,202407,4482,3274,4468,1118,13342,0.3359316444311198,0.24539049617748462,0.33488232648778293,0.08379553290361265,5586,0.41867785939139557,19.69287137443389,933337,14.294943841292053,9.498672233269462,2.6599058972105634,2024-07-01,7,2024,43
QUY,202408,4059,3026,4425,1045,12555,0.3232974910394265,0.2410195141377937,0.35244922341696533,0.08323377140581442,5470,0.4356829948227798,19.69287137443389,933337,13.451732868192304,9.437874271591685,2.599107935532788,2024-08-01,8,2024,44
QUY,202409,3950,2889,4126,999,11964,0.3301571380809094,0.24147442326980942,0.34486793714476766,0.08350050150451355,5125,0.4283684386492812,19.69287137443389,933337,12.818521070095796,9.389657419749838,2.5508910836909413,2024-09-01,9,2024,45
QUY,202410,4184,3540,4648,1036,13408,0.3120525059665871,0.26402147971360385,0.3466587112171838,0.07726730310262529,5684,0.4239260143198091,19.69287137443389,933337,14.365657849201307,9.503606822721864,2.664840486662967,2024-10-01,10,2024,46
QUY,202411,4204,3419,4521,1019,13163,0.31938008052875483,0.25974321963078323,0.3434627364582542,0.0774139633822077,5540,0.4208766998404619,19.69287137443389,933337,14.103158880447257,9.485165142425407,2.6463988063665105,2024-11-01,11,2024,47
QUY,202412,3940,3206,4308,1060,12514,0.3148473709445421,0.2561930637685792,0.3442544350327633,0.08470513025411538,5368,0.4289595652868787,19.69287137443389,933337,13.407804469339585,9.43460329655831,2.5958369604994114,2024-12-01,12,2024,48
QUY,202501,4821,3781,4875,1106,14583,0.3305904134951656,0.25927449770280464,0.334293355276692,0.07584173352533773,5981,0.41013508880202976,19.69287137443389,933337,15.624581474858491,9.587611745713565,2.7488454096546677,2025-01-01,1,2025,49
QUY,202502,3955,3321,4151,1027,12454,0.3175686526417215,0.2666613136341738,0.3333065681708688,0.0824634655532359,5178,0.4157700337241047,19.69287137443389,933337,13.343519007603899,9.429797135432397,2.5910307993735,2025-02-01,2,2025,50
QUY,202503,4477,3763,4630,1061,13931,0.32136960735051323,0.270117005240112,0.3323523078027421,0.0761610796066327,5691,0.40851338740937476,19.69287137443389,933337,14.926012790664037,9.541871851706224,2.703105515647328,2025-03-01,3,2025,51
QUY,202504,4010,3459,4352,1003,12824,0.31269494697442296,0.2697286338116032,0.3393636930754835,0.07821272613849033,5355,0.4175764192139738,19.69287137443389,933337,13.73994602164063,9.459073694289389,2.6203073582304914,2025-04-01,4,2025,52
QUY,202505,4186,3660,4354,1111,13311,0.3144767485538277,0.2749605589362182,0.3270978889640147,0.08346480354593945,5465,0.4105626925099542,19.69287137443389,933337,14.261729686061948,9.496346040047019,2.6575797039881217,2025-05-01,5,2025,53
QUY,202506,4111,3453,4438,1091,13093,0.3139845719086535,0.2637287099977087,0.33895974948445734,0.08332696860918047,5529,0.4222867180936378,19.69287137443389,933337,14.028159175088955,9.479833015227753,2.641066679168856,2025-06-01,6,2025,54
QUY,202507,4097,3577,4497,1197,13368,0.3064781567923399,0.26757929383602636,0.3364003590664273,0.08954219030520646,5694,0.4259425493716337,19.69287137443389,933337,14.322800874710849,9.50061907027523,2.6618527342163323,2025-07-01,7,2025,55
QUY,202508,3658,3129,4068,983,11838,0.30900489947626286,0.26431829700963,0.34363912823112014,0.08303767528298699,5051,0.42667680351410714,19.69287137443389,933337,12.683521600450856,9.37906997525067,2.540303639191773,2025-08-01,8,2025,56
QUY,202509,3799,3266,4030,1044,12139,0.31295823379191035,0.26905016887717276,0.3319878078919186,0.08600378943899827,5074,0.4179915973309169,19.69287137443389,933337,13.006020333491547,9.404178688897805,2.5654123528389063,2025-09-01,9,2025,57
QUY,202510,3897,3306,4470,1113,12786,0.3047864852182074,0.2585640544345378,0.34960112623181605,0.08704833411543876,5583,0.4366494603472548,19.69287137443389,933337,13.699231895874695,9.456106101326672,2.617339765267775,2025-10-01,10,2025,58
QUY,202511,3950,3214,4112,1054,12330,0.32035685320356855,0.26066504460665046,0.3334955393349554,0.08548256285482562,5166,0.41897810218978104,19.69287137443389,933337,13.210662386683481,9.41979059615839,2.581024260099493,2025-11-01,11,2025,59
QUY,202512,3690,3330,4220,994,12234,0.30161844041196667,0.2721922511034821,0.3449403302272356,0.08124897825731568,5214,0.4261893084845513,19.69287137443389,933337,13.107805647906384,9.411974239802511,2.573207903743613,2025-12-01,12,2025,60
QVV,202101,5009,2190,5050,974,13223,0.3788096498525297,0.16562050971791575,0.38191030779702034,0.07365953263253422,6024,0.45556984042955456,16.986336948387013,761630,17.361448472355345,9.489713016556824,2.8542521430991603,2021-01-01,1,2021,1
QVV,202102,5168,2259,4766,932,13125,0.39375238095238096,0.17211428571428572,0.3631238095238095,0.07100952380952381,5698,0.4341333333333333,16.986336948387013,761630,17.232777070230952,9.482274087459825,2.846813214002162,2021-02-01,2,2021,2
QVV,202103,5930,2533,5568,1064,15095,0.3928453130175555,0.16780390857899966,0.36886386220602846,0.07048691619741636,6632,0.43935077840344483,16.986336948387013,761630,19.819334847629428,9.622118842140939,2.986657968683277,2021-03-01,3,2021,3
QVV,202104,5757,2493,5292,991,14533,0.39613293882887224,0.1715406316658639,0.36413679212825983,0.06818963737700406,6283,0.4323264295052639,16.986336948387013,761630,19.081443745650773,9.58417720462617,2.948716331168508,2021-04-01,4,2021,4
QVV,202105,4991,2165,4769,942,12867,0.3878915054014145,0.16825988964016475,0.3706380663713375,0.07321053858708323,5711,0.44384860495842077,16.986336948387013,761630,16.894029909536126,9.46242117318499,2.8269602997273275,2021-05-01,5,2021,5
QVV,202106,5391,2309,5019,964,13683,0.3939925454944091,0.1687495432288241,0.3668055251041438,0.07045238617262296,5983,0.4372579112767668,16.986336948387013,761630,17.965416278245343,9.52390946537981,2.8884485919221476,2021-06-01,6,2021,6
QVV,202107,5105,2295,4921,944,13265,0.3848473426309838,0.17301168488503582,0.37097625329815304,0.07116471918582737,5865,0.4421409724839804,16.986336948387013,761630,17.416593358980084,9.49288426657184,2.8574233931141775,2021-07-01,7,2021,7
QVV,202108,4681,1984,4379,823,11867,0.3944552119322491,0.16718631499115194,0.3690064885817814,0.06935198449481757,5202,0.438358473076599,16.986336948387013,761630,15.581056418470911,9.38151671766514,2.7460558442074765,2021-08-01,8,2021,8
QVV,202109,4943,2099,4845,971,12858,0.38442992689376265,0.16324467257738373,0.3768082127858143,0.07551718774303935,5816,0.4523254005288536,16.986336948387013,761630,16.88221314811654,9.461721464701633,2.8262605912439693,2021-09-01,9,2021,9
QVV,202110,4621,1859,4437,938,11855,0.3897933361450865,0.15681147195276254,0.3742724588781105,0.07912273302404049,5375,0.453395191902151,16.986336948387013,761630,15.565300736578129,9.380504998499505,2.745044125041843,2021-10-01,10,2021,10
QVV,202111,5201,2088,4976,983,13248,0.3925875603864734,0.15760869565217392,0.3756038647342995,0.07419987922705314,5959,0.44980374396135264,16.986336948387013,761630,17.394272809631975,9.49160187662504,2.8561410031673784,2021-11-01,11,2021,11
QVV,202112,5000,2231,4920,1044,13195,0.378931413414172,0.16907919666540355,0.3728685107995453,0.07912087912087912,5964,0.4519893899204244,16.986336948387013,761630,17.324685214605516,9.487593248937424,2.8521323754797616,2021-12-01,12,2021,12
QVV,202201,5195,2348,4930,1036,13509,0.3845584425198016,0.17381005255755422,0.36494189059145754,0.07668961433118662,5966,0.44163150492264414,16.986336948387013,761630,17.736958890799993,9.51111140896968,2.8756505355120185,2022-01-01,1,2022,13
QVV,202202,4854,2133,4606,891,12484,0.38881768663889776,0.17085869913489266,0.36895225889138095,0.07137135533482858,5497,0.4403236142262095,16.986336948387013,761630,16.39116106245815,9.43220310339067,2.7967422299330074,2022-02-01,2,2022,14
QVV,202203,5523,2549,5484,1143,14699,0.3757398462480441,0.17341315735764337,0.37308660453092046,0.07776039186339206,6627,0.4508469963943125,16.986336948387013,761630,19.299397345167602,9.595534743241988,2.960073869784325,2022-03-01,3,2022,15
QVV,202204,4913,2377,4776,1031,13097,0.37512407421546917,0.18149194472016492,0.3646636634343743,0.0787203176299916,5807,0.4433839810643659,16.986336948387013,761630,17.196013812481127,9.480138475329403,2.8446776018717403,2022-04-01,4,2022,16
QVV,202205,4822,2309,4881,998,13010,0.3706379707916987,0.17747886241352806,0.37517294388931594,0.07671022290545734,5879,0.45188316679477325,16.986336948387013,761630,17.081785118758454,9.47347357150655,2.8380126980488884,2022-05-01,5,2022,17
QVV,202206,4996,2214,4744,962,12916,0.3868070610096005,0.1714152988541344,0.3672963765871787,0.07448126354908641,5706,0.4417776401362651,16.986336948387013,761630,16.95836561059832,9.466222131878165,2.830761258420503,2022-06-01,6,2022,18
QVV,202207,4927,2112,4728,1069,12836,0.383842318479277,0.16453723901526957,0.36833904643191023,0.08328139607354317,5797,0.4516204425054534,16.986336948387013,761630,16.853327731313104,9.460009002229748,2.824548128772085,2022-07-01,7,2022,19
QVV,202208,4807,1979,4646,1028,12460,0.38579454253611556,0.15882825040128412,0.37287319422150883,0.08250401284109149,5674,0.4553772070626003,16.986336948387013,761630,16.359649698672584,9.430278792341444,2.7948179188837816,2022-08-01,8,2022,20
QVV,202209,4679,1757,4558,935,11929,0.3922374046441445,0.14728812138486042,0.38209405650096406,0.07838041747003102,5493,0.46047447397099506,16.986336948387013,761630,15.662460774916953,9.386727689281946,2.751266815824283,2022-09-01,9,2022,21
QVV,202210,4722,2039,4361,1008,12130,0.389282769991756,0.16809563066776587,0.35952184666117065,0.0830997526793075,5369,0.4426215993404782,16.986336948387013,761630,15.926368446621062,9.403437001938096,2.767976128480433,2022-10-01,10,2022,22
QVV,202211,5079,2258,4781,1038,13156,0.3860595925813317,0.17163271511097597,0.36340833079963514,0.07889936150805717,5819,0.4423076923076923,16.986336948387013,761630,17.273479248453974,9.484633207308947,2.849172333851285,2022-11-01,11,2022,23
QVV,202212,4575,2110,4547,981,12213,0.37460083517563253,0.17276672398264145,0.3723081961843937,0.08032424465733234,5528,0.45263244084172605,16.986336948387013,761630,16.035345246379475,9.410256237171089,2.7747953637134257,2022-12-01,12,2022,24
QVV,202301,5222,2200,4837,1021,13280,0.39322289156626505,0.16566265060240964,0.3642319277108434,0.07688253012048193,5858,0.4411144578313253,16.986336948387013,761630,17.43628796134606,9.494014423030425,2.858553549572762,2023-01-01,1,2023,25
QVV,202302,4797,2174,4519,1028,12518,0.38320818022048253,0.1736699153219364,0.3610001597699313,0.08212174468764978,5547,0.4431219044575811,16.986336948387013,761630,16.435802161154367,9.434922887484646,2.799462014026984,2023-02-01,2,2023,26
QVV,202303,5457,2354,4860,1060,13731,0.3974218920690409,0.17143689461801762,0.35394363119947564,0.07719758211346588,5920,0.43114121331294153,16.986336948387013,761630,18.028439005816473,9.527411329321751,2.891950455864089,2023-03-01,3,2023,27
QVV,202304,4786,1991,4553,1020,12350,0.3875303643724696,0.16121457489878543,0.368663967611336,0.0825910931174089,5573,0.45125506072874494,16.986336948387013,761630,16.21522261465541,9.421411342056123,2.7859504685984606,2023-04-01,4,2023,28
QVV,202305,5031,2071,4888,1114,13104,0.38392857142857145,0.15804334554334554,0.373015873015873,0.08501221001221002,6002,0.458028083028083,16.986336948387013,761630,17.205204626918583,9.480672806092851,2.845211932635188,2023-05-01,5,2023,29
QVV,202306,5410,2266,5319,1126,14121,0.38311734296437927,0.1604702216556901,0.37667304015296366,0.07973939522696692,6445,0.4564124353799306,16.986336948387013,761630,18.540498667331907,9.555418330069251,2.9199574566115896,2023-06-01,6,2023,30
QVV,202307,4943,1894,4675,1016,12528,0.39455619412515963,0.15118135376756067,0.3731641123882503,0.08109833971902937,5691,0.45426245210727967,16.986336948387013,761630,16.448931896065016,9.435721418230584,2.8002605447729216,2023-07-01,7,2023,31
QVV,202308,4946,2100,4568,993,12607,0.3923217260252241,0.1665741254858412,0.3623383834377727,0.07876576505116205,5561,0.4411041484889347,16.986336948387013,761630,16.55265680185917,9.44200749423127,2.8065466207736067,2023-08-01,8,2023,32
QVV,202309,4790,2166,4447,1049,12452,0.38467716029553484,0.17394796016704145,0.3571313845165435,0.08424349502088017,5496,0.4413748795374237,16.986336948387013,761630,16.349145910744063,9.4296365315615,2.7941756581038364,2023-09-01,9,2023,33
QVV,202310,4915,2195,4414,1032,12556,0.39144632048423067,0.17481682064351706,0.3515450780503345,0.0821917808219178,5446,0.43373685887225233,16.986336948387013,761630,16.485695153814845,9.437953917961844,2.802493044504182,2023-10-01,10,2023,34
QVV,202311,5127,2342,4559,1100,13128,0.3905393053016453,0.17839731870810482,0.34727300426569163,0.0837903717245582,5659,0.43106337599024985,16.986336948387013,761630,17.23671599070415,9.482502632769927,2.847041759312264,2023-11-01,11,2023,35
QVV,202312,4409,2175,4376,1010,11970,0.3683375104427736,0.18170426065162906,0.3655806182121972,0.08437761069340016,5386,0.44995822890559733,16.986336948387013,761630,15.716292688050627,9.390158798552019,2.754697925094356,2023-12-01,12,2023,36
QVV,202401,5633,2634,4990,1149,14406,0.39101763154241287,0.18284048313202833,0.34638345133971954,0.07975843398583923,6139,0.4261418853255588,16.986336948387013,761630,18.91469611228549,9.575400065449308,2.9399391919916456,2024-01-01,1,2024,37
QVV,202402,4847,2310,4322,1049,12528,0.3868933588761175,0.18438697318007663,0.34498722860791825,0.08373243933588762,5371,0.4287196679438059,16.986336948387013,761630,16.448931896065016,9.435721418230584,2.8002605447729216,2024-02-01,2,2024,38
QVV,202403,5190,2488,4696,1051,13425,0.3865921787709497,0.18532588454376164,0.3497951582867784,0.07828677839851024,5747,0.42808193668528866,16.986336948387013,761630,17.626669117550517,9.504873919377065,2.8694130459194027,2024-03-01,3,2024,39
QVV,202404,5088,2428,4582,1116,13214,0.38504616316028456,0.1837445133948842,0.34675344331769337,0.08445588012713788,5698,0.43120932344483126,16.986336948387013,761630,17.349631710935757,9.48903215258983,2.8535712791321686,2024-04-01,4,2024,40
QVV,202405,5309,2499,4792,1094,13694,0.38768803855703227,0.1824886811742369,0.34993427778589165,0.0798890024828392,5886,0.42982328026873085,16.986336948387013,761630,17.97985898664706,9.524713059681009,2.8892521862233456,2024-05-01,5,2024,41
QVV,202406,4732,2248,4300,1055,12335,0.38362383461694366,0.18224564248074585,0.3486015403323875,0.08552898256992299,5355,0.4341305229023105,16.986336948387013,761630,16.19552801228943,9.420196028963456,2.7847351555057944,2024-06-01,6,2024,42
QVV,202407,4733,2353,4709,1198,12993,0.36427307011467713,0.18109751404602478,0.3624259216501193,0.0922034941891788,5907,0.45462941583929806,16.986336948387013,761630,17.059464569410345,9.472166029882736,2.836705156425074,2024-07-01,7,2024,43
QVV,202408,4299,2320,4393,1095,12107,0.35508383579747255,0.1916246799372264,0.3628479392087222,0.09044354505657884,5488,0.4532914842653011,16.986336948387013,761630,15.896170056326563,9.40153907670774,2.7660782032500775,2024-08-01,8,2024,44
QVV,202409,4120,2196,4395,1014,11725,0.3513859275053305,0.18729211087420042,0.37484008528784646,0.0864818763326226,5409,0.46132196162046907,16.986336948387013,761630,15.39461418273965,9.36947859331448,2.7340177198568174,2024-09-01,9,2024,45
QVV,202410,4665,2309,4588,1130,12692,0.36755436495430194,0.18192562243933186,0.36148755121336273,0.08903246139300347,5718,0.4505200126063662,16.986336948387013,761630,16.664259548599716,9.448727152703086,2.8132662792454237,2024-10-01,10,2024,46
QVV,202411,4505,2342,4489,1090,12426,0.36254627394173505,0.18847577659745696,0.36125865121519396,0.08771929824561403,5579,0.448977949460808,16.986336948387013,761630,16.315008599976366,9.42754633062364,2.7920854571659763,2024-11-01,11,2024,47
QVV,202412,4167,2228,4356,991,11742,0.35487991824220744,0.18974621018565832,0.3709759836484415,0.08439788792369272,5347,0.4553738715721342,16.986336948387013,761630,15.416934732087759,9.37092743662413,2.7354665631664687,2024-12-01,12,2024,48
QVV,202501,4753,2609,4975,1103,13440,0.3536458333333333,0.1941220238095238,0.37016369047619047,0.08206845238095238,6078,0.45223214285714286,16.986336948387013,761630,17.646363719916497,9.50599061407714,2.870529740619478,2025-01-01,1,2025,49
QVV,202502,4016,2471,4304,991,11782,0.34085893736207773,0.2097267017484298,0.3653030045832626,0.08411135630622985,5295,0.44941436088949244,16.986336948387013,761630,15.469453671730369,9.374328222081633,2.73886734862397,2025-02-01,2,2025,50
QVV,202503,4451,2685,4664,1166,12966,0.34328243097331484,0.2070800555298473,0.3597100107974703,0.08992750269936757,5830,0.4496375134968379,16.986336948387013,761630,17.024014285151583,9.470085825734941,2.8346249522772786,2025-03-01,3,2025,51
QVV,202504,3986,2426,4416,1027,11855,0.33622943905525093,0.20463939266132433,0.37250105440742304,0.08663011387600168,5443,0.4591311682834247,16.986336948387013,761630,15.565300736578129,9.380504998499505,2.745044125041843,2025-04-01,4,2025,52
QVV,202505,4148,2613,4595,1064,12420,0.33397745571658616,0.2103864734299517,0.36996779388083734,0.0856682769726248,5659,0.45563607085346214,16.986336948387013,761630,16.307130759029974,9.42706335548747,2.791602482029807,2025-05-01,5,2025,53
QVV,202506,4080,2402,4341,1094,11917,0.34236804564907275,0.20156079550222372,0.364269530922212,0.09180162792649156,5435,0.45607115884870353,16.986336948387013,761630,15.646705093024172,9.385721231090805,2.7502603576331435,2025-06-01,6,2025,54
QVV,202507,4406,2631,4678,1239,12954,0.3401266018218311,0.20310328855951829,0.36112397714991507,0.09564613246873553,5917,0.4567701096186506,16.986336948387013,761630,17.0082586032588,9.469159899742863,2.8336990262851995,2025-07-01,7,2025,55
QVV,202508,3808,2216,4184,1060,11268,0.3379481718139865,0.1966631167909123,0.37131700390486333,0.09407170749023784,5244,0.4653887113951012,16.986336948387013,761630,14.794585297322847,9.329722128996263,2.6942612555386005,2025-08-01,8,2025,56
QVV,202509,4070,2340,4065,1029,11504,0.3537899860917942,0.20340751043115438,0.35335535465924894,0.08944714881780251,5094,0.44280250347705147,16.986336948387013,761630,15.104447041214238,9.350450079960828,2.7149892065031653,2025-09-01,9,2025,57
QVV,202510,4093,2400,4423,1098,12014,0.34068586648909605,0.19976693857166639,0.3681538205427002,0.09139337439653737,5521,0.45954719493923757,16.986336948387013,761630,15.774063521657496,9.393827915410107,2.758367041952444,2025-10-01,10,2025,58
QVV,202511,4010,2248,4191,1058,11507,0.3484835317632745,0.19535934648474843,0.3642130876857565,0.09194403406622056,5249,0.45615712175197703,16.986336948387013,761630,15.108385961687434,9.350710824823459,2.715249951365796,2025-11-01,11,2025,59
QVV,202512,4047,2345,4452,1076,11920,0.33951342281879193,0.1967281879194631,0.37348993288590604,0.09026845637583893,5528,0.46375838926174495,16.986336948387013,761630,15.650644013497368,9.385972940619341,2.750512067161678,2025-12-01,12,2025,60
QWE,202101,7758,3507,7618,1698,20581,0.3769496137213935,0.1703998833875905,0.37014722316699866,0.0825032797240173,9316,0.452650502891016,15.936804972576704,1470465,13.996252885991847,9.93212359907246,2.638789642789755,2021-01-01,1,2021,1
QWE,202102,7910,3534,7459,1660,20563,0.38467149734960854,0.17186208238097553,0.36273889996595826,0.08072752030345767,9119,0.44346642026941596,15.936804972576704,1470465,13.984011860193885,9.931248623321519,2.637914667038813,2021-02-01,2,2021,2
QWE,202103,9256,4162,8410,1910,23738,0.3899233296823658,0.17533069340298255,0.3542842699469205,0.08046170696773107,10320,0.4347459769146516,15.936804972576704,1470465,16.1431927995566,10.07483241861645,2.781498462333745,2021-03-01,3,2021,3
QWE,202104,9056,4296,8346,1763,23461,0.38600230169217,0.18311239930096757,0.35573931204978476,0.0751459869570777,10109,0.43088529900686245,15.936804972576704,1470465,15.954817013665746,10.063094747044966,2.7697607907622603,2021-04-01,4,2021,4
QWE,202105,7730,3668,7691,1667,20756,0.3724224320678358,0.17671998458277124,0.3705434573135479,0.08031412603584506,9358,0.45085758334939297,15.936804972576704,1470465,14.115262859027586,9.94059064048763,2.6472566842049248,2021-05-01,5,2021,5
QWE,202106,8526,4039,8041,1792,22398,0.38065898740959014,0.1803286007679257,0.35900526832752927,0.08000714349495491,9833,0.4390124118224841,15.936804972576704,1470465,15.231916434597219,10.016726948142638,2.7233929918599333,2021-06-01,6,2021,6
QWE,202107,7856,3749,7972,1742,21319,0.3684975843144613,0.1758525259158497,0.37393874009099864,0.08171114967869036,9714,0.455649889769689,15.936804972576704,1470465,14.498134943708283,9.967353972864542,2.6740200165818364,2021-07-01,7,2021,7
QWE,202108,7125,3172,7206,1581,19084,0.3733494026409558,0.16621253405994552,0.37759379584992664,0.08284426744917209,8787,0.4604380632990987,15.936804972576704,1470465,12.978207573794684,9.856605566635997,2.563271610353292,2021-08-01,8,2021,8
QWE,202109,7566,3438,7697,1745,20446,0.37004793113567447,0.1681502494375428,0.37645505233297466,0.08534676709380808,9442,0.4618018194267827,15.936804972576704,1470465,13.904445192507131,9.92554254331696,2.6322085870342535,2021-09-01,9,2021,9
QWE,202110,7399,3427,7242,1699,19767,0.3743107198866798,0.1733697576769363,0.3663681894065867,0.08595133302979714,8941,0.45231952243638385,15.936804972576704,1470465,13.44268649712846,9.89176915958193,2.598435203299224,2021-10-01,10,2021,10
QWE,202111,7890,3825,7849,1805,21369,0.3692264495296925,0.17899761336515513,0.3673077823014647,0.08446815480368758,9654,0.45177593710515235,15.936804972576704,1470465,14.532137793147067,9.969696552646463,2.676362596363758,2021-11-01,11,2021,11
QWE,202112,7365,3587,7592,1801,20345,0.36200540673384124,0.1763086753502089,0.3731629392971246,0.08852297861882527,9393,0.4616859179159499,15.936804972576704,1470465,13.83575943664079,9.92059046043579,2.6272565041530846,2021-12-01,12,2021,12
QWE,202201,8159,4004,7962,1812,21937,0.37192870492774766,0.18252267857956878,0.36294844326936226,0.08260017322332133,9774,0.44554861649268357,15.936804972576704,1470465,14.91841016277164,9.995929987925688,2.702596031642982,2022-01-01,1,2022,13
QWE,202202,7985,3900,7881,1690,21456,0.37215697240865026,0.18176733780760626,0.3673098434004474,0.07876584638329605,9571,0.44607568978374346,15.936804972576704,1470465,14.591302751170549,9.97375960552146,2.6804256492387544,2022-02-01,2,2022,14
QWE,202203,9123,4501,8568,1963,24155,0.3776857793417512,0.18633823225005175,0.35470916994411095,0.08126681846408611,10531,0.43597598840819707,15.936804972576704,1470465,16.426776563876054,10.092246676988507,2.7989127207058013,2022-03-01,3,2022,15
QWE,202204,8178,4037,7789,1866,21870,0.3739368998628258,0.18459076360310928,0.35614997713763147,0.08532235939643347,9655,0.4414723365340649,15.936804972576704,1470465,14.872846344523671,9.992871113670814,2.699537157388108,2022-04-01,4,2022,16
QWE,202205,8405,4150,8274,1844,22673,0.3707052441229656,0.18303709257707404,0.36492744674282185,0.08133021655713844,10118,0.4462576632999603,15.936804972576704,1470465,15.418932106510526,10.028930068226643,2.735596111943937,2022-05-01,5,2022,17
QWE,202206,8202,4148,8181,1810,22341,0.3671277024305089,0.18566760664249585,0.366187726601316,0.08101696432567924,9991,0.4472046909269952,15.936804972576704,1470465,15.193153186237005,10.014178834378756,2.7208448780960497,2022-06-01,6,2022,18
QWE,202207,7794,3887,8034,1821,21536,0.36190564635958394,0.18048848439821694,0.37304977711738485,0.08455609212481427,9855,0.4576058692421991,15.936804972576704,1470465,14.6457073102726,9.977481232444454,2.684147276161749,2022-07-01,7,2022,19
QWE,202208,7279,3558,8005,1798,20640,0.3526647286821705,0.17238372093023255,0.38783914728682173,0.0871124031007752,9803,0.4749515503875969,15.936804972576704,1470465,14.03637624832961,9.9349862195955,2.6416522633127935,2022-08-01,8,2022,20
QWE,202209,7175,3272,7469,1766,19682,0.36454628594655014,0.16624326796057312,0.37948379229753076,0.089726653795346,9235,0.46921044609287677,15.936804972576704,1470465,13.384881653082529,9.88745979145893,2.594125835176225,2022-09-01,9,2022,21
QWE,202210,7323,3367,7376,1749,19815,0.3695685087055261,0.16992177643199596,0.3722432500630835,0.0882664647993944,9125,0.46050971486247794,15.936804972576704,1470465,13.475329232589692,9.894194505624535,2.6008605493418298,2022-10-01,10,2022,22
QWE,202211,8027,3596,7803,1786,21212,0.378417876673581,0.1695266830096172,0.367857816330379,0.08419762398642278,9589,0.45205544031680184,15.936804972576704,1470465,14.425368845909288,9.962322338257021,2.668988381974315,2022-11-01,11,2022,23
QWE,202212,7577,3539,7418,1644,20178,0.37550797898701554,0.17538903756566557,0.36762810982257904,0.08147487362473982,9062,0.44910298344731886,15.936804972576704,1470465,13.722189919515255,9.912348180968324,2.619014224685619,2022-12-01,12,2022,24
QWE,202301,8285,3710,7785,1799,21579,0.383938087955883,0.17192640993558553,0.3607674127624079,0.08336808934612355,9584,0.4441355021085314,15.936804972576704,1470465,14.674949760789955,9.979475898535465,2.6861419422527604,2023-01-01,1,2023,25
QWE,202302,7998,3708,7376,1709,20791,0.38468568130441055,0.17834639988456544,0.3547688903852629,0.08219902842576114,9085,0.436967918811024,15.936804972576704,1470465,14.139064853634734,9.942275479743389,2.648941523460683,2023-02-01,2,2023,26
QWE,202303,9150,4228,8665,1969,24012,0.3810594702648676,0.17607862735299018,0.36086123604864234,0.08200066633349992,10634,0.44286190238214224,15.936804972576704,1470465,16.329528414481132,10.086308984371733,2.792975028089028,2023-03-01,3,2023,27
QWE,202304,8076,3554,7618,1729,20977,0.3849930876674453,0.16942365447871477,0.36315965104638415,0.08242360680745578,9347,0.4455832578538399,15.936804972576704,1470465,14.265555453547007,9.95118187839879,2.6578479221160842,2023-04-01,4,2023,28
QWE,202305,8802,3660,8545,1923,22930,0.38386393371129524,0.15961622328826863,0.3726559092891409,0.08386393371129525,10468,0.45651984300043613,15.936804972576704,1470465,15.59370675262587,10.04020137585195,2.7468674195692446,2023-05-01,5,2023,29
QWE,202306,9440,4057,9331,2038,24866,0.37963484275717846,0.16315450816375773,0.37525134722110515,0.08195930185795866,11369,0.4572106490790638,15.936804972576704,1470465,16.910297082895546,10.121256687512883,2.8279227312301773,2023-06-01,6,2023,30
QWE,202307,8352,3536,8559,1995,22442,0.37215934408697976,0.15756171464218877,0.3813831209339631,0.08889582033686837,10554,0.4702789412708315,15.936804972576704,1470465,15.26183894210335,10.018689482224811,2.7253555259421063,2023-07-01,7,2023,31
QWE,202308,8254,3669,8123,1888,21934,0.3763107504331175,0.16727455092550378,0.37033828759004284,0.08607641105133583,10011,0.4564146986413787,15.936804972576704,1470465,14.916369991805313,9.995793223320154,2.7024592670374488,2023-08-01,8,2023,32
QWE,202309,8093,3729,7946,1849,21617,0.3743812739973169,0.17250312254244346,0.3675810704538095,0.08553453300643013,9795,0.4531156034602396,15.936804972576704,1470465,14.70079192636343,9.981235321158053,2.6879013648753474,2023-09-01,9,2023,33
QWE,202310,7933,3834,7853,1845,21465,0.3695783834148614,0.17861635220125785,0.36585138597717215,0.0859538784067086,9698,0.45180526438388074,15.936804972576704,1470465,14.597423264069528,9.97417898065866,2.680845024375955,2023-10-01,10,2023,34
QWE,202311,8284,3914,7860,1873,21931,0.3777301536637636,0.17846883407049383,0.35839678993205965,0.08540422233368292,9733,0.44380101226574253,15.936804972576704,1470465,14.914329820838987,9.995656440007505,2.7023224837247994,2023-11-01,11,2023,35
QWE,202312,7332,3619,7411,1758,20120,0.36441351888667994,0.17987077534791251,0.3683399602385686,0.08737574552683897,9169,0.45571570576540754,15.936804972576704,1470465,13.682746614166268,9.909469624213676,2.61613566793097,2023-12-01,12,2023,36
QWE,202401,9049,4464,8511,1889,23913,0.37841341529711875,0.186676703048551,0.3559151925730774,0.07899468908125287,10400,0.43490988165433025,15.936804972576704,1470465,16.262202772592346,10.082177523096034,2.7888435668133273,2024-01-01,1,2024,37
QWE,202402,8415,4042,7720,1816,21993,0.38262174328195336,0.18378575001136727,0.35102077933888054,0.08257172736779884,9536,0.43359250670667937,15.936804972576704,1470465,14.956493354143078,9.998479499891696,2.7051455436089906,2024-02-01,2,2024,38
QWE,202403,8613,4025,8018,1823,22479,0.3831576137728547,0.1790560078295298,0.35668846478935895,0.08109791360825659,9841,0.4377863783976155,15.936804972576704,1470465,15.287001050688048,10.020336819032421,2.727002862749715,2024-03-01,3,2024,39
QWE,202404,9260,4590,8536,1924,24310,0.3809132044426162,0.1888111888111888,0.351131221719457,0.07914438502673797,10460,0.43027560674619497,15.936804972576704,1470465,16.53218539713628,10.098643067310169,2.8053091110274635,2024-04-01,4,2024,40
QWE,202405,9031,4418,8584,1963,23996,0.37635439239873314,0.1841140190031672,0.3577262877146191,0.08180530088348058,10547,0.4395315885980997,15.936804972576704,1470465,16.318647502660724,10.085642428772983,2.7923084724902782,2024-05-01,5,2024,41
QWE,202406,8709,4254,8273,1905,23141,0.3763450153407372,0.18382956657015687,0.35750399723434595,0.08232142085475995,10178,0.4398254180891059,15.936804972576704,1470465,15.737198777257534,10.049361215025671,2.756027258742966,2024-06-01,6,2024,42
QWE,202407,8380,4428,8805,2002,23615,0.35485919966123225,0.1875079398687275,0.372856235443574,0.08477662502646623,10807,0.4576328604700402,15.936804972576704,1470465,16.059545789937197,10.069637382330217,2.776303426047512,2024-07-01,7,2024,43
QWE,202408,7621,4217,8273,1890,22001,0.34639334575701103,0.19167310576791963,0.376028362347166,0.08590518612790328,10163,0.4619335484750693,15.936804972576704,1470465,14.961933810053283,9.99884318585288,2.7055092295701755,2024-08-01,8,2024,44
QWE,202409,7012,3812,7750,1752,20326,0.34497687690642526,0.18754304831250615,0.3812850536258979,0.08619502115517072,9502,0.46748007478106857,15.936804972576704,1470465,13.822838353854053,9.919656133697712,2.6263221774150063,2024-09-01,9,2024,45
QWE,202410,7522,4443,8178,1913,22056,0.3410409865796155,0.2014417845484222,0.3707834602829162,0.08673376858904606,10091,0.4575172288719623,15.936804972576704,1470465,14.999336944435942,10.001339952703633,2.708005996420927,2024-10-01,10,2024,46
QWE,202411,7658,4228,8301,1873,22060,0.3471441523118767,0.19165911151405257,0.37629193109700815,0.08490480507706255,10174,0.4611967361740707,15.936804972576704,1470465,15.002057172391046,10.001521292807494,2.7081873365247877,2024-11-01,11,2024,47
QWE,202412,7001,4092,7765,1792,20650,0.3390314769975787,0.1981598062953995,0.37602905569007267,0.08677966101694916,9557,0.4628087167070218,15.936804972576704,1470465,14.043176818217367,9.935470598389179,2.642136642106473,2024-12-01,12,2024,48
QWE,202501,8115,4830,8818,1907,23670,0.3428390367553866,0.20405576679340937,0.37253907900295735,0.08056611744824672,10725,0.45310519645120406,15.936804972576704,1470465,16.096948924319857,10.071963702508029,2.778629746225324,2025-01-01,1,2025,49
QWE,202502,7043,4426,7763,1792,21024,0.334998097412481,0.2105213089802131,0.3692446727549467,0.0852359208523592,9555,0.4544805936073059,15.936804972576704,1470465,14.297518132019464,9.953419921284338,2.6600859650016315,2025-02-01,2,2025,50
QWE,202503,7726,4822,8573,1844,22965,0.3364249945569345,0.20997169605922056,0.3733072066187677,0.08029610276507729,10417,0.45360330938384497,15.936804972576704,1470465,15.61750874723302,10.041726596759894,2.7483926404771886,2025-03-01,3,2025,51
QWE,202504,7375,4908,8189,1907,22379,0.329550024576612,0.21931274855891683,0.36592341034005094,0.08521381652442021,10096,0.45113722686447116,15.936804972576704,1470465,15.218995351810483,10.015878298115155,2.722544341832449,2025-04-01,4,2025,52
QWE,202505,7423,4959,8497,2052,22931,0.32371026121843793,0.21625746805634294,0.37054642187431863,0.08948584885090052,10549,0.46003227072521913,15.936804972576704,1470465,15.594386809614646,10.040244985890988,2.7469110296082824,2025-05-01,5,2025,53
QWE,202506,7519,4745,8501,1913,22678,0.3315548108298792,0.2092336184848752,0.3748566893024076,0.08435488138283799,10414,0.4592115706852456,15.936804972576704,1470465,15.422332391454404,10.029150570531785,2.7358166142490794,2025-06-01,6,2025,54
QWE,202507,7504,4902,8874,1901,23181,0.3237133859626418,0.21146628704542514,0.3828135110650964,0.08200681592683663,10775,0.46482032699193304,15.936804972576704,1470465,15.764401056808563,10.051088256601693,2.757754300318988,2025-07-01,7,2025,55
QWE,202508,6574,4222,7996,1736,20528,0.3202455183164458,0.20567030397505845,0.3895167575993765,0.08456742010911925,9732,0.4740841777084957,15.936804972576704,1470465,13.960209865586735,9.929545086855418,2.636211130572712,2025-08-01,8,2025,56
QWE,202509,6917,4262,7961,1881,21021,0.3290519004804719,0.2027496313210599,0.3787165215736644,0.08948194662480377,9842,0.4681984681984682,15.936804972576704,1470465,14.295477961053136,9.953277217038643,2.659943260755938,2025-09-01,9,2025,57
QWE,202510,7075,4507,8246,1845,21673,0.32644303972684907,0.20795459788677156,0.38047340008305264,0.08512896230332671,10091,0.46560236238637936,15.936804972576704,1470465,14.738875117734866,9.983822525188403,2.6904885689056965,2025-10-01,10,2025,58
QWE,202511,7063,4351,7777,1753,20944,0.3372326203208556,0.207744461420932,0.3713235294117647,0.08369938884644768,9530,0.4550229182582124,15.936804972576704,1470465,14.243113572917409,9.949607488149681,2.6562735318669755,2025-11-01,11,2025,59
QWE,202512,6880,4545,8050,1878,21353,0.3222029691378261,0.2128506533039854,0.3769962066220203,0.08795017093616822,9928,0.4649463775581885,15.936804972576704,1470465,14.521256881326655,9.968947524007914,2.6756135677252084,2025-12-01,12,2025,60
QWO,202101,20400,8265,19650,4404,52719,0.3869572639845217,0.156774597393729,0.37273089398509074,0.08353724463665851,24054,0.45626813862174925,28.18165298227763,2325253,22.672371565588776,10.872731200862956,3.1211470715573606,2021-01-01,1,2021,1
QWO,202102,19770,7857,18679,4198,50504,0.3914541422461587,0.1555718358941866,0.3698518929193727,0.08312212894028195,22877,0.4529740218596547,28.18165298227763,2325253,21.71978705112949,10.829807820047462,3.0782236907418663,2021-02-01,2,2021,2
QWO,202103,23353,9190,21634,4779,58956,0.39610896261618833,0.1558789605807721,0.3669516249406337,0.08106045186240586,26413,0.44801207680303956,28.18165298227763,2325253,25.354660331585425,10.98454668195665,3.2329625526510535,2021-03-01,3,2021,3
QWO,202104,22558,9014,20825,4507,56904,0.3964220441445241,0.1584071418529453,0.36596724307605794,0.07920357092647265,25332,0.44517081400253056,28.18165298227763,2325253,24.472175715932845,10.949120916413351,3.197536787107756,2021-04-01,4,2021,4
QWO,202105,18664,7334,18154,4215,48367,0.38588293671304813,0.15163231128662105,0.37533855728079063,0.08714619471954019,22369,0.4624847520003308,28.18165298227763,2325253,20.800747273522493,10.78657304197918,3.0349889126735854,2021-05-01,5,2021,5
QWO,202106,21308,8321,19873,4490,53992,0.3946510594162098,0.15411542450733443,0.36807304785894207,0.0831604682175137,24363,0.4512335160764558,28.18165298227763,2325253,23.219838873447323,10.896591166423242,3.1450070371176473,2021-06-01,6,2021,6
QWO,202107,20227,7933,19185,4311,51656,0.39157116307882917,0.15357364100975684,0.3713992566207217,0.08345593929069227,23496,0.454855195911414,28.18165298227763,2325253,22.215217010794095,10.852361634306304,3.100777505000708,2021-07-01,7,2021,7
QWO,202108,18481,7377,18030,3962,47850,0.38622779519331246,0.1541692789968652,0.3768025078369906,0.08280041797283176,21992,0.45960292580982237,28.18165298227763,2325253,20.578405876693846,10.7758263968811,3.024242267575505,2021-08-01,8,2021,8
QWO,202109,19975,7917,19537,4542,51971,0.3843489638452214,0.15233495603317235,0.3759211868157242,0.08739489330588213,24079,0.4633160801216063,28.18165298227763,2325253,22.350686140389886,10.858441149687675,3.10685702038208,2021-09-01,9,2021,9
QWO,202110,19273,7328,18389,4272,49262,0.39123462303601153,0.1487556331452235,0.37328975681052334,0.08671998700824164,22661,0.46000974381876497,28.18165298227763,2325253,21.18565162586609,10.804908271743555,3.0533241424379596,2021-10-01,10,2021,10
QWO,202111,20307,8203,19762,4670,52942,0.38357070001133314,0.15494314532885045,0.3732764157002002,0.08820973895961619,24432,0.4614861546598164,28.18165298227763,2325253,22.76827510812802,10.8769522536848,3.1253681243792055,2021-11-01,11,2021,11
QWO,202112,19448,7896,19529,4560,51433,0.3781229949643225,0.153520113545778,0.3796978593510003,0.08865903213889915,24089,0.4683568914898995,28.18165298227763,2325253,22.119313468254852,10.848035268780741,3.096451139475146,2021-12-01,12,2021,12
QWO,202201,20362,8281,19588,4432,52663,0.3866471716385318,0.15724512466057763,0.3719499458823083,0.08415775781858231,24020,0.45610770370089054,28.18165298227763,2325253,22.64828816477175,10.871668400664227,3.1200842713586323,2022-01-01,1,2022,13
QWO,202202,19749,8066,18075,4363,50253,0.3929914631962271,0.16050783037828587,0.35968001910333713,0.08682068732214993,22438,0.44650070642548706,28.18165298227763,2325253,21.611841808181733,10.824825525631796,3.073241396326201,2022-02-01,2,2022,14
QWO,202203,22890,9196,21467,4976,58529,0.39108817850979855,0.15711869329733977,0.3667754446513694,0.08501768354149225,26443,0.45179312819286166,28.18165298227763,2325253,25.171024400355574,10.977277636883887,3.225693507578292,2022-03-01,3,2022,15
QWO,202204,19925,7860,18707,4381,50873,0.39166158866196216,0.15450238830027715,0.3677196155131406,0.08611640752462013,23088,0.4538360230377607,28.18165298227763,2325253,21.87847946008456,10.837087609932846,3.0855034806272505,2022-04-01,4,2022,16
QWO,202205,21021,8421,19995,5020,54457,0.3860109811410838,0.1546357676699047,0.3671704280441449,0.09218282314486659,25015,0.4593532511890115,28.18165298227763,2325253,23.41981711237444,10.905166678408571,3.1535825491029765,2022-05-01,5,2022,17
QWO,202206,21307,8145,19809,4684,53945,0.39497636481601633,0.150987116507554,0.3672073408100843,0.08682917786634535,24493,0.4540365186764297,28.18165298227763,2325253,23.19962601919017,10.89572028798544,3.1441361586798453,2022-06-01,6,2022,18
QWO,202207,20153,7706,19236,4621,51716,0.3896859772604223,0.14900611029468636,0.3719545208446129,0.08935339160027844,23857,0.46130791244489133,28.18165298227763,2325253,22.241020654526626,10.853522490374443,3.1019383610688487,2022-07-01,7,2022,19
QWO,202208,20103,7447,18984,4881,51415,0.3909948458621025,0.14484099970825634,0.36923076923076925,0.09493338519887193,23865,0.46416415442964115,28.18165298227763,2325253,22.111572375135093,10.84768523766329,3.0961011083576957,2022-08-01,8,2022,20
QWO,202209,19700,6490,18727,4504,49421,0.3986159729669574,0.1313206936322616,0.3789279860787924,0.09113534732198862,23231,0.47006333340078105,28.18165298227763,2325253,21.254031281757296,10.808130714060667,3.056546584755071,2022-09-01,9,2022,21
QWO,202210,19195,7452,17829,4691,49167,0.3904041328533366,0.1515650741350906,0.3626212703642687,0.09540952264730408,22520,0.4580307930115728,28.18165298227763,2325253,21.144795856622913,10.802977945731937,3.0513938164263417,2022-10-01,10,2022,22
QWO,202211,20873,8230,20120,4723,53946,0.38692396099803505,0.1525599673747822,0.37296555815074334,0.0875505134764394,24843,0.4605160716271827,28.18165298227763,2325253,23.200056079919044,10.895738825212828,3.1441546959072326,2022-11-01,11,2022,23
QWO,202212,19433,7873,18952,4604,50862,0.38207306043804806,0.15479139632731706,0.3726160984625064,0.0905194447721285,23556,0.4631355432346349,28.18165298227763,2325253,21.873748792066927,10.83687136183646,3.0852872325308653,2022-12-01,12,2022,24
QWO,202301,21672,8835,20623,5234,56364,0.38450074515648286,0.15674898871620183,0.36588957490596835,0.09286069122134696,25857,0.4587502661273153,28.18165298227763,2325253,24.239942922340063,10.939585935814996,3.1880018065094,2023-01-01,1,2023,25
QWO,202302,19936,7833,18175,4689,50633,0.3937353109632058,0.15470147927241126,0.3589556218276618,0.09260758793672111,22864,0.4515632097643829,28.18165298227763,2325253,21.77526488515443,10.832358816615612,3.080774687310017,2023-02-01,2,2023,26
QWO,202303,22999,8456,21563,5567,58585,0.3925748911837501,0.14433728770163012,0.36806349748229067,0.0950243236323291,27130,0.46308782111461977,28.18165298227763,2325253,25.195107801172604,10.978233970102256,3.226649840796661,2023-03-01,3,2023,27
QWO,202304,20220,6974,18361,4760,50315,0.40186823015005463,0.13860677730299115,0.3649209977143993,0.09460399483255491,23121,0.45952499254695417,28.18165298227763,2325253,21.638505573372015,10.826058522367434,3.074474393061838,2023-04-01,4,2023,28
QWO,202305,22737,7530,21350,5384,57001,0.3988877388115998,0.13210294556235855,0.3745548323713619,0.09445448325467974,26734,0.46900931562604165,28.18165298227763,2325253,24.513891606633774,10.950824090522445,3.1992399612168496,2023-05-01,5,2023,29
QWO,202306,22922,8135,22448,5572,59077,0.38800209895560034,0.13770164361765153,0.37997867190277096,0.09431758552397718,28020,0.47429625742674814,28.18165298227763,2325253,25.40669767977936,10.986596956750757,3.235012827445163,2023-06-01,6,2023,30
QWO,202307,20995,7379,20297,5115,53786,0.3903432119882497,0.13719183430632506,0.3773658572862827,0.09509909641914253,25412,0.4724649537054252,28.18165298227763,2325253,23.13124636329896,10.892768489237657,3.141184359932061,2023-07-01,7,2023,31
QWO,202308,20811,8202,20664,5272,54949,0.37873300697009954,0.14926568272398041,0.37605779905002823,0.09594351125589183,25936,0.47200131030592,28.18165298227763,2325253,23.631406990981198,10.914160761304029,3.1625766319984328,2023-08-01,8,2023,32
QWO,202309,20475,8173,19531,5229,53408,0.38336953265428403,0.15302950868783702,0.3656942780107849,0.09790668064709407,24760,0.463600958657879,28.18165298227763,2325253,22.968683407784013,10.885715826461562,3.1341316971559663,2023-09-01,9,2023,33
QWO,202310,20881,8541,19794,5203,54419,0.3837078961392161,0.15694885977324097,0.36373325492934455,0.09560998915819842,24997,0.45934324408754296,28.18165298227763,2325253,23.40347480467717,10.904468636571197,3.1528845072656018,2023-10-01,10,2023,34
QWO,202311,21119,8801,19806,5285,55011,0.3839050371743833,0.15998618458126557,0.36003708349239244,0.0960716947519587,25091,0.45610877824435114,28.18165298227763,2325253,23.65807075617148,10.915288444217275,3.163704314911679,2023-11-01,11,2023,35
QWO,202312,19479,8300,18509,4932,51220,0.3803006638032019,0.1620460757516595,0.3613627489262007,0.09629051151893792,23441,0.4576532604451386,28.18165298227763,2325253,22.027710533004367,10.843885359753516,3.092301230447921,2023-12-01,12,2023,36
QWO,202401,23252,9773,21652,5487,60164,0.38647696296788775,0.16243933249119075,0.35988298650355693,0.09120071803736454,27139,0.4510837045409215,28.18165298227763,2325253,25.874173692067057,11.004829445775105,3.2532453164695085,2024-01-01,1,2024,37
QWO,202402,21191,9145,19776,5272,55384,0.38261952910587893,0.16511989022100246,0.35707063411815687,0.09518994655496173,25048,0.4522605806731186,28.18165298227763,2325253,23.81848340804205,10.922046022357861,3.170461893052266,2024-02-01,2,2024,38
QWO,202403,21492,8784,20286,5209,55771,0.3853615678399168,0.15750121030643166,0.36373742626096,0.09339979559269154,25495,0.4571372218536515,28.18165298227763,2325253,23.984916910116876,10.929009300010007,3.177425170704411,2024-03-01,3,2024,39
QWO,202404,23271,9461,21751,5657,60140,0.38694712337878284,0.15731626205520452,0.3616727635517127,0.09406385101429997,27408,0.4557366145660126,28.18165298227763,2325253,25.863852234574043,11.00443045654252,3.2528463272369246,2024-04-01,4,2024,40
QWO,202405,22343,9802,21786,5830,59761,0.3738725924934322,0.16402001305199043,0.3645521326617694,0.09755526179280802,27616,0.4621073944545774,28.18165298227763,2325253,25.700859218330223,10.998108553267764,3.2465244239621693,2024-05-01,5,2024,41
QWO,202406,20851,9012,20291,5477,55631,0.37480900936528194,0.16199600941920872,0.36474267944131866,0.09845230177419065,25768,0.46319498121550934,28.18165298227763,2325253,23.924708408074302,10.926495878820052,3.1749117495144565,2024-06-01,6,2024,42
QWO,202407,22507,9888,22824,6261,61480,0.36608653220559534,0.16083279115159402,0.3712426805465192,0.10183799609629147,29085,0.47308067664281067,28.18165298227763,2325253,26.440133611267246,11.026467197652533,3.274883068346937,2024-07-01,7,2024,43
QWO,202408,20475,9238,21826,5780,57319,0.3572113958722239,0.1611681990265008,0.38078124182208345,0.10083916327919189,27606,0.4816204051012753,28.18165298227763,2325253,24.65065091841619,10.956387435872271,3.2048033065666757,2024-08-01,8,2024,44
QWO,202409,20161,8704,20660,5618,55143,0.3656130424532579,0.15784415066282212,0.3746622418076637,0.10188056507625629,26278,0.47654280688392,28.18165298227763,2325253,23.714838772383047,10.917685090061873,3.1661009607562787,2024-09-01,9,2024,45
QWO,202410,21382,10308,22332,6246,60268,0.35478197385013605,0.17103603902568526,0.3705448994491272,0.10363708767505143,28578,0.4741819871241787,28.18165298227763,2325253,25.918900007870114,11.00655656192118,3.2549724326155838,2024-10-01,10,2024,46
QWO,202411,20794,10365,21864,5892,58915,0.3529491640499024,0.17593142663158787,0.37111092251548844,0.1000084868030213,27756,0.4711194093185097,28.18165298227763,2325253,25.337027841701527,10.983851006147441,3.232266876841846,2024-11-01,11,2024,47
QWO,202412,19776,9750,21323,5768,56617,0.3492943815461787,0.1722097603193387,0.37661833018351376,0.10187752795096879,27091,0.4784958581344826,28.18165298227763,2325253,24.348748286745572,10.944064572451126,3.19248044314553,2024-12-01,12,2024,48
QWO,202501,22377,11349,24536,6375,64637,0.34619490384764146,0.175580549839875,0.37959682534771105,0.0986277209647725,30911,0.47822454631248357,28.18165298227763,2325253,27.797835332327278,11.07654228122687,3.324958151921274,2025-01-01,1,2025,49
QWO,202502,19124,10036,21274,5605,56039,0.34126233515944254,0.1790895626260283,0.37962847302771285,0.10001962918681633,26879,0.4796481022145292,28.18165298227763,2325253,24.100173185455517,10.933803155894871,3.1822190265892756,2025-02-01,2,2025,50
QWO,202503,21662,11393,23447,6050,62552,0.3463038751758537,0.1821364624632306,0.3748401330093362,0.09671952935157949,29497,0.47155966236091573,28.18165298227763,2325253,26.90115871262181,11.04375348980435,3.2921693604987547,2025-03-01,3,2025,51
QWO,202504,20593,11336,22980,6235,61144,0.33679510663352086,0.18539840376815386,0.37583409655894284,0.10197239303938244,29215,0.4778064895983253,28.18165298227763,2325253,26.29563320636507,11.02098701692272,3.2694028876171246,2025-04-01,4,2025,52
QWO,202505,21064,11542,23937,6245,62788,0.3354781168376123,0.18382493470089825,0.3812352678855832,0.09946168057590622,30182,0.48069694846148947,28.18165298227763,2325253,27.002653044636432,11.047519251395098,3.295935122089502,2025-05-01,5,2025,53
QWO,202506,20877,11272,23095,6317,61561,0.3391270447198714,0.1831029385487565,0.3751563489871834,0.10261366774418869,29412,0.47777001673137215,28.18165298227763,2325253,26.474968530306164,11.027783832135368,3.2761997028297727,2025-06-01,6,2025,54
QWO,202507,22097,12084,24990,6831,66002,0.33479288506408894,0.18308536104966516,0.3786248901548438,0.10349686373140207,31821,0.4821217538862459,28.18165298227763,2325253,28.384868227242368,11.097440323579738,3.345856194274143,2025-07-01,7,2025,55
QWO,202508,19572,10673,21796,6003,58044,0.33719247467438496,0.18387774791537453,0.37550823513196885,0.10342154227827166,27799,0.4789297774102405,28.18165298227763,2325253,24.962444946850944,10.968956622610984,3.217372493305388,2025-08-01,8,2025,56
QWO,202509,20754,11235,22721,6525,61235,0.3389238180778966,0.18347350371519555,0.3710459704417408,0.10655670776516699,29246,0.4776026782069078,28.18165298227763,2325253,26.334768732692744,11.022474200455388,3.2708900711497924,2025-09-01,9,2025,57
QWO,202510,21543,11609,24526,6642,64320,0.3349347014925373,0.180488184079602,0.38131218905472636,0.10326492537313432,31168,0.4845771144278607,28.18165298227763,2325253,27.661506081273735,11.071625903852848,3.320041774547253,2025-10-01,10,2025,58
QWO,202511,19545,10980,22826,6265,59616,0.32784822866344604,0.18417874396135267,0.3828837895866881,0.10508923778851315,29091,0.48797302737520126,28.18165298227763,2325253,25.638500412643268,10.995679273401315,3.2440951440957195,2025-11-01,11,2025,59
QWO,202512,19916,11126,23686,6504,61232,0.32525476874836684,0.1817023778416514,0.3868238829370264,0.10621897047295532,30190,0.4930428534099817,28.18165298227763,2325253,26.33347855050612,11.022425207665483,3.2708410783598882,2025-12-01,12,2025,60
QWU,202101,6288,3016,4892,1025,15221,0.4131134616648052,0.198147296498259,0.32139806845805136,0.06734117337888444,5917,0.3887392418369358,19.45703873735049,899442,16.92271430509138,9.630431332279667,2.8286567612348357,2021-01-01,1,2021,1
QWU,202102,6289,3033,4762,967,15051,0.41784599029964786,0.20151484951166035,0.31639093747923724,0.06424822270945452,5729,0.38063916018869176,19.45703873735049,899442,16.733708232437444,9.619199713152362,2.8174251421075316,2021-02-01,2,2021,2
QWU,202103,7074,3345,5314,1133,16866,0.4194236926360726,0.1983279971540377,0.3150717419660856,0.06717656824380411,6447,0.3822483102098897,19.45703873735049,899442,18.75162600812504,9.733055040134587,2.931280469089756,2021-03-01,3,2021,3
QWU,202104,7232,3421,5186,1125,16964,0.42631454845555294,0.20166234378684272,0.30570620136760196,0.06631690639000236,6311,0.37202310775760433,19.45703873735049,899442,18.860582450007893,9.738848730594482,2.9370741595496503,2021-04-01,4,2021,4
QWU,202105,5995,2930,4736,1080,14741,0.40668882708093074,0.19876534834814463,0.3212807814937928,0.0732650430771318,5816,0.39454582457092463,19.45703873735049,899442,16.389050099950857,9.598388006047278,2.796613435002447,2021-05-01,5,2021,5
QWU,202106,6587,3181,4975,1175,15918,0.41380826737027265,0.19983666289734892,0.3125392637265988,0.07381580600577962,6150,0.38635506973237843,19.45703873735049,899442,17.697639202972507,9.675205823365795,2.8734312523209633,2021-06-01,6,2021,6
QWU,202107,6338,3115,5081,1064,15598,0.40633414540325685,0.19970509039620465,0.32574689062700346,0.06821387357353507,6145,0.39396076420053855,19.45703873735049,899442,17.341863066212163,9.654897979890443,2.853123408845612,2021-07-01,7,2021,7
QWU,202108,5600,2668,4471,992,13731,0.4078362828635933,0.19430485762144054,0.32561357512198674,0.07224528439297939,5463,0.39785885951496613,19.45703873735049,899442,15.266131668301014,9.527411329321751,2.7256367582769205,2021-08-01,8,2021,8
QWU,202109,6042,2858,4733,1161,14794,0.40840881438420984,0.19318642692983642,0.3199269974313911,0.07847776125456266,5894,0.39840475868595376,19.45703873735049,899442,16.44797552260179,9.601976972147813,2.800202401102982,2021-09-01,9,2021,9
QWU,202110,5689,2598,4493,1069,13849,0.41078778251137266,0.18759477218571738,0.324427756516716,0.07718968878619395,5562,0.40161744530290994,19.45703873735049,899442,15.397324118731392,9.535968306842717,2.7341937357978865,2021-10-01,10,2021,10
QWU,202111,6270,2839,4781,1086,14976,0.4186698717948718,0.18956997863247863,0.31924412393162394,0.07251602564102565,5867,0.3917601495726496,19.45703873735049,899442,16.65032320038424,9.614204198717374,2.8124296276725422,2021-11-01,11,2021,11
QWU,202112,5888,2761,4649,1138,14436,0.4078692158492657,0.19125796619562205,0.3220421169298975,0.07883070102521474,5787,0.4008728179551122,19.45703873735049,899442,16.049950969601152,9.577480365762678,2.775705794717848,2021-12-01,12,2021,12
QWU,202201,6313,3129,4885,1140,15467,0.408159306911489,0.20230167453287645,0.31583371048037756,0.07370530807525699,6025,0.38953901855563455,19.45703873735049,899442,17.196217210225896,9.64646400103814,2.8446894299933088,2022-01-01,1,2022,13
QWU,202202,6337,2976,4836,1027,15176,0.4175672113863996,0.19609910384818133,0.3186610437532947,0.0676726410121244,5863,0.38633368476541907,19.45703873735049,899442,16.872683285859452,9.62747051161485,2.825695940570019,2022-02-01,2,2022,14
QWU,202203,7075,3424,5472,1206,17177,0.41188798975374047,0.19933632182569716,0.3185655236653665,0.0702101647551959,6678,0.38877568842056237,19.45703873735049,899442,19.097395941039,9.751326558637025,2.9495519875921943,2022-03-01,3,2022,15
QWU,202204,5929,3061,4781,1057,14828,0.39985163204747776,0.20643377394119233,0.3224305368222282,0.0712840571891017,5838,0.3937145940113299,19.45703873735049,899442,16.48577673713258,9.604272564270623,2.8024979932257916,2022-04-01,4,2022,16
QWU,202205,6410,3206,5149,1109,15874,0.40380496409222627,0.2019654781403553,0.32436688925286633,0.0698626685145521,6258,0.3942295577674184,19.45703873735049,899442,17.64871998416796,9.672437829650821,2.8706632586059895,2022-05-01,5,2022,17
QWU,202206,6203,2967,4840,1106,15116,0.41035988356708125,0.19628208520772691,0.3201905265943371,0.07316750463085472,5946,0.39335803122519186,19.45703873735049,899442,16.80597526021689,9.62350906446938,2.8217344934245485,2022-06-01,6,2022,18
QWU,202207,6013,2905,4979,1116,15013,0.4005195497235729,0.19349896756144674,0.3316459068807034,0.07433557583427695,6095,0.40598148271498036,19.45703873735049,899442,16.691459816197153,9.616671771412305,2.814897200367474,2022-07-01,7,2022,19
QWU,202208,6044,2917,5085,1173,15219,0.3971351599973717,0.19166830935015441,0.3341218214074512,0.07707470924502267,6258,0.41119653065247386,19.45703873735049,899442,16.920490704236627,9.6302999262348,2.8285253551899685,2022-08-01,8,2022,20
QWU,202209,5402,2486,4709,1088,13685,0.3947387650712459,0.18165875045670443,0.3440993788819876,0.07950310559006211,5797,0.4236024844720497,19.45703873735049,899442,15.214988848641713,9.52405562147478,2.7222810504299484,2022-09-01,9,2022,21
QWU,202210,5682,2659,4496,1137,13974,0.40661227994847576,0.19028195219693717,0.3217403749821096,0.08136539287247746,5633,0.40310576785458707,19.45703873735049,899442,15.536299172153402,9.544953739112396,2.743179168067565,2022-10-01,10,2022,22
QWU,202211,6277,2921,4889,1163,15250,0.41160655737704915,0.19154098360655739,0.32059016393442624,0.07626229508196722,6052,0.39685245901639343,19.45703873735049,899442,16.954956517485282,9.632334782035558,2.8305602109907264,2022-11-01,11,2022,23
QWU,202212,5728,2974,4729,1085,14516,0.39459906310278314,0.20487737668779277,0.3257784513640121,0.07474510884541195,5814,0.4005235602094241,19.45703873735049,899442,16.138895003791237,9.583006768332961,2.7812321972881295,2022-12-01,12,2022,24
QWU,202301,6766,3158,5071,1160,16155,0.41881770349736924,0.1954812751470133,0.3138966264314454,0.07180439492417208,6231,0.38570102135561746,19.45703873735049,899442,17.96113590426064,9.689984878258599,2.8882103072137673,2023-01-01,1,2023,25
QWU,202302,6220,2933,4849,1087,15089,0.41222082311617736,0.19438001192921997,0.321359931075618,0.07203923387898468,5936,0.3933991649546027,19.45703873735049,899442,16.775956648677735,9.62172128051365,2.81994670946882,2023-02-01,2,2023,26
QWU,202303,7229,3248,5382,1236,17095,0.42287218484937117,0.18999707516817782,0.314828897338403,0.07230184264404797,6618,0.387130739982451,19.45703873735049,899442,19.00622830599416,9.746541302073402,2.9447667310285706,2023-03-01,3,2023,27
QWU,202304,6049,2362,4820,1100,14331,0.42209196845998187,0.1648175284348615,0.33633382178494176,0.07675668132021492,5920,0.41309050310515666,19.45703873735049,899442,15.933211924726663,9.570180302058072,2.76840573101324,2023-04-01,4,2023,28
QWU,202305,7020,2641,5529,1256,16446,0.4268515140459686,0.16058616076857596,0.33619117110543595,0.07637115408001946,6785,0.41256232518545544,19.45703873735049,899442,18.284669828627084,9.707837565530841,2.90606299448601,2023-05-01,5,2023,29
QWU,202306,7241,2823,5659,1293,17016,0.42554066760695813,0.16590267983074752,0.3325693464974142,0.07598730606488012,6952,0.4085566525622943,19.45703873735049,899442,18.91839607223145,9.741909356880074,2.940134785835242,2023-06-01,6,2023,30
QWU,202307,6608,2527,5226,1157,15518,0.4258280706276582,0.1628431498904498,0.3367702023456631,0.07455857713622889,6383,0.411328779481892,19.45703873735049,899442,17.252919032022074,9.649755919453895,2.8479813484090633,2023-07-01,7,2023,31
QWU,202308,6604,3002,5210,1207,16023,0.41215752355988267,0.1873556762154403,0.32515758597016786,0.07532921425450914,6417,0.40048680022467703,19.45703873735049,899442,17.814378247847,9.68178046900788,2.880005897963049,2023-08-01,8,2023,32
QWU,202309,6409,2955,5050,1223,15637,0.4098612265779881,0.18897486730191213,0.32295197288482447,0.07821193323527531,6273,0.4011639061200998,19.45703873735049,899442,17.385223282879828,9.65739517984351,2.855620608798679,2023-09-01,9,2023,33
QWU,202310,6508,3020,4914,1152,15594,0.41734000256508913,0.19366422983198667,0.31512120046171604,0.07387456714120816,6066,0.3889957676029242,19.45703873735049,899442,17.33741586450266,9.654641503869545,2.852866932824714,2023-10-01,10,2023,34
QWU,202311,6783,3168,5112,1225,16288,0.41644155206286837,0.1944990176817289,0.3138506876227898,0.07520874263261297,6337,0.38905943025540274,19.45703873735049,899442,18.10900536110166,9.69818391935025,2.896409348305418,2023-11-01,11,2023,35
QWU,202312,6059,2989,4773,1175,14996,0.40404107762069885,0.1993198186182982,0.3182848759669245,0.07835422779407843,5948,0.3966391037610029,19.45703873735049,899442,16.672559208931762,9.615538777855802,2.813764206810972,2023-12-01,12,2023,36
QWU,202401,7289,3624,5527,1261,17701,0.4117846449353144,0.20473419580814642,0.3122422462007796,0.07123891305575956,6788,0.3834811592565392,19.45703873735049,899442,19.679979364984067,9.781376414141157,2.9796018430963254,2024-01-01,1,2024,37
QWU,202402,6734,3243,4996,1187,16160,0.4167079207920792,0.20068069306930694,0.30915841584158416,0.0734529702970297,6183,0.38261138613861384,19.45703873735049,899442,17.96669490639752,9.690294332075087,2.8885197610302553,2024-02-01,2,2024,38
QWU,202403,6885,3353,5056,1217,16511,0.4169947307855369,0.2030767367209739,0.3062200956937799,0.07370843679970929,6273,0.3799285324934892,19.45703873735049,899442,18.356936856406527,9.711782104431833,2.9100075333870015,2024-03-01,3,2024,39
QWU,202404,7301,3573,5484,1284,17642,0.4138419680308355,0.20252805804330576,0.3108491100782224,0.07278086384763632,6768,0.38362997392585874,19.45703873735049,899442,19.61438313976888,9.778037701818713,2.976263130773881,2024-04-01,4,2024,40
QWU,202405,7258,3629,5503,1382,17772,0.40839522844924603,0.20419761422462301,0.3096443844249381,0.07776277290119289,6885,0.387407157326131,19.45703873735049,899442,19.75891719532777,9.785379464055799,2.983604893010968,2024-05-01,5,2024,41
QWU,202406,6529,3176,5124,1276,16105,0.4054020490530891,0.19720583669667804,0.31816206147159265,0.07923005277864018,6400,0.39739211425023285,19.45703873735049,899442,17.905545882891836,9.686885061765299,2.885110490720468,2024-06-01,6,2024,42
QWU,202407,6701,3468,5625,1429,17223,0.3890727515531557,0.20135864831910816,0.32659815363177147,0.0829704464959647,7054,0.40956860012773616,19.45703873735049,899442,19.148538760698298,9.754000978835746,2.9522264077909153,2024-07-01,7,2024,43
QWU,202408,6129,3230,5475,1383,16217,0.3779367330579022,0.1991737066041808,0.3376086822470247,0.08528087809089227,6858,0.422889560337917,19.45703873735049,899442,18.030067530757957,9.693815353719375,2.892040782674543,2024-08-01,8,2024,44
QWU,202409,5641,3092,5098,1250,15081,0.37404681387175914,0.20502619189708907,0.3380412439493402,0.08288575028181155,6348,0.42092699423115176,19.45703873735049,899442,16.767062245258725,9.621190952360685,2.8194163813158535,2024-09-01,9,2024,45
QWU,202410,6144,3615,5304,1350,16413,0.3743374154633522,0.22025223907877903,0.32315847194297204,0.08225187351489673,6654,0.40541034545786875,19.45703873735049,899442,18.247980414523674,9.705828982731935,2.9040544116871048,2024-10-01,10,2024,46
QWU,202411,5951,3531,5262,1310,16054,0.37068643328765416,0.2199451850006229,0.32776878036626383,0.08159960134545907,6572,0.40936838171172296,19.45703873735049,899442,17.848844061095654,9.683713318691522,2.881938747646691,2024-11-01,11,2024,47
QWU,202412,5463,3365,5045,1253,15126,0.36116620388734627,0.22246463043765702,0.33353166732778,0.08283749834721671,6298,0.4163691656749967,19.45703873735049,899442,16.81709326449065,9.624170396415975,2.8223958253711436,2024-12-01,12,2024,48
QWU,202501,6468,4040,5886,1446,17840,0.3625560538116592,0.226457399103139,0.329932735426009,0.08105381165919283,7332,0.41098654708520177,19.45703873735049,899442,19.834519624389344,9.789198406134,2.987423835089169,2025-01-01,1,2025,49
QWU,202502,5679,3745,5304,1373,16101,0.35271101173840136,0.2325942488044221,0.32942053288615614,0.08527420657102043,6677,0.41469473945717655,19.45703873735049,899442,17.901098681182333,9.686636660844938,2.8848620898001074,2025-02-01,2,2025,50
QWU,202503,6112,3834,5288,1294,16528,0.3697967086156825,0.2319699903194579,0.31994191674733785,0.07829138431752178,6582,0.39823330106485966,19.45703873735049,899442,18.37583746367192,9.71281119135942,2.9110366203145888,2025-03-01,3,2025,51
QWU,202504,5935,4008,5572,1372,16887,0.3514537810149819,0.23734233434002486,0.3299579558240066,0.08124592882098655,6944,0.4112038846449932,19.45703873735049,899442,18.774973817099937,9.734299374132137,2.9325248030873055,2025-04-01,4,2025,52
QWU,202505,5905,4049,5481,1459,16894,0.3495323783591808,0.23967088907304368,0.3244347105481236,0.08636202201965194,6940,0.41079673256777555,19.45703873735049,899442,18.782756420091566,9.734713808287442,2.9329392372426106,2025-05-01,5,2025,53
QWU,202506,6055,3937,5471,1322,16785,0.3607387548406315,0.23455466190050642,0.32594578492701815,0.0787607983318439,6793,0.40470658325886205,19.45703873735049,899442,18.661570173507574,9.728240909414135,2.926466338369304,2025-06-01,6,2025,54
QWU,202507,6314,4145,5914,1427,17800,0.3547191011235955,0.23286516853932585,0.33224719101123595,0.0801685393258427,7341,0.4124157303370787,19.45703873735049,899442,19.7900476072943,9.786953736280177,2.9851791652353454,2025-07-01,7,2025,55
QWU,202508,5505,3675,5060,1311,15551,0.3539965275544981,0.2363192077679892,0.3253810044370137,0.084303260240499,6371,0.4096842646775127,19.45703873735049,899442,17.289608446125484,9.651880224221337,2.8501056531765063,2025-08-01,8,2025,56
QWU,202509,5635,3449,4971,1333,15388,0.3661944372238108,0.2241356901481674,0.32304393033532625,0.0866259422926956,6304,0.40966987262802185,19.45703873735049,899442,17.108384976463185,9.641343263872185,2.8395686928273545,2025-09-01,9,2025,57
QWU,202510,5749,3680,5203,1364,15996,0.3594023505876469,0.23005751437859465,0.32526881720430106,0.08527131782945736,6567,0.4105401350337584,19.45703873735049,899442,17.784359636307844,9.680093969966709,2.878319398921878,2025-10-01,10,2025,58
QWU,202511,5617,3639,4900,1352,15508,0.36220015475883416,0.2346530822801135,0.31596595305648695,0.08718080990456538,6252,0.40314676296105234,19.45703873735049,899442,17.241801027748316,9.64911129879082,2.8473367277459887,2025-11-01,11,2025,59
QWU,202512,5714,3643,5097,1369,15823,0.36111988876951273,0.23023446881122417,0.3221260190861404,0.08651962333312267,6466,0.4086456424192631,19.45703873735049,899442,17.59201816237178,9.669219856718984,2.867445285674152,2025-12-01,12,2025,60
QXU,202101,5264,2210,4953,1079,13506,0.3897527025025914,0.16363097882422628,0.3667258996001777,0.07989041907300459,6032,0.4466163186731823,10.288583776280992,1026645,13.155472436918313,9.510889310134788,2.5768378269540713,2021-01-01,1,2021,1
QXU,202102,5154,2258,4714,1046,13172,0.39128454296993626,0.17142423322198602,0.35788035226237475,0.079410871545703,5760,0.4372912238080777,10.288583776280992,1026645,12.830140895830594,9.485848643496254,2.5517971603155387,2021-02-01,2,2021,2
QXU,202103,6160,2645,5378,1156,15339,0.4015907164743464,0.17243627355107896,0.3506095573375057,0.07536345263706891,6534,0.4259730099745746,10.288583776280992,1026645,14.940899726779948,9.638153883748108,2.704102400567393,2021-03-01,3,2021,3
QXU,202104,5799,2647,5203,1082,14731,0.393659629353065,0.17968909103251646,0.3532007331477836,0.07345054646663499,6285,0.42665127961441857,10.288583776280992,1026645,14.348679436416678,9.597709395814938,2.663657912634222,2021-04-01,4,2021,4
QXU,202105,5104,2299,4783,1136,13322,0.38312565680828703,0.1725716859330431,0.3590301756493019,0.08527248160936796,5919,0.44430265725866985,10.288583776280992,1026645,12.976247875361006,9.497172082973124,2.5631205997924087,2021-05-01,5,2021,5
QXU,202106,5359,2424,4792,1115,13690,0.3914536157779401,0.17706355003652302,0.350036523009496,0.08144631117604091,5907,0.4314828341855369,10.288583776280992,1026645,13.334696998475616,9.524420918282495,2.590369435101778,2021-06-01,6,2021,6
QXU,202107,5099,2229,4813,1138,13279,0.3839897582649296,0.16785902552903081,0.36245199186685745,0.08569922433918217,5951,0.4481512162060396,10.288583776280992,1026645,12.934363874562289,9.493939118990328,2.5598876358096114,2021-07-01,7,2021,7
QXU,202108,4481,1943,4405,974,11803,0.37964924171820724,0.16461916461916462,0.3732102007964077,0.08252139286622046,5379,0.45573159366262816,10.288583776280992,1026645,11.496671195983032,9.37610901542907,2.4420575322483526,2021-08-01,8,2021,8
QXU,202109,4710,2061,4448,1105,12324,0.3821811100292113,0.16723466407010712,0.3609217786432976,0.08966244725738397,5553,0.4505842259006816,10.288583776280992,1026645,12.004149438218663,9.419303859716559,2.485252376535842,2021-09-01,9,2021,9
QXU,202110,4883,1987,4436,1053,12359,0.39509669067076625,0.16077352536612993,0.35892871591552716,0.08520106804757667,5489,0.4441297839631038,10.288583776280992,1026645,12.03824106677576,9.422139821589736,2.4880883384090193,2021-10-01,10,2021,10
QXU,202111,5283,2219,4815,1169,13486,0.3917395817885214,0.16454100548717188,0.35703692718374613,0.08668248554056059,5984,0.4437194127243067,10.288583776280992,1026645,13.135991506314255,9.509407389294527,2.5753559061138107,2021-11-01,11,2021,11
QXU,202112,4869,2279,4742,1202,13092,0.3719065077910174,0.17407577146348915,0.36220592728383744,0.09181179346165598,5944,0.45401772074549346,10.288583776280992,1026645,12.752217173414374,9.47975663562107,2.545705152440355,2021-12-01,12,2021,12
QXU,202201,5499,2486,4921,1189,14095,0.390138346931536,0.17637460092231289,0.3491308974813764,0.08435615466477474,6110,0.43348705214615113,10.288583776280992,1026645,13.72918584320773,9.553575403548212,2.619523920367497,2022-01-01,1,2022,13
QXU,202202,5255,2372,4764,1105,13496,0.38937462951985774,0.1757557794902193,0.35299347954949617,0.0818761114404268,5869,0.43486959098992295,10.288583776280992,1026645,13.145731971616284,9.510148624225804,2.576097141045088,2022-02-01,2,2022,14
QXU,202203,5923,2761,5323,1309,15316,0.38671977017498044,0.1802689997388352,0.347545050927135,0.08546617915904936,6632,0.43301123008618436,10.288583776280992,1026645,14.918496656585285,9.636653312597184,2.702601829416469,2022-03-01,3,2022,15
QXU,202204,5315,2359,4683,1153,13510,0.39341228719467064,0.17461139896373057,0.3466321243523316,0.08534418948926721,5836,0.4319763138415988,10.288583776280992,1026645,13.159368623039123,9.511185430954244,2.5771339477735284,2022-04-01,4,2022,16
QXU,202205,5323,2432,4885,1159,13799,0.3857525907674469,0.1762446554098123,0.3540111602290021,0.08399159359373867,6044,0.4380027538227408,10.288583776280992,1026645,13.440868070267717,9.532351404751555,2.5982999215708382,2022-05-01,5,2022,17
QXU,202206,5101,2253,4635,1108,13097,0.3894785065282126,0.17202412766282354,0.35389783919981677,0.08459952660914713,5743,0.43849736580896387,10.288583776280992,1026645,12.757087406065388,9.480138475329403,2.5460869921486866,2022-06-01,6,2022,18
QXU,202207,4978,2309,4740,1154,13181,0.37766482057507017,0.1751763902587057,0.3596085274258402,0.08755026174038388,5894,0.4471587891662241,10.288583776280992,1026645,12.83890731460242,9.486531677712465,2.5524801945317495,2022-07-01,7,2022,19
QXU,202208,4850,2080,4661,1149,12740,0.38069073783359497,0.16326530612244897,0.36585557299843013,0.0901883830455259,5810,0.45604395604395603,10.288583776280992,1026645,12.409352794783008,9.452501929126154,2.518450445945438,2022-08-01,8,2022,20
QXU,202209,4519,1781,4184,1071,11555,0.39108610990913023,0.15413241021202942,0.36209433145824316,0.09268714842059714,5255,0.4547814798788403,10.288583776280992,1026645,11.25510765649275,9.35487352270848,2.420822039527765,2022-09-01,9,2022,21
QXU,202210,4792,2012,4305,1181,12290,0.38991049633848657,0.16371033360455656,0.35028478437754274,0.09609438567941415,5486,0.4463791700569569,10.288583776280992,1026645,11.97103185619177,9.416541202560081,2.4824897193793642,2022-10-01,10,2022,22
QXU,202211,5348,2234,4611,1169,13362,0.4002394851070199,0.16719054033827271,0.3450830713964975,0.08748690315820985,5780,0.43256997455470736,10.288583776280992,1026645,13.015209736569116,9.500170136485423,2.5661186533047062,2022-11-01,11,2022,23
QXU,202212,5047,2038,4541,1123,12749,0.3958741862106832,0.1598556749548984,0.3561847988077496,0.08808534002666876,5664,0.4442701388344184,10.288583776280992,1026645,12.418119213554832,9.453208116138121,2.519156632957406,2022-12-01,12,2022,24
QXU,202301,5620,2458,4859,1211,14148,0.39722929035906135,0.17373480350579587,0.34344076901328807,0.08559513712185468,6070,0.42903590613514275,10.288583776280992,1026645,13.780810309308476,9.557328550325371,2.623277067144655,2023-01-01,1,2023,25
QXU,202302,5240,2238,4436,1172,13086,0.40042793825462325,0.1710224667583677,0.33898823169799785,0.08956136328901115,5608,0.428549594987009,10.288583776280992,1026645,12.746372894233156,9.479298235429685,2.5452467522489677,2023-02-01,2,2023,26
QXU,202303,5790,2474,5062,1228,14554,0.3978287755943383,0.1699876322660437,0.3478081627044112,0.08437542943520682,6290,0.432183592139618,10.288583776280992,1026645,14.17627320057079,9.585621148907032,2.6515696657263157,2023-03-01,3,2023,27
QXU,202304,5247,2024,4438,1099,12808,0.40966583385384137,0.1580262336039975,0.34650218613366646,0.08580574640849468,5537,0.43230793254216116,10.288583776280992,1026645,12.475587958836794,9.45782525467655,2.5237737714958346,2023-04-01,4,2023,28
QXU,202305,6049,2380,4927,1252,14608,0.4140881708652793,0.16292442497261775,0.33728094194961666,0.0857064622124863,6179,0.42298740416210295,10.288583776280992,1026645,14.22887171320174,9.58932460283475,2.6552731196540336,2023-05-01,5,2023,29
QXU,202306,5798,2423,5078,1195,14494,0.4000275976266041,0.16717262315440873,0.3503518697392024,0.08244790947978474,6273,0.43279977921898716,10.288583776280992,1026645,14.117830408758627,9.581490049669227,2.6474385664885105,2023-06-01,6,2023,30
QXU,202307,5399,2199,4670,1187,13455,0.40126347082868824,0.16343366778149387,0.34708286882199924,0.08821999256781865,5857,0.4353028613898179,10.288583776280992,1026645,13.105796063877971,9.507106063161006,2.57305457998029,2023-07-01,7,2023,31
QXU,202308,5384,2488,4517,1189,13578,0.39652378848136693,0.18323759021947267,0.3326704963912211,0.08756812490793932,5706,0.4202386212991604,10.288583776280992,1026645,13.22560378709291,9.516206114861593,2.582154631680876,2023-08-01,8,2023,32
QXU,202309,5023,2412,4186,1167,12788,0.39279011573350014,0.1886143259305599,0.3273381294964029,0.09125742883953707,5353,0.4185955583359399,10.288583776280992,1026645,12.456107028232738,9.456262510179732,2.522211026999016,2023-09-01,9,2023,33
QXU,202310,5319,2513,4258,1147,13237,0.40182820880864245,0.18984664198836596,0.321674095338823,0.08665105386416862,5405,0.4083251492029916,10.288583776280992,1026645,12.893453920293773,9.490771217713771,2.5567197345330546,2023-10-01,10,2023,34
QXU,202311,5537,2640,4360,1144,13681,0.4047218770557708,0.19296835026679338,0.31869015422849206,0.08361961844894379,5504,0.40230977267743584,10.288583776280992,1026645,13.325930579703792,9.523763287920113,2.5897118047393977,2023-11-01,11,2023,35
QXU,202312,5038,2503,4095,1081,12717,0.396162616969411,0.1968231501140206,0.32200990799716916,0.08500432491939923,5176,0.40701423291656835,10.288583776280992,1026645,12.386949724588344,9.450694960020746,2.5166434768400308,2023-12-01,12,2023,36
QXU,202401,6113,3018,4629,1208,14968,0.4084045964724746,0.20163014430785675,0.30925975414216994,0.08070550507749866,5837,0.3899652592196686,10.288583776280992,1026645,14.57952846407473,9.613669867953925,2.6796183847732093,2024-01-01,1,2024,37
QXU,202402,5438,2709,4359,1103,13609,0.3995885076052612,0.19905944595488279,0.3203027408332721,0.08104930560658388,5462,0.401352046439856,10.288583776280992,1026645,13.255799229529195,9.518486617560317,2.5844351343796013,2024-02-01,2,2024,38
QXU,202403,5796,2813,4413,1117,14139,0.4099299809038829,0.19895324987622887,0.3121154254190537,0.07900134380083457,5530,0.39111676921988825,10.288583776280992,1026645,13.77204389053665,9.556692215591841,2.6226407324111243,2024-03-01,3,2024,39
QXU,202404,6311,3095,4798,1160,15364,0.4107654256703983,0.20144493621452747,0.3122884665451705,0.07550117156990367,5958,0.3877896381150742,10.288583776280992,1026645,14.965250890035017,9.639782389465795,2.7057309062850794,2024-04-01,4,2024,40
QXU,202405,5680,2834,4736,1236,14486,0.39210271986745826,0.1956371669197846,0.32693635234019053,0.08532376087256661,5972,0.41226011321275713,10.288583776280992,1026645,14.110038036517004,9.580937944755272,2.6468864615745553,2024-05-01,5,2024,41
QXU,202406,5385,2786,4509,1174,13854,0.38869640537029015,0.2010971560560127,0.3254655695106107,0.08474086906308648,5683,0.41020643857369715,10.288583776280992,1026645,13.494440629428869,9.536329278582551,2.602277795401834,2024-06-01,6,2024,42
QXU,202407,5421,2705,4683,1201,14010,0.3869379014989293,0.19307637401855818,0.33426124197002144,0.08572448251249108,5884,0.4199857244825125,10.288583776280992,1026645,13.646391888140496,9.547526639331053,2.6134751561503364,2024-07-01,7,2024,43
QXU,202408,4850,2521,4545,1107,13023,0.3724180296398679,0.19358058819012516,0.34899792674498964,0.08500345542501728,5652,0.4340013821700069,10.288583776280992,1026645,12.685007962830385,9.474472303967703,2.540420820786987,2024-08-01,8,2024,44
QXU,202409,4677,2462,4350,1137,12626,0.37042610486298116,0.1949944558846824,0.34452716616505624,0.09005227308728021,5487,0.43457943925233644,10.288583776280992,1026645,12.298311490339893,9.44351345892757,2.509461975746855,2024-09-01,9,2024,45
QXU,202410,5028,2497,4545,1150,13220,0.38033282904689864,0.18888048411497732,0.3437972768532526,0.08698940998487141,5695,0.43078668683812404,10.288583776280992,1026645,12.876895129280326,9.489486113405677,2.555434630224961,2024-10-01,10,2024,46
QXU,202411,4946,2844,4728,1202,13720,0.3604956268221574,0.20728862973760934,0.3446064139941691,0.08760932944606414,5930,0.4322157434402332,10.288583776280992,1026645,13.3639183943817,9.526609901279876,2.59255841809916,2024-11-01,11,2024,47
QXU,202412,4532,2617,4394,1030,12573,0.36045494313210846,0.20814443649089318,0.3494790423924282,0.08192157798457012,5424,0.43140062037699833,10.288583776280992,1026645,12.246687024239147,9.439306936593182,2.505255453412465,2024-12-01,12,2024,48
QXU,202501,5326,3210,4830,1228,14594,0.3649444977387968,0.21995340550911333,0.33095792791558176,0.08414416883650816,6058,0.4151020967520899,10.288583776280992,1026645,14.215235061778902,9.588365764325566,2.6543142811448495,2025-01-01,1,2025,49
QXU,202502,4824,2953,4328,1159,13264,0.36369119420989143,0.22263268998793728,0.32629674306393247,0.08737937273823884,5487,0.4136761158021713,10.288583776280992,1026645,12.919753176609246,9.492808877375076,2.5587573941943598,2025-02-01,2,2025,50
QXU,202503,5258,3227,4664,1155,14304,0.367589485458613,0.22560123042505592,0.32606263982102907,0.08074664429530201,5819,0.4068092841163311,10.288583776280992,1026645,13.932761568020105,9.568294497413296,2.6342430142325792,2025-03-01,3,2025,51
QXU,202504,4744,3155,4513,1148,13560,0.34985250737463125,0.23266961651917403,0.33281710914454277,0.08466076696165192,5661,0.4174778761061947,10.288583776280992,1026645,13.20807094954926,9.514879561494386,2.5808280783136706,2025-04-01,4,2025,52
QXU,202505,4960,3137,4649,1177,13923,0.3562450621274151,0.22531063707534296,0.33390792214321624,0.08453637865402572,5826,0.418444300797242,10.288583776280992,1026645,13.561649840012858,9.541297427909285,2.6072459447285694,2025-05-01,5,2025,53
QXU,202506,5002,3004,4454,1124,13584,0.36822732626619553,0.22114252061248527,0.32788574793875147,0.08274440518256773,5578,0.4106301531213192,10.288583776280992,1026645,13.231448066274126,9.516647908551128,2.5825964253704123,2025-06-01,6,2025,54
QXU,202507,4881,3207,4630,1193,13911,0.350873409532025,0.23053698511968945,0.3328301344259938,0.0857594709222917,5823,0.41858960534828554,10.288583776280992,1026645,13.549961281650425,9.54043517305957,2.606383689878854,2025-07-01,7,2025,55
QXU,202508,4262,2648,4193,1075,12178,0.3499753654130399,0.2174412875677451,0.34430941041221874,0.08827393660699623,5268,0.43258334701921497,10.288583776280992,1026645,11.861938644809063,9.40738632416852,2.4733348409878033,2025-08-01,8,2025,56
QXU,202509,4653,2880,4147,1210,12890,0.36097750193948797,0.22342901474010862,0.321722265321955,0.09387121799844841,5357,0.4155934833204034,10.288583776280992,1026645,12.55545977431342,9.464207095933233,2.530155612752517,2025-09-01,9,2025,57
QXU,202510,4682,2888,4450,1173,13193,0.35488516637610856,0.21890396422345182,0.3373000833775487,0.08891078602289093,5623,0.4262108694004396,10.288583776280992,1026645,12.85059587296485,9.487441664883777,2.5533901817030604,2025-10-01,10,2025,58
QXU,202511,4728,2927,4346,1057,13058,0.36207688773165875,0.2241537754633175,0.3328227906264359,0.08094654617858783,5403,0.41376933680502376,10.288583776280992,1026645,12.71909959138748,9.477156251746578,2.5431047685658625,2025-11-01,11,2025,59
QXU,202512,4530,2965,4440,1123,13058,0.346913769336805,0.22706386889263286,0.3400214427936897,0.08600091897687241,5563,0.42602236177056213,10.288583776280992,1026645,12.71909959138748,9.477156251746578,2.5431047685658625,2025-12-01,12,2025,60
QYG,202101,18624,8266,16144,3544,46578,0.3998454205848255,0.1774657563656662,0.34660139980248184,0.0760874232470265,19688,0.42268882304950833,28.115912953306786,2442689,19.06833002482101,10.748883605633734,2.9480288449765757,2021-01-01,1,2021,1
QYG,202102,18699,8316,15539,3400,45954,0.4069069069069069,0.1809635722679201,0.33814249031640337,0.07398703050876963,18939,0.412129520825173,28.115912953306786,2442689,18.81287384517636,10.735396175137648,2.9345414144804884,2021-02-01,2,2021,2
QYG,202103,21256,9065,17403,3747,51471,0.4129704105224301,0.1761185910512716,0.33811272366963924,0.07279827475665909,21150,0.4109109984262983,28.115912953306786,2442689,21.071450356553783,10.848773821251536,3.0479190605943756,2021-03-01,3,2021,3
QYG,202104,20816,9018,16667,3683,50184,0.4147935597003029,0.1796987087517934,0.33211780647218236,0.07338992507572134,20350,0.4055077315479037,28.115912953306786,2442689,20.5445719860367,10.823451529776579,3.0225967691194193,2021-04-01,4,2021,4
QYG,202105,17434,7759,14685,3318,43196,0.4036021853875359,0.17962311325122696,0.33996203352162235,0.07681266783961478,18003,0.4167747013612372,28.115912953306786,2442689,17.683790281939288,10.67350317735265,2.8726484166954904,2021-05-01,5,2021,5
QYG,202106,18305,8300,16064,3691,46360,0.3948446937014668,0.17903364969801552,0.3465056082830026,0.07961604831751509,19755,0.4261216566005177,28.115912953306786,2442689,18.97908411590669,10.744192297453688,2.943337536796528,2021-06-01,6,2021,6
QYG,202107,18054,8052,15950,3456,45512,0.3966865881525751,0.1769203726489717,0.35045702232378273,0.07593601687467041,19406,0.42639303919845317,28.115912953306786,2442689,18.631925717928073,10.725731306430482,2.9248765457733237,2021-07-01,7,2021,7
QYG,202108,16106,7080,14186,3158,40530,0.39738465334320255,0.17468541820873426,0.35001233654083397,0.07791759190722922,17344,0.42792992844806316,28.115912953306786,2442689,16.59237012980367,10.609797719622355,2.8089429589651944,2021-08-01,8,2021,8
QYG,202109,17650,7697,15509,3585,44441,0.3971557795729169,0.17319592268400802,0.3489795459148084,0.08066875182826669,19094,0.4296482977430751,28.115912953306786,2442689,18.19347448651875,10.70191774575062,2.9010629850934597,2021-09-01,9,2021,9
QYG,202110,17073,7356,14744,3316,42489,0.40182164795594155,0.1731271623243663,0.34700746075454825,0.07804372896514392,18060,0.42505118971969214,28.115912953306786,2442689,17.39435515532268,10.657000497882507,2.8561457372253463,2021-10-01,10,2021,10
QYG,202111,18284,8174,15409,3643,45510,0.40175785541639203,0.17960887716985277,0.3385849263898044,0.08004834102395078,19052,0.41863326741375523,28.115912953306786,2442689,18.631106948121516,10.725687361010687,2.9248326003535277,2021-11-01,11,2021,11
QYG,202112,17209,8063,15399,3507,44178,0.3895377789850152,0.18251165738602926,0.3485671601249491,0.07938340350400652,18906,0.4279505636289556,28.115912953306786,2442689,18.085806256956985,10.695982206596772,2.895127445939612,2021-12-01,12,2021,12
QYG,202201,18815,8422,15809,3659,46705,0.40284766085001605,0.1803233058559041,0.3384862434428862,0.07834278985119367,19468,0.4168290332940799,28.115912953306786,2442689,19.120321907537146,10.751606504306949,2.950751743649789,2022-01-01,1,2022,13
QYG,202202,17709,8165,14801,3367,44042,0.4020934562463103,0.18539121747422915,0.3360655737704918,0.07644975250896871,18168,0.4125153262794605,28.115912953306786,2442689,18.030129910111356,10.692899003066138,2.8920442424089776,2022-02-01,2,2022,14
QYG,202203,21048,9991,17166,3904,52109,0.40392254696885377,0.19173271411848242,0.32942485942927324,0.07491987948339059,21070,0.4043447389126638,28.115912953306786,2442689,21.3326379248443,10.861092957544496,3.0602381968873362,2022-03-01,3,2022,15
QYG,202204,18061,8273,15234,3599,45167,0.3998715876635597,0.1831646998915137,0.3372816436779064,0.07968206876702016,18833,0.4169637124449266,28.115912953306786,2442689,18.490687926297618,10.718122010680352,2.9172672500231913,2022-04-01,4,2022,16
QYG,202205,18664,8653,16053,3836,47206,0.39537346947421936,0.18330296996144557,0.34006270389357285,0.08126085667076219,19889,0.42132356056433506,28.115912953306786,2442689,19.32542374407876,10.762276282138824,2.9614215214816646,2022-05-01,5,2022,17
QYG,202206,18179,8172,15702,3587,45640,0.3983128834355828,0.17905346187554777,0.34404031551270814,0.07859333917616126,19289,0.42263365468886943,28.115912953306786,2442689,18.684326985547486,10.728539803976012,2.927685043318852,2022-06-01,6,2022,18
QYG,202207,17490,7808,15201,3536,44035,0.397184058135574,0.17731350062450324,0.34520267968661295,0.08029976155330987,18737,0.4255024412399228,28.115912953306786,2442689,18.02726421578842,10.69274005123956,2.8918852905824,2022-07-01,7,2022,19
QYG,202208,17511,7653,15184,3650,43998,0.39799536342561026,0.17393972453293333,0.3451065957543525,0.08295831628710396,18834,0.4280649120414564,28.115912953306786,2442689,18.01211697436718,10.691899457321854,2.8910446966646948,2022-08-01,8,2022,20
QYG,202209,16700,7082,14422,3520,41724,0.40024925702233727,0.1697344454031253,0.345652382321925,0.0843639152526124,17942,0.4300162975745374,28.115912953306786,2442689,17.081175704316024,10.638831781795862,2.837977021138702,2022-09-01,9,2022,21
QYG,202210,17257,7982,14355,3526,43120,0.400208719851577,0.1851113172541744,0.33290816326530615,0.08177179962894249,17881,0.41467996289424863,28.115912953306786,2442689,17.652677029290263,10.671742205582879,2.870887444925719,2022-10-01,10,2022,22
QYG,202211,18880,8556,15572,3750,46758,0.40378117113649004,0.18298472988579495,0.33303391932931264,0.08020017964840241,19322,0.41323409897771507,28.115912953306786,2442689,19.14201930741081,10.752740643071617,2.951885882414456,2022-11-01,11,2022,23
QYG,202212,17701,7994,14864,3480,44039,0.4019391902631758,0.18152092463498262,0.3375190172347238,0.07902086786711779,18344,0.41653988510184153,28.115912953306786,2442689,18.028901755401527,10.692830883948481,2.891976123291321,2022-12-01,12,2022,24
QYG,202301,19343,8927,15521,3599,47390,0.40816627980586623,0.18837307448828866,0.3275163536611099,0.07594429204473517,19120,0.4034606457058451,28.115912953306786,2442689,19.40075056628167,10.766166514961634,2.9653117543044742,2023-01-01,1,2023,25
QYG,202302,18728,8658,15002,3531,45919,0.40784860297480346,0.18854940220823624,0.32670572094340034,0.07689627387355996,18533,0.4036019948169603,28.115912953306786,2442689,18.798545373561677,10.73463425375284,2.9337794930956815,2023-02-01,2,2023,26
QYG,202303,21199,9444,17134,4048,51825,0.409049686444766,0.1822286541244573,0.3306126386878919,0.07810902074288471,21182,0.40872165943077665,28.115912953306786,2442689,21.216372612313723,10.85562793730398,3.0547731766468202,2023-03-01,3,2023,27
QYG,202304,17777,7274,14531,3489,43071,0.41273710849527523,0.16888393582689049,0.337373174525783,0.08100578115205126,18020,0.4183789556778343,28.115912953306786,2442689,17.632617169029704,10.670605195795803,2.8697504351386436,2023-04-01,4,2023,28
QYG,202305,19796,7950,16021,3919,47686,0.41513232395252275,0.16671559786939563,0.3359686281088789,0.0821834500692027,19940,0.41815207817808164,28.115912953306786,2442689,19.52192849765156,10.772393132748352,2.9715383720911923,2023-05-01,5,2023,29
QYG,202306,20653,8267,16829,3882,49631,0.4161310471278032,0.1665692812959642,0.33908242832100904,0.07821724325522356,20711,0.4172996715762326,28.115912953306786,2442689,20.318182134524697,10.81237091748186,3.011516156824701,2023-06-01,6,2023,30
QYG,202307,18550,7712,15253,3815,45330,0.40922126626957867,0.17013015662916392,0.33648797705713657,0.08416060004412089,19068,0.42064857710125747,28.115912953306786,2442689,18.557417665531716,10.721724343934895,2.920869583277735,2023-07-01,7,2023,31
QYG,202308,18949,8723,15455,3885,47012,0.40306730196545565,0.18554837062877563,0.3287458521228622,0.08263847528290649,19340,0.41138432740576875,28.115912953306786,2442689,19.246003072843084,10.758158167252745,2.9573034065955848,2023-08-01,8,2023,32
QYG,202309,18556,8344,15022,3724,45646,0.406519738859922,0.18279805459404985,0.3290978398983482,0.08158436664767997,18746,0.4106822065460281,28.115912953306786,2442689,18.686783294967146,10.728671258963823,2.9278164983066626,2023-09-01,9,2023,33
QYG,202310,18614,8831,15176,3819,46440,0.4008182601205857,0.19015934539190354,0.3267872523686477,0.08223514211886306,18995,0.40902239448751077,28.115912953306786,2442689,19.011834908168826,10.745916435811829,2.945061675154668,2023-10-01,10,2023,34
QYG,202311,19441,9443,15390,3883,48157,0.4037003966193907,0.19608779616670474,0.31957970803829144,0.08063209917561309,19273,0.40021180721390454,28.115912953306786,2442689,19.71474878709488,10.78222178568365,2.9813670250264894,2023-11-01,11,2023,35
QYG,202312,17276,8916,14595,3744,44531,0.3879544586916979,0.2002200714109272,0.32774920841660865,0.0840762614807662,18339,0.41182546989737484,28.115912953306786,2442689,18.23031912781365,10.703940854834315,2.903086094177155,2023-12-01,12,2023,36
QYG,202401,20736,9969,16313,3991,51009,0.40651649708874904,0.19543609951185084,0.3198063086906232,0.07824109470877688,20304,0.3980474033994001,28.115912953306786,2442689,20.882314531239956,10.839757366725596,3.0389026060684357,2024-01-01,1,2024,37
QYG,202402,19806,9340,14990,3763,47899,0.4134950625274014,0.19499363243491513,0.31295016597423747,0.078561139063446,18753,0.39151130503768344,28.115912953306786,2442689,19.609127482049495,10.77684990635436,2.9759951456972003,2024-02-01,2,2024,38
QYG,202403,20085,9453,15555,3848,48941,0.41039210477922394,0.19315093684232035,0.3178316748738277,0.07862528350462802,19403,0.3964569583784557,28.115912953306786,2442689,20.035706551263793,10.798370769971397,2.9975160093142383,2024-03-01,3,2024,39
QYG,202404,20914,9742,16584,4019,51259,0.4080063988762949,0.19005442946604498,0.32353342827601006,0.07840574338165004,20603,0.40193917165766013,28.115912953306786,2442689,20.984660757059125,10.844646491339164,3.043791730682004,2024-04-01,4,2024,40
QYG,202405,20444,9621,15905,4021,49991,0.408953611650097,0.1924546418355304,0.3181572683082955,0.08043447820607709,19926,0.39859174651437257,28.115912953306786,2442689,20.4655606997043,10.819598268208338,3.018743507551179,2024-05-01,5,2024,41
QYG,202406,18539,8706,14865,3825,45935,0.4035920322194405,0.18952868183302493,0.3236094481332317,0.08326983781430282,18690,0.4068792859475346,28.115912953306786,2442689,18.805095532014104,10.734982632705567,2.934127872048407,2024-06-01,6,2024,42
QYG,202407,18890,9314,15773,4034,48011,0.39345150069775675,0.1939972089729437,0.32852887879860865,0.08402241153069089,19807,0.41255129032929955,28.115912953306786,2442689,19.654978591216484,10.779185430302025,2.9783306696448655,2024-07-01,7,2024,43
QYG,202408,17440,9096,15434,3847,45817,0.38064473885239103,0.19852893030971036,0.33686186350044744,0.08396446733745117,19281,0.4208263308378986,28.115912953306786,2442689,18.756788113427454,10.73241048027168,2.9315557196145194,2024-08-01,8,2024,44
QYG,202409,16337,8734,14511,3793,43375,0.37664553314121035,0.20136023054755042,0.33454755043227663,0.08744668587896254,18304,0.42199423631123917,28.115912953306786,2442689,17.757070179625813,10.67763851724916,2.8767837565920003,2024-09-01,9,2024,45
QYG,202410,18006,9797,15889,4000,47692,0.3775475970812715,0.20542229304705192,0.3331586010232324,0.08387150884844419,19889,0.4170301098716766,28.115912953306786,2442689,19.524384807071225,10.772518947926022,2.9716641872688627,2024-10-01,10,2024,46
QYG,202411,17398,9532,15654,3880,46464,0.37444042699724517,0.20514807162534435,0.3369059917355372,0.08350550964187328,19534,0.42041150137741046,28.115912953306786,2442689,19.021660145847466,10.746433098184468,2.945578337527308,2024-11-01,11,2024,47
QYG,202412,16156,9192,15020,3719,44087,0.36645723229069793,0.2084968358019371,0.3406899993195273,0.08435593258783769,18739,0.425045931907365,28.115912953306786,2442689,18.04855223075881,10.693920233396923,2.8930654727397638,2024-12-01,12,2024,48
QYG,202501,18632,10765,16687,3927,50011,0.372558037231809,0.215252644418228,0.33366659334946314,0.0785227250004999,20614,0.41218931834996303,28.115912953306786,2442689,20.473748397769835,10.819998260213833,3.019143499556672,2025-01-01,1,2025,49
QYG,202502,16412,9551,15094,3732,44789,0.3664292571836835,0.2132443233829735,0.3370023889794369,0.08332403045390609,18826,0.42032641943334303,28.115912953306786,2442689,18.335940432859037,10.709717852539962,2.9088630918828025,2025-02-01,2,2025,50
QYG,202503,17792,10436,16076,4026,48330,0.368135733498862,0.215932133250569,0.3326298365404511,0.08330229671011793,20102,0.415932133250569,28.115912953306786,2442689,19.785572375361742,10.785807764839129,2.98495300418197,2025-03-01,3,2025,51
QYG,202504,16386,10034,15031,3755,45206,0.36247400787506084,0.2219616865017918,0.33250011060478696,0.08306419501836039,18786,0.4155643056231474,28.115912953306786,2442689,18.506653937525407,10.718985100373533,2.918130339716374,2025-04-01,4,2025,52
QYG,202505,16742,10394,15823,3849,46808,0.3576739018971116,0.22205605879336865,0.338040505896428,0.08222953341309178,19672,0.4202700393095197,28.115912953306786,2442689,19.16248855257464,10.753809407468072,2.952954646810912,2025-05-01,5,2025,53
QYG,202506,16388,9710,15072,3782,44952,0.3645666488699057,0.21600818651005518,0.3352909770421783,0.08413418757786083,18854,0.41942516462003915,28.115912953306786,2442689,18.40267017209313,10.713350532792035,2.912495772134874,2025-06-01,6,2025,54
QYG,202507,17285,10359,15781,4140,47565,0.3633974561126879,0.21778618732261115,0.33177756753915694,0.08703878902554399,19921,0.41881635656470095,28.115912953306786,2442689,19.472392924355088,10.769852475640558,2.9689977149833977,2025-07-01,7,2025,55
QYG,202508,15275,8917,14339,3777,42308,0.36104282877942706,0.21076392171693298,0.3389193533137941,0.0892738961898459,18116,0.42819324950363996,28.115912953306786,2442689,17.320256487829603,10.652731472447943,2.851876711790784,2025-08-01,8,2025,56
QYG,202509,16191,9474,14877,3862,44404,0.3646293126745338,0.21335915683271778,0.3350373840194577,0.0869741464732907,18739,0.4220115304927484,28.115912953306786,2442689,18.178327245097513,10.701084834452537,2.900230073795378,2025-09-01,9,2025,57
QYG,202510,16441,9959,15676,4014,46090,0.3567151225862443,0.2160772401822521,0.3401171620742027,0.08709047515730094,19690,0.42720763723150357,28.115912953306786,2442689,18.86855019202199,10.738351285714554,2.937496525057394,2025-10-01,10,2025,58
QYG,202511,16034,9502,14257,3668,43461,0.36892846460044637,0.21863279722049653,0.3280412323692506,0.0843975058098065,17925,0.4124387381790571,28.115912953306786,2442689,17.79227728130761,10.67961926320976,2.8787645025526016,2025-11-01,11,2025,59
QYG,202512,15825,9919,15413,4049,45206,0.3500641507764456,0.21941777640136265,0.34095031632969075,0.089567756492501,19462,0.43051807282219173,28.115912953306786,2442689,18.506653937525407,10.718985100373533,2.918130339716374,2025-12-01,12,2025,60
